2026-08-09T16:50:21Z DONE sentinel-core/src/main/java/com/alibaba/csp/sentinel/slots/block/degrade/circuitbreaker/AbstractCircuitBreaker.java wave5a
2026-08-09T16:50:21Z DONE sentinel-core/src/main/java/com/alibaba/csp/sentinel/slots/block/degrade/circuitbreaker/CircuitBreaker.java wave5a
2026-08-09T16:50:21Z DONE sentinel-core/src/main/java/com/alibaba/csp/sentinel/slots/block/degrade/circuitbreaker/CircuitBreakerStateChangeObserver.java wave5a
2026-08-09T16:50:21Z DONE sentinel-core/src/main/java/com/alibaba/csp/sentinel/slots/block/degrade/circuitbreaker/CircuitBreakerStrategy.java wave5a
2026-08-09T16:50:21Z DONE sentinel-core/src/main/java/com/alibaba/csp/sentinel/slots/block/degrade/circuitbreaker/EventObserverRegistry.java wave5a
2026-08-09T16:50:21Z DONE sentinel-core/src/main/java/com/alibaba/csp/sentinel/slots/block/degrade/circuitbreaker/ExceptionCircuitBreaker.java wave5a
2026-08-09T16:50:21Z DONE sentinel-core/src/main/java/com/alibaba/csp/sentinel/slots/block/degrade/circuitbreaker/ResponseTimeCircuitBreaker.java wave5a
2026-08-09T16:50:21Z DONE sentinel-core/src/main/java/com/alibaba/csp/sentinel/slots/block/flow/ClusterFlowConfig.java wave5a
2026-08-09T16:50:21Z DONE sentinel-core/src/main/java/com/alibaba/csp/sentinel/slots/block/flow/ColdFactorProperty.java wave5a
2026-08-09T16:50:21Z DONE sentinel-core/src/main/java/com/alibaba/csp/sentinel/slots/block/flow/FlowException.java wave5a
2026-08-09T16:50:21Z DONE sentinel-core/src/main/java/com/alibaba/csp/sentinel/slots/block/flow/FlowRule.java wave5a
2026-08-09T16:50:21Z DONE sentinel-core/src/main/java/com/alibaba/csp/sentinel/slots/block/flow/FlowRuleChecker.java wave5a
2026-08-09T16:50:21Z DONE sentinel-core/src/main/java/com/alibaba/csp/sentinel/slots/block/flow/FlowRuleComparator.java wave5a
2026-08-09T16:50:21Z DONE sentinel-core/src/main/java/com/alibaba/csp/sentinel/slots/block/flow/FlowRuleManager.java wave5a
2026-08-09T16:50:21Z DONE sentinel-core/src/main/java/com/alibaba/csp/sentinel/slots/block/flow/FlowRuleUtil.java wave5a
2026-08-09T16:55:38Z DONE sentinel-core/src/main/java/com/alibaba/csp/sentinel/slots/system/SystemSlot.java wave6b system/util [15:30]
2026-08-09T16:55:38Z DONE sentinel-core/src/main/java/com/alibaba/csp/sentinel/slots/system/SystemStatusListener.java wave6b system/util [15:30]
2026-08-09T16:55:38Z DONE sentinel-core/src/main/java/com/alibaba/csp/sentinel/spi/Spi.java wave6b system/util [15:30]
2026-08-09T16:55:38Z DONE sentinel-core/src/main/java/com/alibaba/csp/sentinel/spi/SpiLoaderException.java wave6b system/util [15:30]
2026-08-09T16:55:38Z DONE sentinel-core/src/main/java/com/alibaba/csp/sentinel/util/AppNameUtil.java wave6b system/util [15:30]
2026-08-09T16:55:38Z DONE sentinel-core/src/main/java/com/alibaba/csp/sentinel/util/AssertUtil.java wave6b system/util [15:30]
2026-08-09T16:55:38Z DONE sentinel-core/src/main/java/com/alibaba/csp/sentinel/util/ConfigUtil.java wave6b system/util [15:30]
2026-08-09T16:55:38Z DONE sentinel-core/src/main/java/com/alibaba/csp/sentinel/util/HostNameUtil.java wave6b system/util [15:30]
2026-08-09T16:55:38Z DONE sentinel-core/src/main/java/com/alibaba/csp/sentinel/util/IdUtil.java wave6b system/util [15:30]
2026-08-09T16:55:38Z DONE sentinel-core/src/main/java/com/alibaba/csp/sentinel/util/MethodUtil.java wave6b system/util [15:30]
2026-08-09T16:55:38Z DONE sentinel-core/src/main/java/com/alibaba/csp/sentinel/util/PidUtil.java wave6b system/util [15:30]
2026-08-09T16:55:38Z DONE sentinel-core/src/main/java/com/alibaba/csp/sentinel/util/StringUtil.java wave6b system/util [15:30]
2026-08-09T16:55:38Z DONE sentinel-core/src/main/java/com/alibaba/csp/sentinel/util/TimeUtil.java wave6b system/util [15:30]
2026-08-09T16:55:38Z DONE sentinel-core/src/main/java/com/alibaba/csp/sentinel/util/VersionUtil.java wave6b system/util [15:30]
2026-08-09T16:55:38Z DONE sentinel-core/src/main/java/com/alibaba/csp/sentinel/util/function/BiConsumer.java wave6b system/util [15:30]
2026-08-09T16:56:03Z DONE sentinel-core/src/main/java/com/alibaba/csp/sentinel/slots/statistic/MetricEvent.java wave6a statistic/system [0:15]
2026-08-09T16:56:03Z DONE sentinel-core/src/main/java/com/alibaba/csp/sentinel/slots/statistic/StatisticSlot.java wave6a statistic/system [0:15]
2026-08-09T16:56:03Z DONE sentinel-core/src/main/java/com/alibaba/csp/sentinel/slots/statistic/StatisticSlotCallbackRegistry.java wave6a statistic/system [0:15]
2026-08-09T16:56:03Z DONE sentinel-core/src/main/java/com/alibaba/csp/sentinel/slots/statistic/base/UnaryLeapArray.java wave6a statistic/system [0:15]
2026-08-09T16:56:03Z DONE sentinel-core/src/main/java/com/alibaba/csp/sentinel/slots/statistic/base/WindowWrap.java wave6a statistic/system [0:15]
2026-08-09T16:56:03Z DONE sentinel-core/src/main/java/com/alibaba/csp/sentinel/slots/statistic/data/MetricBucket.java wave6a statistic/system [0:15]
2026-08-09T16:56:03Z DONE sentinel-core/src/main/java/com/alibaba/csp/sentinel/slots/statistic/metric/ArrayMetric.java wave6a statistic/system [0:15]
2026-08-09T16:56:03Z DONE sentinel-core/src/main/java/com/alibaba/csp/sentinel/slots/statistic/metric/BucketLeapArray.java wave6a statistic/system [0:15]
2026-08-09T16:56:03Z DONE sentinel-core/src/main/java/com/alibaba/csp/sentinel/slots/statistic/metric/DebugSupport.java wave6a statistic/system [0:15]
2026-08-09T16:56:03Z DONE sentinel-core/src/main/java/com/alibaba/csp/sentinel/slots/statistic/metric/Metric.java wave6a statistic/system [0:15]
2026-08-09T16:56:03Z DONE sentinel-core/src/main/java/com/alibaba/csp/sentinel/slots/statistic/metric/occupy/FutureBucketLeapArray.java wave6a statistic/system [0:15]
2026-08-09T16:56:03Z DONE sentinel-core/src/main/java/com/alibaba/csp/sentinel/slots/statistic/metric/occupy/OccupiableBucketLeapArray.java wave6a statistic/system [0:15]
2026-08-09T16:56:03Z DONE sentinel-core/src/main/java/com/alibaba/csp/sentinel/slots/system/SystemBlockException.java wave6a statistic/system [0:15]
2026-08-09T16:56:03Z DONE sentinel-core/src/main/java/com/alibaba/csp/sentinel/slots/system/SystemRule.java wave6a statistic/system [0:15]
2026-08-09T16:56:03Z DONE sentinel-core/src/main/java/com/alibaba/csp/sentinel/slots/system/SystemRuleManager.java wave6a statistic/system [0:15]
2026-08-09T16:59:12Z DONE sentinel-adapter/sentinel-apache-dubbo-adapter/src/main/java/com/alibaba/csp/sentinel/adapter/dubbo/origin/DubboOriginParser.java wave7b dubbo3/httpclient [15:30]
2026-08-09T16:59:12Z DONE sentinel-adapter/sentinel-apache-dubbo3-adapter/src/main/java/com/alibaba/csp/sentinel/adapter/dubbo3/BaseSentinelDubboFilter.java wave7b dubbo3/httpclient [15:30]
2026-08-09T16:59:12Z DONE sentinel-adapter/sentinel-apache-dubbo3-adapter/src/main/java/com/alibaba/csp/sentinel/adapter/dubbo3/DubboAppContextFilter.java wave7b dubbo3/httpclient [15:30]
2026-08-09T16:59:12Z DONE sentinel-adapter/sentinel-apache-dubbo3-adapter/src/main/java/com/alibaba/csp/sentinel/adapter/dubbo3/DubboUtils.java wave7b dubbo3/httpclient [15:30]
2026-08-09T16:59:12Z DONE sentinel-adapter/sentinel-apache-dubbo3-adapter/src/main/java/com/alibaba/csp/sentinel/adapter/dubbo3/SentinelDubboConsumerFilter.java wave7b dubbo3/httpclient [15:30]
2026-08-09T16:59:12Z DONE sentinel-adapter/sentinel-apache-dubbo3-adapter/src/main/java/com/alibaba/csp/sentinel/adapter/dubbo3/SentinelDubboProviderFilter.java wave7b dubbo3/httpclient [15:30]
2026-08-09T16:59:12Z DONE sentinel-adapter/sentinel-apache-dubbo3-adapter/src/main/java/com/alibaba/csp/sentinel/adapter/dubbo3/config/DubboAdapterGlobalConfig.java wave7b dubbo3/httpclient [15:30]
2026-08-09T16:59:12Z DONE sentinel-adapter/sentinel-apache-dubbo3-adapter/src/main/java/com/alibaba/csp/sentinel/adapter/dubbo3/fallback/DefaultDubboFallback.java wave7b dubbo3/httpclient [15:30]
2026-08-09T16:59:12Z DONE sentinel-adapter/sentinel-apache-dubbo3-adapter/src/main/java/com/alibaba/csp/sentinel/adapter/dubbo3/fallback/DubboFallback.java wave7b dubbo3/httpclient [15:30]
2026-08-09T16:59:12Z DONE sentinel-adapter/sentinel-apache-dubbo3-adapter/src/main/java/com/alibaba/csp/sentinel/adapter/dubbo3/fallback/DubboFallbackRegistry.java wave7b dubbo3/httpclient [15:30]
2026-08-09T16:59:12Z DONE sentinel-adapter/sentinel-apache-dubbo3-adapter/src/main/java/com/alibaba/csp/sentinel/adapter/dubbo3/origin/DefaultDubboOriginParser.java wave7b dubbo3/httpclient [15:30]
2026-08-09T16:59:12Z DONE sentinel-adapter/sentinel-apache-dubbo3-adapter/src/main/java/com/alibaba/csp/sentinel/adapter/dubbo3/origin/DubboOriginParser.java wave7b dubbo3/httpclient [15:30]
2026-08-09T16:59:12Z DONE sentinel-adapter/sentinel-apache-httpclient-adapter/src/main/java/com/alibaba/csp/sentinel/adapter/apache/httpclient/SentinelApacheHttpClientBuilder.java wave7b dubbo3/httpclient [15:30]
2026-08-09T16:59:12Z DONE sentinel-adapter/sentinel-apache-httpclient-adapter/src/main/java/com/alibaba/csp/sentinel/adapter/apache/httpclient/config/SentinelApacheHttpClientConfig.java wave7b dubbo3/httpclient [15:30]
2026-08-09T16:59:12Z DONE sentinel-adapter/sentinel-apache-httpclient-adapter/src/main/java/com/alibaba/csp/sentinel/adapter/apache/httpclient/extractor/ApacheHttpClientResourceExtractor.java wave7b dubbo3/httpclient [15:30]
2026-08-09T16:59:15Z DONE sentinel-core/src/main/java/com/alibaba/csp/sentinel/util/function/Consumer.java wave7a util/dubbo [0:15]
2026-08-09T16:59:15Z DONE sentinel-core/src/main/java/com/alibaba/csp/sentinel/util/function/Function.java wave7a util/dubbo [0:15]
2026-08-09T16:59:15Z DONE sentinel-core/src/main/java/com/alibaba/csp/sentinel/util/function/Predicate.java wave7a util/dubbo [0:15]
2026-08-09T16:59:15Z DONE sentinel-core/src/main/java/com/alibaba/csp/sentinel/util/function/Supplier.java wave7a util/dubbo [0:15]
2026-08-09T16:59:15Z DONE sentinel-core/src/main/java/com/alibaba/csp/sentinel/util/function/Tuple2.java wave7a util/dubbo [0:15]
2026-08-09T16:59:15Z DONE sentinel-adapter/sentinel-apache-dubbo-adapter/src/main/java/com/alibaba/csp/sentinel/adapter/dubbo/BaseSentinelDubboFilter.java wave7a util/dubbo [0:15]
2026-08-09T16:59:15Z DONE sentinel-adapter/sentinel-apache-dubbo-adapter/src/main/java/com/alibaba/csp/sentinel/adapter/dubbo/DubboAppContextFilter.java wave7a util/dubbo [0:15]
2026-08-09T16:59:15Z DONE sentinel-adapter/sentinel-apache-dubbo-adapter/src/main/java/com/alibaba/csp/sentinel/adapter/dubbo/DubboUtils.java wave7a util/dubbo [0:15]
2026-08-09T16:59:15Z DONE sentinel-adapter/sentinel-apache-dubbo-adapter/src/main/java/com/alibaba/csp/sentinel/adapter/dubbo/SentinelDubboConsumerFilter.java wave7a util/dubbo [0:15]
2026-08-09T16:59:15Z DONE sentinel-adapter/sentinel-apache-dubbo-adapter/src/main/java/com/alibaba/csp/sentinel/adapter/dubbo/SentinelDubboProviderFilter.java wave7a util/dubbo [0:15]
2026-08-09T16:59:15Z DONE sentinel-adapter/sentinel-apache-dubbo-adapter/src/main/java/com/alibaba/csp/sentinel/adapter/dubbo/config/DubboAdapterGlobalConfig.java wave7a util/dubbo [0:15]
2026-08-09T16:59:15Z DONE sentinel-adapter/sentinel-apache-dubbo-adapter/src/main/java/com/alibaba/csp/sentinel/adapter/dubbo/fallback/DefaultDubboFallback.java wave7a util/dubbo [0:15]
2026-08-09T16:59:15Z DONE sentinel-adapter/sentinel-apache-dubbo-adapter/src/main/java/com/alibaba/csp/sentinel/adapter/dubbo/fallback/DubboFallback.java wave7a util/dubbo [0:15]
2026-08-09T16:59:15Z DONE sentinel-adapter/sentinel-apache-dubbo-adapter/src/main/java/com/alibaba/csp/sentinel/adapter/dubbo/fallback/DubboFallbackRegistry.java wave7a util/dubbo [0:15]
2026-08-09T16:59:15Z DONE sentinel-adapter/sentinel-apache-dubbo-adapter/src/main/java/com/alibaba/csp/sentinel/adapter/dubbo/origin/DefaultDubboOriginParser.java wave7a util/dubbo [0:15]
2026-08-09T17:00:24Z DONE sentinel-core/src/main/java/com/alibaba/csp/sentinel/util/function/Consumer.java wave7a util/dubbo [0:15]
2026-08-09T17:00:24Z DONE sentinel-core/src/main/java/com/alibaba/csp/sentinel/util/function/Function.java wave7a util/dubbo [0:15]
2026-08-09T17:00:24Z DONE sentinel-core/src/main/java/com/alibaba/csp/sentinel/util/function/Predicate.java wave7a util/dubbo [0:15]
2026-08-09T17:00:24Z DONE sentinel-core/src/main/java/com/alibaba/csp/sentinel/util/function/Supplier.java wave7a util/dubbo [0:15]
2026-08-09T17:00:24Z DONE sentinel-core/src/main/java/com/alibaba/csp/sentinel/util/function/Tuple2.java wave7a util/dubbo [0:15]
2026-08-09T17:00:24Z DONE sentinel-adapter/sentinel-apache-dubbo-adapter/src/main/java/com/alibaba/csp/sentinel/adapter/dubbo/BaseSentinelDubboFilter.java wave7a util/dubbo [0:15]
2026-08-09T17:00:24Z DONE sentinel-adapter/sentinel-apache-dubbo-adapter/src/main/java/com/alibaba/csp/sentinel/adapter/dubbo/DubboAppContextFilter.java wave7a util/dubbo [0:15]
2026-08-09T17:00:24Z DONE sentinel-adapter/sentinel-apache-dubbo-adapter/src/main/java/com/alibaba/csp/sentinel/adapter/dubbo/DubboUtils.java wave7a util/dubbo [0:15]
2026-08-09T17:00:24Z DONE sentinel-adapter/sentinel-apache-dubbo-adapter/src/main/java/com/alibaba/csp/sentinel/adapter/dubbo/SentinelDubboConsumerFilter.java wave7a util/dubbo [0:15]
2026-08-09T17:00:24Z DONE sentinel-adapter/sentinel-apache-dubbo-adapter/src/main/java/com/alibaba/csp/sentinel/adapter/dubbo/SentinelDubboProviderFilter.java wave7a util/dubbo [0:15]
2026-08-09T17:00:24Z DONE sentinel-adapter/sentinel-apache-dubbo-adapter/src/main/java/com/alibaba/csp/sentinel/adapter/dubbo/config/DubboAdapterGlobalConfig.java wave7a util/dubbo [0:15]
2026-08-09T17:00:24Z DONE sentinel-adapter/sentinel-apache-dubbo-adapter/src/main/java/com/alibaba/csp/sentinel/adapter/dubbo/fallback/DefaultDubboFallback.java wave7a util/dubbo [0:15]
2026-08-09T17:00:24Z DONE sentinel-adapter/sentinel-apache-dubbo-adapter/src/main/java/com/alibaba/csp/sentinel/adapter/dubbo/fallback/DubboFallback.java wave7a util/dubbo [0:15]
2026-08-09T17:00:24Z DONE sentinel-adapter/sentinel-apache-dubbo-adapter/src/main/java/com/alibaba/csp/sentinel/adapter/dubbo/fallback/DubboFallbackRegistry.java wave7a util/dubbo [0:15]
2026-08-09T17:00:24Z DONE sentinel-adapter/sentinel-apache-dubbo-adapter/src/main/java/com/alibaba/csp/sentinel/adapter/dubbo/origin/DefaultDubboOriginParser.java wave7a util/dubbo [0:15]
2026-08-09T17:00:24Z DONE sentinel-adapter/sentinel-apache-dubbo-adapter/src/main/java/com/alibaba/csp/sentinel/adapter/dubbo/origin/DubboOriginParser.java wave7b dubbo3/httpclient [15:30]
2026-08-09T17:00:24Z DONE sentinel-adapter/sentinel-apache-dubbo3-adapter/src/main/java/com/alibaba/csp/sentinel/adapter/dubbo3/BaseSentinelDubboFilter.java wave7b dubbo3/httpclient [15:30]
2026-08-09T17:00:24Z DONE sentinel-adapter/sentinel-apache-dubbo3-adapter/src/main/java/com/alibaba/csp/sentinel/adapter/dubbo3/DubboAppContextFilter.java wave7b dubbo3/httpclient [15:30]
2026-08-09T17:00:24Z DONE sentinel-adapter/sentinel-apache-dubbo3-adapter/src/main/java/com/alibaba/csp/sentinel/adapter/dubbo3/DubboUtils.java wave7b dubbo3/httpclient [15:30]
2026-08-09T17:00:24Z DONE sentinel-adapter/sentinel-apache-dubbo3-adapter/src/main/java/com/alibaba/csp/sentinel/adapter/dubbo3/SentinelDubboConsumerFilter.java wave7b dubbo3/httpclient [15:30]
2026-08-09T17:00:24Z DONE sentinel-adapter/sentinel-apache-dubbo3-adapter/src/main/java/com/alibaba/csp/sentinel/adapter/dubbo3/SentinelDubboProviderFilter.java wave7b dubbo3/httpclient [15:30]
2026-08-09T17:00:24Z DONE sentinel-adapter/sentinel-apache-dubbo3-adapter/src/main/java/com/alibaba/csp/sentinel/adapter/dubbo3/config/DubboAdapterGlobalConfig.java wave7b dubbo3/httpclient [15:30]
2026-08-09T17:00:24Z DONE sentinel-adapter/sentinel-apache-dubbo3-adapter/src/main/java/com/alibaba/csp/sentinel/adapter/dubbo3/fallback/DefaultDubboFallback.java wave7b dubbo3/httpclient [15:30]
2026-08-09T17:00:24Z DONE sentinel-adapter/sentinel-apache-dubbo3-adapter/src/main/java/com/alibaba/csp/sentinel/adapter/dubbo3/fallback/DubboFallback.java wave7b dubbo3/httpclient [15:30]
2026-08-09T17:00:24Z DONE sentinel-adapter/sentinel-apache-dubbo3-adapter/src/main/java/com/alibaba/csp/sentinel/adapter/dubbo3/fallback/DubboFallbackRegistry.java wave7b dubbo3/httpclient [15:30]
2026-08-09T17:00:24Z DONE sentinel-adapter/sentinel-apache-dubbo3-adapter/src/main/java/com/alibaba/csp/sentinel/adapter/dubbo3/origin/DefaultDubboOriginParser.java wave7b dubbo3/httpclient [15:30]
2026-08-09T17:00:24Z DONE sentinel-adapter/sentinel-apache-dubbo3-adapter/src/main/java/com/alibaba/csp/sentinel/adapter/dubbo3/origin/DubboOriginParser.java wave7b dubbo3/httpclient [15:30]
2026-08-09T17:00:24Z DONE sentinel-adapter/sentinel-apache-httpclient-adapter/src/main/java/com/alibaba/csp/sentinel/adapter/apache/httpclient/SentinelApacheHttpClientBuilder.java wave7b dubbo3/httpclient [15:30]
2026-08-09T17:00:24Z DONE sentinel-adapter/sentinel-apache-httpclient-adapter/src/main/java/com/alibaba/csp/sentinel/adapter/apache/httpclient/config/SentinelApacheHttpClientConfig.java wave7b dubbo3/httpclient [15:30]
2026-08-09T17:00:24Z DONE sentinel-adapter/sentinel-apache-httpclient-adapter/src/main/java/com/alibaba/csp/sentinel/adapter/apache/httpclient/extractor/ApacheHttpClientResourceExtractor.java wave7b dubbo3/httpclient [15:30]
2026-08-09T17:00:35Z DONE sentinel-adapter/sentinel-apache-dubbo-adapter/src/main/java/com/alibaba/csp/sentinel/adapter/dubbo/origin/DubboOriginParser.java wave7b dubbo3/httpclient [15:30]
2026-08-09T17:00:35Z DONE sentinel-adapter/sentinel-apache-dubbo3-adapter/src/main/java/com/alibaba/csp/sentinel/adapter/dubbo3/BaseSentinelDubboFilter.java wave7b dubbo3/httpclient [15:30]
2026-08-09T17:00:35Z DONE sentinel-adapter/sentinel-apache-dubbo3-adapter/src/main/java/com/alibaba/csp/sentinel/adapter/dubbo3/DubboAppContextFilter.java wave7b dubbo3/httpclient [15:30]
2026-08-09T17:00:35Z DONE sentinel-adapter/sentinel-apache-dubbo3-adapter/src/main/java/com/alibaba/csp/sentinel/adapter/dubbo3/DubboUtils.java wave7b dubbo3/httpclient [15:30]
2026-08-09T17:00:35Z DONE sentinel-adapter/sentinel-apache-dubbo3-adapter/src/main/java/com/alibaba/csp/sentinel/adapter/dubbo3/SentinelDubboConsumerFilter.java wave7b dubbo3/httpclient [15:30]
2026-08-09T17:00:35Z DONE sentinel-adapter/sentinel-apache-dubbo3-adapter/src/main/java/com/alibaba/csp/sentinel/adapter/dubbo3/SentinelDubboProviderFilter.java wave7b dubbo3/httpclient [15:30]
2026-08-09T17:00:35Z DONE sentinel-adapter/sentinel-apache-dubbo3-adapter/src/main/java/com/alibaba/csp/sentinel/adapter/dubbo3/config/DubboAdapterGlobalConfig.java wave7b dubbo3/httpclient [15:30]
2026-08-09T17:00:35Z DONE sentinel-adapter/sentinel-apache-dubbo3-adapter/src/main/java/com/alibaba/csp/sentinel/adapter/dubbo3/fallback/DefaultDubboFallback.java wave7b dubbo3/httpclient [15:30]
2026-08-09T17:00:35Z DONE sentinel-adapter/sentinel-apache-dubbo3-adapter/src/main/java/com/alibaba/csp/sentinel/adapter/dubbo3/fallback/DubboFallback.java wave7b dubbo3/httpclient [15:30]
2026-08-09T17:00:35Z DONE sentinel-adapter/sentinel-apache-dubbo3-adapter/src/main/java/com/alibaba/csp/sentinel/adapter/dubbo3/fallback/DubboFallbackRegistry.java wave7b dubbo3/httpclient [15:30]
2026-08-09T17:00:35Z DONE sentinel-adapter/sentinel-apache-dubbo3-adapter/src/main/java/com/alibaba/csp/sentinel/adapter/dubbo3/origin/DefaultDubboOriginParser.java wave7b dubbo3/httpclient [15:30]
2026-08-09T17:00:35Z DONE sentinel-adapter/sentinel-apache-dubbo3-adapter/src/main/java/com/alibaba/csp/sentinel/adapter/dubbo3/origin/DubboOriginParser.java wave7b dubbo3/httpclient [15:30]
2026-08-09T17:00:35Z DONE sentinel-adapter/sentinel-apache-httpclient-adapter/src/main/java/com/alibaba/csp/sentinel/adapter/apache/httpclient/SentinelApacheHttpClientBuilder.java wave7b dubbo3/httpclient [15:30]
2026-08-09T17:00:35Z DONE sentinel-adapter/sentinel-apache-httpclient-adapter/src/main/java/com/alibaba/csp/sentinel/adapter/apache/httpclient/config/SentinelApacheHttpClientConfig.java wave7b dubbo3/httpclient [15:30]
2026-08-09T17:00:35Z DONE sentinel-adapter/sentinel-apache-httpclient-adapter/src/main/java/com/alibaba/csp/sentinel/adapter/apache/httpclient/extractor/ApacheHttpClientResourceExtractor.java wave7b dubbo3/httpclient [15:30]
2026-08-09T17:01:32Z DONE sentinel-adapter/sentinel-apache-dubbo-adapter/src/main/java/com/alibaba/csp/sentinel/adapter/dubbo/origin/DubboOriginParser.java wave7b dubbo3/httpclient [15:30]
2026-08-09T17:01:32Z DONE sentinel-adapter/sentinel-apache-dubbo3-adapter/src/main/java/com/alibaba/csp/sentinel/adapter/dubbo3/BaseSentinelDubboFilter.java wave7b dubbo3/httpclient [15:30]
2026-08-09T17:01:32Z DONE sentinel-adapter/sentinel-apache-dubbo3-adapter/src/main/java/com/alibaba/csp/sentinel/adapter/dubbo3/DubboAppContextFilter.java wave7b dubbo3/httpclient [15:30]
2026-08-09T17:01:32Z DONE sentinel-adapter/sentinel-apache-dubbo3-adapter/src/main/java/com/alibaba/csp/sentinel/adapter/dubbo3/DubboUtils.java wave7b dubbo3/httpclient [15:30]
2026-08-09T17:01:32Z DONE sentinel-adapter/sentinel-apache-dubbo3-adapter/src/main/java/com/alibaba/csp/sentinel/adapter/dubbo3/SentinelDubboConsumerFilter.java wave7b dubbo3/httpclient [15:30]
2026-08-09T17:01:32Z DONE sentinel-adapter/sentinel-apache-dubbo3-adapter/src/main/java/com/alibaba/csp/sentinel/adapter/dubbo3/SentinelDubboProviderFilter.java wave7b dubbo3/httpclient [15:30]
2026-08-09T17:01:32Z DONE sentinel-adapter/sentinel-apache-dubbo3-adapter/src/main/java/com/alibaba/csp/sentinel/adapter/dubbo3/config/DubboAdapterGlobalConfig.java wave7b dubbo3/httpclient [15:30]
2026-08-09T17:01:32Z DONE sentinel-adapter/sentinel-apache-dubbo3-adapter/src/main/java/com/alibaba/csp/sentinel/adapter/dubbo3/fallback/DefaultDubboFallback.java wave7b dubbo3/httpclient [15:30]
2026-08-09T17:01:32Z DONE sentinel-adapter/sentinel-apache-dubbo3-adapter/src/main/java/com/alibaba/csp/sentinel/adapter/dubbo3/fallback/DubboFallback.java wave7b dubbo3/httpclient [15:30]
2026-08-09T17:01:32Z DONE sentinel-adapter/sentinel-apache-dubbo3-adapter/src/main/java/com/alibaba/csp/sentinel/adapter/dubbo3/fallback/DubboFallbackRegistry.java wave7b dubbo3/httpclient [15:30]
2026-08-09T17:01:32Z DONE sentinel-adapter/sentinel-apache-dubbo3-adapter/src/main/java/com/alibaba/csp/sentinel/adapter/dubbo3/origin/DefaultDubboOriginParser.java wave7b dubbo3/httpclient [15:30]
2026-08-09T17:01:32Z DONE sentinel-adapter/sentinel-apache-dubbo3-adapter/src/main/java/com/alibaba/csp/sentinel/adapter/dubbo3/origin/DubboOriginParser.java wave7b dubbo3/httpclient [15:30]
2026-08-09T17:01:32Z DONE sentinel-adapter/sentinel-apache-httpclient-adapter/src/main/java/com/alibaba/csp/sentinel/adapter/apache/httpclient/SentinelApacheHttpClientBuilder.java wave7b dubbo3/httpclient [15:30]
2026-08-09T17:01:32Z DONE sentinel-adapter/sentinel-apache-httpclient-adapter/src/main/java/com/alibaba/csp/sentinel/adapter/apache/httpclient/config/SentinelApacheHttpClientConfig.java wave7b dubbo3/httpclient [15:30]
2026-08-09T17:01:32Z DONE sentinel-adapter/sentinel-apache-httpclient-adapter/src/main/java/com/alibaba/csp/sentinel/adapter/apache/httpclient/extractor/ApacheHttpClientResourceExtractor.java wave7b dubbo3/httpclient [15:30]
2026-08-09T17:01:56Z DONE sentinel-adapter/sentinel-apache-dubbo-adapter/src/main/java/com/alibaba/csp/sentinel/adapter/dubbo/origin/DubboOriginParser.java wave7b dubbo3/httpclient [15:30]
2026-08-09T17:01:56Z DONE sentinel-adapter/sentinel-apache-dubbo3-adapter/src/main/java/com/alibaba/csp/sentinel/adapter/dubbo3/BaseSentinelDubboFilter.java wave7b dubbo3/httpclient [15:30]
2026-08-09T17:01:56Z DONE sentinel-adapter/sentinel-apache-dubbo3-adapter/src/main/java/com/alibaba/csp/sentinel/adapter/dubbo3/DubboAppContextFilter.java wave7b dubbo3/httpclient [15:30]
2026-08-09T17:01:56Z DONE sentinel-adapter/sentinel-apache-dubbo3-adapter/src/main/java/com/alibaba/csp/sentinel/adapter/dubbo3/DubboUtils.java wave7b dubbo3/httpclient [15:30]
2026-08-09T17:01:56Z DONE sentinel-adapter/sentinel-apache-dubbo3-adapter/src/main/java/com/alibaba/csp/sentinel/adapter/dubbo3/SentinelDubboConsumerFilter.java wave7b dubbo3/httpclient [15:30]
2026-08-09T17:01:56Z DONE sentinel-adapter/sentinel-apache-dubbo3-adapter/src/main/java/com/alibaba/csp/sentinel/adapter/dubbo3/SentinelDubboProviderFilter.java wave7b dubbo3/httpclient [15:30]
2026-08-09T17:01:56Z DONE sentinel-adapter/sentinel-apache-dubbo3-adapter/src/main/java/com/alibaba/csp/sentinel/adapter/dubbo3/config/DubboAdapterGlobalConfig.java wave7b dubbo3/httpclient [15:30]
2026-08-09T17:01:56Z DONE sentinel-adapter/sentinel-apache-dubbo3-adapter/src/main/java/com/alibaba/csp/sentinel/adapter/dubbo3/fallback/DefaultDubboFallback.java wave7b dubbo3/httpclient [15:30]
2026-08-09T17:01:56Z DONE sentinel-adapter/sentinel-apache-dubbo3-adapter/src/main/java/com/alibaba/csp/sentinel/adapter/dubbo3/fallback/DubboFallback.java wave7b dubbo3/httpclient [15:30]
2026-08-09T17:01:56Z DONE sentinel-adapter/sentinel-apache-dubbo3-adapter/src/main/java/com/alibaba/csp/sentinel/adapter/dubbo3/fallback/DubboFallbackRegistry.java wave7b dubbo3/httpclient [15:30]
2026-08-09T17:01:56Z DONE sentinel-adapter/sentinel-apache-dubbo3-adapter/src/main/java/com/alibaba/csp/sentinel/adapter/dubbo3/origin/DefaultDubboOriginParser.java wave7b dubbo3/httpclient [15:30]
2026-08-09T17:01:56Z DONE sentinel-adapter/sentinel-apache-dubbo3-adapter/src/main/java/com/alibaba/csp/sentinel/adapter/dubbo3/origin/DubboOriginParser.java wave7b dubbo3/httpclient [15:30]
2026-08-09T17:01:56Z DONE sentinel-adapter/sentinel-apache-httpclient-adapter/src/main/java/com/alibaba/csp/sentinel/adapter/apache/httpclient/SentinelApacheHttpClientBuilder.java wave7b dubbo3/httpclient [15:30]
2026-08-09T17:01:56Z DONE sentinel-adapter/sentinel-apache-httpclient-adapter/src/main/java/com/alibaba/csp/sentinel/adapter/apache/httpclient/config/SentinelApacheHttpClientConfig.java wave7b dubbo3/httpclient [15:30]
2026-08-09T17:01:56Z DONE sentinel-adapter/sentinel-apache-httpclient-adapter/src/main/java/com/alibaba/csp/sentinel/adapter/apache/httpclient/extractor/ApacheHttpClientResourceExtractor.java wave7b dubbo3/httpclient [15:30]
2026-08-09T17:02:45Z DONE sentinel-adapter/sentinel-apache-dubbo-adapter/src/main/java/com/alibaba/csp/sentinel/adapter/dubbo/origin/DubboOriginParser.java wave7b dubbo3/httpclient [15:30]
2026-08-09T17:02:45Z DONE sentinel-adapter/sentinel-apache-dubbo3-adapter/src/main/java/com/alibaba/csp/sentinel/adapter/dubbo3/BaseSentinelDubboFilter.java wave7b dubbo3/httpclient [15:30]
2026-08-09T17:02:45Z DONE sentinel-adapter/sentinel-apache-dubbo3-adapter/src/main/java/com/alibaba/csp/sentinel/adapter/dubbo3/DubboAppContextFilter.java wave7b dubbo3/httpclient [15:30]
2026-08-09T17:02:45Z DONE sentinel-adapter/sentinel-apache-dubbo3-adapter/src/main/java/com/alibaba/csp/sentinel/adapter/dubbo3/DubboUtils.java wave7b dubbo3/httpclient [15:30]
2026-08-09T17:02:45Z DONE sentinel-adapter/sentinel-apache-dubbo3-adapter/src/main/java/com/alibaba/csp/sentinel/adapter/dubbo3/SentinelDubboConsumerFilter.java wave7b dubbo3/httpclient [15:30]
2026-08-09T17:02:45Z DONE sentinel-adapter/sentinel-apache-dubbo3-adapter/src/main/java/com/alibaba/csp/sentinel/adapter/dubbo3/SentinelDubboProviderFilter.java wave7b dubbo3/httpclient [15:30]
2026-08-09T17:02:45Z DONE sentinel-adapter/sentinel-apache-dubbo3-adapter/src/main/java/com/alibaba/csp/sentinel/adapter/dubbo3/config/DubboAdapterGlobalConfig.java wave7b dubbo3/httpclient [15:30]
2026-08-09T17:02:45Z DONE sentinel-adapter/sentinel-apache-dubbo3-adapter/src/main/java/com/alibaba/csp/sentinel/adapter/dubbo3/fallback/DefaultDubboFallback.java wave7b dubbo3/httpclient [15:30]
2026-08-09T17:02:45Z DONE sentinel-adapter/sentinel-apache-dubbo3-adapter/src/main/java/com/alibaba/csp/sentinel/adapter/dubbo3/fallback/DubboFallback.java wave7b dubbo3/httpclient [15:30]
2026-08-09T17:02:45Z DONE sentinel-adapter/sentinel-apache-dubbo3-adapter/src/main/java/com/alibaba/csp/sentinel/adapter/dubbo3/fallback/DubboFallbackRegistry.java wave7b dubbo3/httpclient [15:30]
2026-08-09T17:02:45Z DONE sentinel-adapter/sentinel-apache-dubbo3-adapter/src/main/java/com/alibaba/csp/sentinel/adapter/dubbo3/origin/DefaultDubboOriginParser.java wave7b dubbo3/httpclient [15:30]
2026-08-09T17:02:45Z DONE sentinel-adapter/sentinel-apache-dubbo3-adapter/src/main/java/com/alibaba/csp/sentinel/adapter/dubbo3/origin/DubboOriginParser.java wave7b dubbo3/httpclient [15:30]
2026-08-09T17:02:45Z DONE sentinel-adapter/sentinel-apache-httpclient-adapter/src/main/java/com/alibaba/csp/sentinel/adapter/apache/httpclient/SentinelApacheHttpClientBuilder.java wave7b dubbo3/httpclient [15:30]
2026-08-09T17:02:45Z DONE sentinel-adapter/sentinel-apache-httpclient-adapter/src/main/java/com/alibaba/csp/sentinel/adapter/apache/httpclient/config/SentinelApacheHttpClientConfig.java wave7b dubbo3/httpclient [15:30]
2026-08-09T17:02:45Z DONE sentinel-adapter/sentinel-apache-httpclient-adapter/src/main/java/com/alibaba/csp/sentinel/adapter/apache/httpclient/extractor/ApacheHttpClientResourceExtractor.java wave7b dubbo3/httpclient [15:30]
2026-08-09T17:03:15Z DONE sentinel-core/src/main/java/com/alibaba/csp/sentinel/util/function/Consumer.java wave7a util/dubbo [0:15]
2026-08-09T17:03:15Z DONE sentinel-core/src/main/java/com/alibaba/csp/sentinel/util/function/Function.java wave7a util/dubbo [0:15]
2026-08-09T17:03:15Z DONE sentinel-core/src/main/java/com/alibaba/csp/sentinel/util/function/Predicate.java wave7a util/dubbo [0:15]
2026-08-09T17:03:15Z DONE sentinel-core/src/main/java/com/alibaba/csp/sentinel/util/function/Supplier.java wave7a util/dubbo [0:15]
2026-08-09T17:03:15Z DONE sentinel-core/src/main/java/com/alibaba/csp/sentinel/util/function/Tuple2.java wave7a util/dubbo [0:15]
2026-08-09T17:03:15Z DONE sentinel-adapter/sentinel-apache-dubbo-adapter/src/main/java/com/alibaba/csp/sentinel/adapter/dubbo/BaseSentinelDubboFilter.java wave7a util/dubbo [0:15]
2026-08-09T17:03:15Z DONE sentinel-adapter/sentinel-apache-dubbo-adapter/src/main/java/com/alibaba/csp/sentinel/adapter/dubbo/DubboAppContextFilter.java wave7a util/dubbo [0:15]
2026-08-09T17:03:15Z DONE sentinel-adapter/sentinel-apache-dubbo-adapter/src/main/java/com/alibaba/csp/sentinel/adapter/dubbo/DubboUtils.java wave7a util/dubbo [0:15]
2026-08-09T17:03:15Z DONE sentinel-adapter/sentinel-apache-dubbo-adapter/src/main/java/com/alibaba/csp/sentinel/adapter/dubbo/SentinelDubboConsumerFilter.java wave7a util/dubbo [0:15]
2026-08-09T17:03:15Z DONE sentinel-adapter/sentinel-apache-dubbo-adapter/src/main/java/com/alibaba/csp/sentinel/adapter/dubbo/SentinelDubboProviderFilter.java wave7a util/dubbo [0:15]
2026-08-09T17:03:15Z DONE sentinel-adapter/sentinel-apache-dubbo-adapter/src/main/java/com/alibaba/csp/sentinel/adapter/dubbo/config/DubboAdapterGlobalConfig.java wave7a util/dubbo [0:15]
2026-08-09T17:03:15Z DONE sentinel-adapter/sentinel-apache-dubbo-adapter/src/main/java/com/alibaba/csp/sentinel/adapter/dubbo/fallback/DefaultDubboFallback.java wave7a util/dubbo [0:15]
2026-08-09T17:03:15Z DONE sentinel-adapter/sentinel-apache-dubbo-adapter/src/main/java/com/alibaba/csp/sentinel/adapter/dubbo/fallback/DubboFallback.java wave7a util/dubbo [0:15]
2026-08-09T17:03:15Z DONE sentinel-adapter/sentinel-apache-dubbo-adapter/src/main/java/com/alibaba/csp/sentinel/adapter/dubbo/fallback/DubboFallbackRegistry.java wave7a util/dubbo [0:15]
2026-08-09T17:03:15Z DONE sentinel-adapter/sentinel-apache-dubbo-adapter/src/main/java/com/alibaba/csp/sentinel/adapter/dubbo/origin/DefaultDubboOriginParser.java wave7a util/dubbo [0:15]
2026-08-09T17:07:15Z DONE sentinel-adapter/sentinel-apache-httpclient-adapter/src/main/java/com/alibaba/csp/sentinel/adapter/apache/httpclient/extractor/DefaultApacheHttpClientResourceExtractor.java wave8a httpclient/gateway [0:15]
2026-08-09T17:07:15Z DONE sentinel-adapter/sentinel-apache-httpclient-adapter/src/main/java/com/alibaba/csp/sentinel/adapter/apache/httpclient/fallback/ApacheHttpClientFallback.java wave8a httpclient/gateway [0:15]
2026-08-09T17:07:15Z DONE sentinel-adapter/sentinel-apache-httpclient-adapter/src/main/java/com/alibaba/csp/sentinel/adapter/apache/httpclient/fallback/DefaultApacheHttpClientFallback.java wave8a httpclient/gateway [0:15]
2026-08-09T17:07:15Z DONE sentinel-adapter/sentinel-apache-httpclient5-adapter/src/main/java/com/alibaba/csp/sentinel/adapter/apache/httpclient5/SentinelApacheHttpClient5Handler.java wave8a httpclient/gateway [0:15]
2026-08-09T17:07:15Z DONE sentinel-adapter/sentinel-apache-httpclient5-adapter/src/main/java/com/alibaba/csp/sentinel/adapter/apache/httpclient5/config/SentinelApacheHttpClientConfig.java wave8a httpclient/gateway [0:15]
2026-08-09T17:07:15Z DONE sentinel-adapter/sentinel-apache-httpclient5-adapter/src/main/java/com/alibaba/csp/sentinel/adapter/apache/httpclient5/extractor/ApacheHttpClientResourceExtractor.java wave8a httpclient/gateway [0:15]
2026-08-09T17:07:15Z DONE sentinel-adapter/sentinel-apache-httpclient5-adapter/src/main/java/com/alibaba/csp/sentinel/adapter/apache/httpclient5/extractor/DefaultApacheHttpClientResourceExtractor.java wave8a httpclient/gateway [0:15]
2026-08-09T17:07:15Z DONE sentinel-adapter/sentinel-apache-httpclient5-adapter/src/main/java/com/alibaba/csp/sentinel/adapter/apache/httpclient5/fallback/ApacheHttpClientFallback.java wave8a httpclient/gateway [0:15]
2026-08-09T17:07:15Z DONE sentinel-adapter/sentinel-apache-httpclient5-adapter/src/main/java/com/alibaba/csp/sentinel/adapter/apache/httpclient5/fallback/DefaultApacheHttpClientFallback.java wave8a httpclient/gateway [0:15]
2026-08-09T17:07:15Z DONE sentinel-adapter/sentinel-api-gateway-adapter-common/src/main/java/com/alibaba/csp/sentinel/adapter/gateway/common/SentinelGatewayConstants.java wave8a httpclient/gateway [0:15]
2026-08-09T17:07:15Z DONE sentinel-adapter/sentinel-api-gateway-adapter-common/src/main/java/com/alibaba/csp/sentinel/adapter/gateway/common/api/ApiDefinition.java wave8a httpclient/gateway [0:15]
2026-08-09T17:07:15Z DONE sentinel-adapter/sentinel-api-gateway-adapter-common/src/main/java/com/alibaba/csp/sentinel/adapter/gateway/common/api/ApiDefinitionChangeObserver.java wave8a httpclient/gateway [0:15]
2026-08-09T17:07:15Z DONE sentinel-adapter/sentinel-api-gateway-adapter-common/src/main/java/com/alibaba/csp/sentinel/adapter/gateway/common/api/ApiPathPredicateItem.java wave8a httpclient/gateway [0:15]
2026-08-09T17:07:15Z DONE sentinel-adapter/sentinel-api-gateway-adapter-common/src/main/java/com/alibaba/csp/sentinel/adapter/gateway/common/api/ApiPredicateGroupItem.java wave8a httpclient/gateway [0:15]
2026-08-09T17:07:15Z DONE sentinel-adapter/sentinel-api-gateway-adapter-common/src/main/java/com/alibaba/csp/sentinel/adapter/gateway/common/api/ApiPredicateItem.java wave8a httpclient/gateway [0:15]
2026-08-09T17:07:19Z DONE sentinel-adapter/sentinel-api-gateway-adapter-common/src/main/java/com/alibaba/csp/sentinel/adapter/gateway/common/api/GatewayApiDefinitionManager.java wave8b gateway-common [15:30]
2026-08-09T17:07:19Z DONE sentinel-adapter/sentinel-api-gateway-adapter-common/src/main/java/com/alibaba/csp/sentinel/adapter/gateway/common/api/matcher/AbstractApiMatcher.java wave8b gateway-common [15:30]
2026-08-09T17:07:19Z DONE sentinel-adapter/sentinel-api-gateway-adapter-common/src/main/java/com/alibaba/csp/sentinel/adapter/gateway/common/command/GetGatewayApiDefinitionGroupCommandHandler.java wave8b gateway-common [15:30]
2026-08-09T17:07:19Z DONE sentinel-adapter/sentinel-api-gateway-adapter-common/src/main/java/com/alibaba/csp/sentinel/adapter/gateway/common/command/GetGatewayRuleCommandHandler.java wave8b gateway-common [15:30]
2026-08-09T17:07:19Z DONE sentinel-adapter/sentinel-api-gateway-adapter-common/src/main/java/com/alibaba/csp/sentinel/adapter/gateway/common/command/UpdateGatewayApiDefinitionGroupCommandHandler.java wave8b gateway-common [15:30]
2026-08-09T17:07:19Z DONE sentinel-adapter/sentinel-api-gateway-adapter-common/src/main/java/com/alibaba/csp/sentinel/adapter/gateway/common/command/UpdateGatewayRuleCommandHandler.java wave8b gateway-common [15:30]
2026-08-09T17:07:19Z DONE sentinel-adapter/sentinel-api-gateway-adapter-common/src/main/java/com/alibaba/csp/sentinel/adapter/gateway/common/param/ConfigurableRequestItemParser.java wave8b gateway-common [15:30]
2026-08-09T17:07:19Z DONE sentinel-adapter/sentinel-api-gateway-adapter-common/src/main/java/com/alibaba/csp/sentinel/adapter/gateway/common/param/GatewayParamParser.java wave8b gateway-common [15:30]
2026-08-09T17:07:19Z DONE sentinel-adapter/sentinel-api-gateway-adapter-common/src/main/java/com/alibaba/csp/sentinel/adapter/gateway/common/param/GatewayRegexCache.java wave8b gateway-common [15:30]
2026-08-09T17:07:19Z DONE sentinel-adapter/sentinel-api-gateway-adapter-common/src/main/java/com/alibaba/csp/sentinel/adapter/gateway/common/param/RequestItemParser.java wave8b gateway-common [15:30]
2026-08-09T17:07:19Z DONE sentinel-adapter/sentinel-api-gateway-adapter-common/src/main/java/com/alibaba/csp/sentinel/adapter/gateway/common/rule/GatewayFlowRule.java wave8b gateway-common [15:30]
2026-08-09T17:07:19Z DONE sentinel-adapter/sentinel-api-gateway-adapter-common/src/main/java/com/alibaba/csp/sentinel/adapter/gateway/common/rule/GatewayParamFlowItem.java wave8b gateway-common [15:30]
2026-08-09T17:07:19Z DONE sentinel-adapter/sentinel-api-gateway-adapter-common/src/main/java/com/alibaba/csp/sentinel/adapter/gateway/common/rule/GatewayRuleConverter.java wave8b gateway-common [15:30]
2026-08-09T17:07:19Z DONE sentinel-adapter/sentinel-api-gateway-adapter-common/src/main/java/com/alibaba/csp/sentinel/adapter/gateway/common/rule/GatewayRuleManager.java wave8b gateway-common [15:30]
2026-08-09T17:07:19Z DONE sentinel-adapter/sentinel-api-gateway-adapter-common/src/main/java/com/alibaba/csp/sentinel/adapter/gateway/common/slot/GatewayFlowSlot.java wave8b gateway-common [15:30]
2026-08-09T17:08:01Z DONE sentinel-adapter/sentinel-apache-httpclient-adapter/src/main/java/com/alibaba/csp/sentinel/adapter/apache/httpclient/extractor/DefaultApacheHttpClientResourceExtractor.java wave8a httpclient/gateway [0:15]
2026-08-09T17:08:01Z DONE sentinel-adapter/sentinel-apache-httpclient-adapter/src/main/java/com/alibaba/csp/sentinel/adapter/apache/httpclient/fallback/ApacheHttpClientFallback.java wave8a httpclient/gateway [0:15]
2026-08-09T17:08:01Z DONE sentinel-adapter/sentinel-apache-httpclient-adapter/src/main/java/com/alibaba/csp/sentinel/adapter/apache/httpclient/fallback/DefaultApacheHttpClientFallback.java wave8a httpclient/gateway [0:15]
2026-08-09T17:08:01Z DONE sentinel-adapter/sentinel-apache-httpclient5-adapter/src/main/java/com/alibaba/csp/sentinel/adapter/apache/httpclient5/SentinelApacheHttpClient5Handler.java wave8a httpclient/gateway [0:15]
2026-08-09T17:08:01Z DONE sentinel-adapter/sentinel-apache-httpclient5-adapter/src/main/java/com/alibaba/csp/sentinel/adapter/apache/httpclient5/config/SentinelApacheHttpClientConfig.java wave8a httpclient/gateway [0:15]
2026-08-09T17:08:01Z DONE sentinel-adapter/sentinel-apache-httpclient5-adapter/src/main/java/com/alibaba/csp/sentinel/adapter/apache/httpclient5/extractor/ApacheHttpClientResourceExtractor.java wave8a httpclient/gateway [0:15]
2026-08-09T17:08:01Z DONE sentinel-adapter/sentinel-apache-httpclient5-adapter/src/main/java/com/alibaba/csp/sentinel/adapter/apache/httpclient5/extractor/DefaultApacheHttpClientResourceExtractor.java wave8a httpclient/gateway [0:15]
2026-08-09T17:08:01Z DONE sentinel-adapter/sentinel-apache-httpclient5-adapter/src/main/java/com/alibaba/csp/sentinel/adapter/apache/httpclient5/fallback/ApacheHttpClientFallback.java wave8a httpclient/gateway [0:15]
2026-08-09T17:08:01Z DONE sentinel-adapter/sentinel-apache-httpclient5-adapter/src/main/java/com/alibaba/csp/sentinel/adapter/apache/httpclient5/fallback/DefaultApacheHttpClientFallback.java wave8a httpclient/gateway [0:15]
2026-08-09T17:08:01Z DONE sentinel-adapter/sentinel-api-gateway-adapter-common/src/main/java/com/alibaba/csp/sentinel/adapter/gateway/common/SentinelGatewayConstants.java wave8a httpclient/gateway [0:15]
2026-08-09T17:08:01Z DONE sentinel-adapter/sentinel-api-gateway-adapter-common/src/main/java/com/alibaba/csp/sentinel/adapter/gateway/common/api/ApiDefinition.java wave8a httpclient/gateway [0:15]
2026-08-09T17:08:01Z DONE sentinel-adapter/sentinel-api-gateway-adapter-common/src/main/java/com/alibaba/csp/sentinel/adapter/gateway/common/api/ApiDefinitionChangeObserver.java wave8a httpclient/gateway [0:15]
2026-08-09T17:08:01Z DONE sentinel-adapter/sentinel-api-gateway-adapter-common/src/main/java/com/alibaba/csp/sentinel/adapter/gateway/common/api/ApiPathPredicateItem.java wave8a httpclient/gateway [0:15]
2026-08-09T17:08:01Z DONE sentinel-adapter/sentinel-api-gateway-adapter-common/src/main/java/com/alibaba/csp/sentinel/adapter/gateway/common/api/ApiPredicateGroupItem.java wave8a httpclient/gateway [0:15]
2026-08-09T17:08:01Z DONE sentinel-adapter/sentinel-api-gateway-adapter-common/src/main/java/com/alibaba/csp/sentinel/adapter/gateway/common/api/ApiPredicateItem.java wave8a httpclient/gateway [0:15]
2026-08-09T17:08:10Z DONE sentinel-adapter/sentinel-apache-httpclient-adapter/src/main/java/com/alibaba/csp/sentinel/adapter/apache/httpclient/extractor/DefaultApacheHttpClientResourceExtractor.java wave8a httpclient/gateway [0:15]
2026-08-09T17:08:10Z DONE sentinel-adapter/sentinel-apache-httpclient-adapter/src/main/java/com/alibaba/csp/sentinel/adapter/apache/httpclient/fallback/ApacheHttpClientFallback.java wave8a httpclient/gateway [0:15]
2026-08-09T17:08:10Z DONE sentinel-adapter/sentinel-apache-httpclient-adapter/src/main/java/com/alibaba/csp/sentinel/adapter/apache/httpclient/fallback/DefaultApacheHttpClientFallback.java wave8a httpclient/gateway [0:15]
2026-08-09T17:08:10Z DONE sentinel-adapter/sentinel-apache-httpclient5-adapter/src/main/java/com/alibaba/csp/sentinel/adapter/apache/httpclient5/SentinelApacheHttpClient5Handler.java wave8a httpclient/gateway [0:15]
2026-08-09T17:08:10Z DONE sentinel-adapter/sentinel-apache-httpclient5-adapter/src/main/java/com/alibaba/csp/sentinel/adapter/apache/httpclient5/config/SentinelApacheHttpClientConfig.java wave8a httpclient/gateway [0:15]
2026-08-09T17:08:10Z DONE sentinel-adapter/sentinel-apache-httpclient5-adapter/src/main/java/com/alibaba/csp/sentinel/adapter/apache/httpclient5/extractor/ApacheHttpClientResourceExtractor.java wave8a httpclient/gateway [0:15]
2026-08-09T17:08:10Z DONE sentinel-adapter/sentinel-apache-httpclient5-adapter/src/main/java/com/alibaba/csp/sentinel/adapter/apache/httpclient5/extractor/DefaultApacheHttpClientResourceExtractor.java wave8a httpclient/gateway [0:15]
2026-08-09T17:08:10Z DONE sentinel-adapter/sentinel-apache-httpclient5-adapter/src/main/java/com/alibaba/csp/sentinel/adapter/apache/httpclient5/fallback/ApacheHttpClientFallback.java wave8a httpclient/gateway [0:15]
2026-08-09T17:08:10Z DONE sentinel-adapter/sentinel-apache-httpclient5-adapter/src/main/java/com/alibaba/csp/sentinel/adapter/apache/httpclient5/fallback/DefaultApacheHttpClientFallback.java wave8a httpclient/gateway [0:15]
2026-08-09T17:08:10Z DONE sentinel-adapter/sentinel-api-gateway-adapter-common/src/main/java/com/alibaba/csp/sentinel/adapter/gateway/common/SentinelGatewayConstants.java wave8a httpclient/gateway [0:15]
2026-08-09T17:08:10Z DONE sentinel-adapter/sentinel-api-gateway-adapter-common/src/main/java/com/alibaba/csp/sentinel/adapter/gateway/common/api/ApiDefinition.java wave8a httpclient/gateway [0:15]
2026-08-09T17:08:10Z DONE sentinel-adapter/sentinel-api-gateway-adapter-common/src/main/java/com/alibaba/csp/sentinel/adapter/gateway/common/api/ApiDefinitionChangeObserver.java wave8a httpclient/gateway [0:15]
2026-08-09T17:08:10Z DONE sentinel-adapter/sentinel-api-gateway-adapter-common/src/main/java/com/alibaba/csp/sentinel/adapter/gateway/common/api/ApiPathPredicateItem.java wave8a httpclient/gateway [0:15]
2026-08-09T17:08:10Z DONE sentinel-adapter/sentinel-api-gateway-adapter-common/src/main/java/com/alibaba/csp/sentinel/adapter/gateway/common/api/ApiPredicateGroupItem.java wave8a httpclient/gateway [0:15]
2026-08-09T17:08:10Z DONE sentinel-adapter/sentinel-api-gateway-adapter-common/src/main/java/com/alibaba/csp/sentinel/adapter/gateway/common/api/ApiPredicateItem.java wave8a httpclient/gateway [0:15]
2026-08-09T17:08:19Z DONE sentinel-adapter/sentinel-api-gateway-adapter-common/src/main/java/com/alibaba/csp/sentinel/adapter/gateway/common/api/GatewayApiDefinitionManager.java wave8b gateway-common [15:30]
2026-08-09T17:08:19Z DONE sentinel-adapter/sentinel-api-gateway-adapter-common/src/main/java/com/alibaba/csp/sentinel/adapter/gateway/common/api/matcher/AbstractApiMatcher.java wave8b gateway-common [15:30]
2026-08-09T17:08:19Z DONE sentinel-adapter/sentinel-api-gateway-adapter-common/src/main/java/com/alibaba/csp/sentinel/adapter/gateway/common/command/GetGatewayApiDefinitionGroupCommandHandler.java wave8b gateway-common [15:30]
2026-08-09T17:08:19Z DONE sentinel-adapter/sentinel-api-gateway-adapter-common/src/main/java/com/alibaba/csp/sentinel/adapter/gateway/common/command/GetGatewayRuleCommandHandler.java wave8b gateway-common [15:30]
2026-08-09T17:08:19Z DONE sentinel-adapter/sentinel-api-gateway-adapter-common/src/main/java/com/alibaba/csp/sentinel/adapter/gateway/common/command/UpdateGatewayApiDefinitionGroupCommandHandler.java wave8b gateway-common [15:30]
2026-08-09T17:08:19Z DONE sentinel-adapter/sentinel-api-gateway-adapter-common/src/main/java/com/alibaba/csp/sentinel/adapter/gateway/common/command/UpdateGatewayRuleCommandHandler.java wave8b gateway-common [15:30]
2026-08-09T17:08:19Z DONE sentinel-adapter/sentinel-api-gateway-adapter-common/src/main/java/com/alibaba/csp/sentinel/adapter/gateway/common/param/ConfigurableRequestItemParser.java wave8b gateway-common [15:30]
2026-08-09T17:08:19Z DONE sentinel-adapter/sentinel-api-gateway-adapter-common/src/main/java/com/alibaba/csp/sentinel/adapter/gateway/common/param/GatewayParamParser.java wave8b gateway-common [15:30]
2026-08-09T17:08:19Z DONE sentinel-adapter/sentinel-api-gateway-adapter-common/src/main/java/com/alibaba/csp/sentinel/adapter/gateway/common/param/GatewayRegexCache.java wave8b gateway-common [15:30]
2026-08-09T17:08:19Z DONE sentinel-adapter/sentinel-api-gateway-adapter-common/src/main/java/com/alibaba/csp/sentinel/adapter/gateway/common/param/RequestItemParser.java wave8b gateway-common [15:30]
2026-08-09T17:08:19Z DONE sentinel-adapter/sentinel-api-gateway-adapter-common/src/main/java/com/alibaba/csp/sentinel/adapter/gateway/common/rule/GatewayFlowRule.java wave8b gateway-common [15:30]
2026-08-09T17:08:19Z DONE sentinel-adapter/sentinel-api-gateway-adapter-common/src/main/java/com/alibaba/csp/sentinel/adapter/gateway/common/rule/GatewayParamFlowItem.java wave8b gateway-common [15:30]
2026-08-09T17:08:19Z DONE sentinel-adapter/sentinel-api-gateway-adapter-common/src/main/java/com/alibaba/csp/sentinel/adapter/gateway/common/rule/GatewayRuleConverter.java wave8b gateway-common [15:30]
2026-08-09T17:08:19Z DONE sentinel-adapter/sentinel-api-gateway-adapter-common/src/main/java/com/alibaba/csp/sentinel/adapter/gateway/common/rule/GatewayRuleManager.java wave8b gateway-common [15:30]
2026-08-09T17:08:19Z DONE sentinel-adapter/sentinel-api-gateway-adapter-common/src/main/java/com/alibaba/csp/sentinel/adapter/gateway/common/slot/GatewayFlowSlot.java wave8b gateway-common [15:30]
2026-08-09T17:09:12Z DONE sentinel-adapter/sentinel-apache-httpclient-adapter/src/main/java/com/alibaba/csp/sentinel/adapter/apache/httpclient/extractor/DefaultApacheHttpClientResourceExtractor.java wave8a httpclient/gateway [0:15]
2026-08-09T17:09:12Z DONE sentinel-adapter/sentinel-apache-httpclient-adapter/src/main/java/com/alibaba/csp/sentinel/adapter/apache/httpclient/fallback/ApacheHttpClientFallback.java wave8a httpclient/gateway [0:15]
2026-08-09T17:09:12Z DONE sentinel-adapter/sentinel-apache-httpclient-adapter/src/main/java/com/alibaba/csp/sentinel/adapter/apache/httpclient/fallback/DefaultApacheHttpClientFallback.java wave8a httpclient/gateway [0:15]
2026-08-09T17:09:12Z DONE sentinel-adapter/sentinel-apache-httpclient5-adapter/src/main/java/com/alibaba/csp/sentinel/adapter/apache/httpclient5/SentinelApacheHttpClient5Handler.java wave8a httpclient/gateway [0:15]
2026-08-09T17:09:12Z DONE sentinel-adapter/sentinel-apache-httpclient5-adapter/src/main/java/com/alibaba/csp/sentinel/adapter/apache/httpclient5/config/SentinelApacheHttpClientConfig.java wave8a httpclient/gateway [0:15]
2026-08-09T17:09:12Z DONE sentinel-adapter/sentinel-apache-httpclient5-adapter/src/main/java/com/alibaba/csp/sentinel/adapter/apache/httpclient5/extractor/ApacheHttpClientResourceExtractor.java wave8a httpclient/gateway [0:15]
2026-08-09T17:09:12Z DONE sentinel-adapter/sentinel-apache-httpclient5-adapter/src/main/java/com/alibaba/csp/sentinel/adapter/apache/httpclient5/extractor/DefaultApacheHttpClientResourceExtractor.java wave8a httpclient/gateway [0:15]
2026-08-09T17:09:12Z DONE sentinel-adapter/sentinel-apache-httpclient5-adapter/src/main/java/com/alibaba/csp/sentinel/adapter/apache/httpclient5/fallback/ApacheHttpClientFallback.java wave8a httpclient/gateway [0:15]
2026-08-09T17:09:12Z DONE sentinel-adapter/sentinel-apache-httpclient5-adapter/src/main/java/com/alibaba/csp/sentinel/adapter/apache/httpclient5/fallback/DefaultApacheHttpClientFallback.java wave8a httpclient/gateway [0:15]
2026-08-09T17:09:12Z DONE sentinel-adapter/sentinel-api-gateway-adapter-common/src/main/java/com/alibaba/csp/sentinel/adapter/gateway/common/SentinelGatewayConstants.java wave8a httpclient/gateway [0:15]
2026-08-09T17:09:12Z DONE sentinel-adapter/sentinel-api-gateway-adapter-common/src/main/java/com/alibaba/csp/sentinel/adapter/gateway/common/api/ApiDefinition.java wave8a httpclient/gateway [0:15]
2026-08-09T17:09:12Z DONE sentinel-adapter/sentinel-api-gateway-adapter-common/src/main/java/com/alibaba/csp/sentinel/adapter/gateway/common/api/ApiDefinitionChangeObserver.java wave8a httpclient/gateway [0:15]
2026-08-09T17:09:12Z DONE sentinel-adapter/sentinel-api-gateway-adapter-common/src/main/java/com/alibaba/csp/sentinel/adapter/gateway/common/api/ApiPathPredicateItem.java wave8a httpclient/gateway [0:15]
2026-08-09T17:09:12Z DONE sentinel-adapter/sentinel-api-gateway-adapter-common/src/main/java/com/alibaba/csp/sentinel/adapter/gateway/common/api/ApiPredicateGroupItem.java wave8a httpclient/gateway [0:15]
2026-08-09T17:09:12Z DONE sentinel-adapter/sentinel-api-gateway-adapter-common/src/main/java/com/alibaba/csp/sentinel/adapter/gateway/common/api/ApiPredicateItem.java wave8a httpclient/gateway [0:15]
2026-08-09T17:09:34Z DONE sentinel-adapter/sentinel-apache-httpclient-adapter/src/main/java/com/alibaba/csp/sentinel/adapter/apache/httpclient/extractor/DefaultApacheHttpClientResourceExtractor.java wave8a httpclient/gateway [0:15]
2026-08-09T17:09:34Z DONE sentinel-adapter/sentinel-apache-httpclient-adapter/src/main/java/com/alibaba/csp/sentinel/adapter/apache/httpclient/fallback/ApacheHttpClientFallback.java wave8a httpclient/gateway [0:15]
2026-08-09T17:09:34Z DONE sentinel-adapter/sentinel-apache-httpclient-adapter/src/main/java/com/alibaba/csp/sentinel/adapter/apache/httpclient/fallback/DefaultApacheHttpClientFallback.java wave8a httpclient/gateway [0:15]
2026-08-09T17:09:34Z DONE sentinel-adapter/sentinel-apache-httpclient5-adapter/src/main/java/com/alibaba/csp/sentinel/adapter/apache/httpclient5/SentinelApacheHttpClient5Handler.java wave8a httpclient/gateway [0:15]
2026-08-09T17:09:34Z DONE sentinel-adapter/sentinel-apache-httpclient5-adapter/src/main/java/com/alibaba/csp/sentinel/adapter/apache/httpclient5/config/SentinelApacheHttpClientConfig.java wave8a httpclient/gateway [0:15]
2026-08-09T17:09:34Z DONE sentinel-adapter/sentinel-apache-httpclient5-adapter/src/main/java/com/alibaba/csp/sentinel/adapter/apache/httpclient5/extractor/ApacheHttpClientResourceExtractor.java wave8a httpclient/gateway [0:15]
2026-08-09T17:09:34Z DONE sentinel-adapter/sentinel-apache-httpclient5-adapter/src/main/java/com/alibaba/csp/sentinel/adapter/apache/httpclient5/extractor/DefaultApacheHttpClientResourceExtractor.java wave8a httpclient/gateway [0:15]
2026-08-09T17:09:34Z DONE sentinel-adapter/sentinel-apache-httpclient5-adapter/src/main/java/com/alibaba/csp/sentinel/adapter/apache/httpclient5/fallback/ApacheHttpClientFallback.java wave8a httpclient/gateway [0:15]
2026-08-09T17:09:34Z DONE sentinel-adapter/sentinel-apache-httpclient5-adapter/src/main/java/com/alibaba/csp/sentinel/adapter/apache/httpclient5/fallback/DefaultApacheHttpClientFallback.java wave8a httpclient/gateway [0:15]
2026-08-09T17:09:34Z DONE sentinel-adapter/sentinel-api-gateway-adapter-common/src/main/java/com/alibaba/csp/sentinel/adapter/gateway/common/SentinelGatewayConstants.java wave8a httpclient/gateway [0:15]
2026-08-09T17:09:34Z DONE sentinel-adapter/sentinel-api-gateway-adapter-common/src/main/java/com/alibaba/csp/sentinel/adapter/gateway/common/api/ApiDefinition.java wave8a httpclient/gateway [0:15]
2026-08-09T17:09:34Z DONE sentinel-adapter/sentinel-api-gateway-adapter-common/src/main/java/com/alibaba/csp/sentinel/adapter/gateway/common/api/ApiDefinitionChangeObserver.java wave8a httpclient/gateway [0:15]
2026-08-09T17:09:34Z DONE sentinel-adapter/sentinel-api-gateway-adapter-common/src/main/java/com/alibaba/csp/sentinel/adapter/gateway/common/api/ApiPathPredicateItem.java wave8a httpclient/gateway [0:15]
2026-08-09T17:09:34Z DONE sentinel-adapter/sentinel-api-gateway-adapter-common/src/main/java/com/alibaba/csp/sentinel/adapter/gateway/common/api/ApiPredicateGroupItem.java wave8a httpclient/gateway [0:15]
2026-08-09T17:09:34Z DONE sentinel-adapter/sentinel-api-gateway-adapter-common/src/main/java/com/alibaba/csp/sentinel/adapter/gateway/common/api/ApiPredicateItem.java wave8a httpclient/gateway [0:15]
2026-08-09T17:09:54Z DONE sentinel-adapter/sentinel-api-gateway-adapter-common/src/main/java/com/alibaba/csp/sentinel/adapter/gateway/common/api/GatewayApiDefinitionManager.java wave8b gateway-common [15:30]
2026-08-09T17:09:54Z DONE sentinel-adapter/sentinel-api-gateway-adapter-common/src/main/java/com/alibaba/csp/sentinel/adapter/gateway/common/api/matcher/AbstractApiMatcher.java wave8b gateway-common [15:30]
2026-08-09T17:09:54Z DONE sentinel-adapter/sentinel-api-gateway-adapter-common/src/main/java/com/alibaba/csp/sentinel/adapter/gateway/common/command/GetGatewayApiDefinitionGroupCommandHandler.java wave8b gateway-common [15:30]
2026-08-09T17:09:54Z DONE sentinel-adapter/sentinel-api-gateway-adapter-common/src/main/java/com/alibaba/csp/sentinel/adapter/gateway/common/command/GetGatewayRuleCommandHandler.java wave8b gateway-common [15:30]
2026-08-09T17:09:54Z DONE sentinel-adapter/sentinel-api-gateway-adapter-common/src/main/java/com/alibaba/csp/sentinel/adapter/gateway/common/command/UpdateGatewayApiDefinitionGroupCommandHandler.java wave8b gateway-common [15:30]
2026-08-09T17:09:54Z DONE sentinel-adapter/sentinel-api-gateway-adapter-common/src/main/java/com/alibaba/csp/sentinel/adapter/gateway/common/command/UpdateGatewayRuleCommandHandler.java wave8b gateway-common [15:30]
2026-08-09T17:09:54Z DONE sentinel-adapter/sentinel-api-gateway-adapter-common/src/main/java/com/alibaba/csp/sentinel/adapter/gateway/common/param/ConfigurableRequestItemParser.java wave8b gateway-common [15:30]
2026-08-09T17:09:54Z DONE sentinel-adapter/sentinel-api-gateway-adapter-common/src/main/java/com/alibaba/csp/sentinel/adapter/gateway/common/param/GatewayParamParser.java wave8b gateway-common [15:30]
2026-08-09T17:09:54Z DONE sentinel-adapter/sentinel-api-gateway-adapter-common/src/main/java/com/alibaba/csp/sentinel/adapter/gateway/common/param/GatewayRegexCache.java wave8b gateway-common [15:30]
2026-08-09T17:09:54Z DONE sentinel-adapter/sentinel-api-gateway-adapter-common/src/main/java/com/alibaba/csp/sentinel/adapter/gateway/common/param/RequestItemParser.java wave8b gateway-common [15:30]
2026-08-09T17:09:54Z DONE sentinel-adapter/sentinel-api-gateway-adapter-common/src/main/java/com/alibaba/csp/sentinel/adapter/gateway/common/rule/GatewayFlowRule.java wave8b gateway-common [15:30]
2026-08-09T17:09:54Z DONE sentinel-adapter/sentinel-api-gateway-adapter-common/src/main/java/com/alibaba/csp/sentinel/adapter/gateway/common/rule/GatewayParamFlowItem.java wave8b gateway-common [15:30]
2026-08-09T17:09:54Z DONE sentinel-adapter/sentinel-api-gateway-adapter-common/src/main/java/com/alibaba/csp/sentinel/adapter/gateway/common/rule/GatewayRuleConverter.java wave8b gateway-common [15:30]
2026-08-09T17:09:54Z DONE sentinel-adapter/sentinel-api-gateway-adapter-common/src/main/java/com/alibaba/csp/sentinel/adapter/gateway/common/rule/GatewayRuleManager.java wave8b gateway-common [15:30]
2026-08-09T17:09:54Z DONE sentinel-adapter/sentinel-api-gateway-adapter-common/src/main/java/com/alibaba/csp/sentinel/adapter/gateway/common/slot/GatewayFlowSlot.java wave8b gateway-common [15:30]
2026-08-09T17:10:30Z DONE sentinel-adapter/sentinel-apache-httpclient-adapter/src/main/java/com/alibaba/csp/sentinel/adapter/apache/httpclient/extractor/DefaultApacheHttpClientResourceExtractor.java wave8a httpclient/gateway [0:15]
2026-08-09T17:10:30Z DONE sentinel-adapter/sentinel-apache-httpclient-adapter/src/main/java/com/alibaba/csp/sentinel/adapter/apache/httpclient/fallback/ApacheHttpClientFallback.java wave8a httpclient/gateway [0:15]
2026-08-09T17:10:30Z DONE sentinel-adapter/sentinel-apache-httpclient-adapter/src/main/java/com/alibaba/csp/sentinel/adapter/apache/httpclient/fallback/DefaultApacheHttpClientFallback.java wave8a httpclient/gateway [0:15]
2026-08-09T17:10:30Z DONE sentinel-adapter/sentinel-apache-httpclient5-adapter/src/main/java/com/alibaba/csp/sentinel/adapter/apache/httpclient5/SentinelApacheHttpClient5Handler.java wave8a httpclient/gateway [0:15]
2026-08-09T17:10:30Z DONE sentinel-adapter/sentinel-apache-httpclient5-adapter/src/main/java/com/alibaba/csp/sentinel/adapter/apache/httpclient5/config/SentinelApacheHttpClientConfig.java wave8a httpclient/gateway [0:15]
2026-08-09T17:10:30Z DONE sentinel-adapter/sentinel-apache-httpclient5-adapter/src/main/java/com/alibaba/csp/sentinel/adapter/apache/httpclient5/extractor/ApacheHttpClientResourceExtractor.java wave8a httpclient/gateway [0:15]
2026-08-09T17:10:30Z DONE sentinel-adapter/sentinel-apache-httpclient5-adapter/src/main/java/com/alibaba/csp/sentinel/adapter/apache/httpclient5/extractor/DefaultApacheHttpClientResourceExtractor.java wave8a httpclient/gateway [0:15]
2026-08-09T17:10:30Z DONE sentinel-adapter/sentinel-apache-httpclient5-adapter/src/main/java/com/alibaba/csp/sentinel/adapter/apache/httpclient5/fallback/ApacheHttpClientFallback.java wave8a httpclient/gateway [0:15]
2026-08-09T17:10:30Z DONE sentinel-adapter/sentinel-apache-httpclient5-adapter/src/main/java/com/alibaba/csp/sentinel/adapter/apache/httpclient5/fallback/DefaultApacheHttpClientFallback.java wave8a httpclient/gateway [0:15]
2026-08-09T17:10:30Z DONE sentinel-adapter/sentinel-api-gateway-adapter-common/src/main/java/com/alibaba/csp/sentinel/adapter/gateway/common/SentinelGatewayConstants.java wave8a httpclient/gateway [0:15]
2026-08-09T17:10:30Z DONE sentinel-adapter/sentinel-api-gateway-adapter-common/src/main/java/com/alibaba/csp/sentinel/adapter/gateway/common/api/ApiDefinition.java wave8a httpclient/gateway [0:15]
2026-08-09T17:10:30Z DONE sentinel-adapter/sentinel-api-gateway-adapter-common/src/main/java/com/alibaba/csp/sentinel/adapter/gateway/common/api/ApiDefinitionChangeObserver.java wave8a httpclient/gateway [0:15]
2026-08-09T17:10:30Z DONE sentinel-adapter/sentinel-api-gateway-adapter-common/src/main/java/com/alibaba/csp/sentinel/adapter/gateway/common/api/ApiPathPredicateItem.java wave8a httpclient/gateway [0:15]
2026-08-09T17:10:30Z DONE sentinel-adapter/sentinel-api-gateway-adapter-common/src/main/java/com/alibaba/csp/sentinel/adapter/gateway/common/api/ApiPredicateGroupItem.java wave8a httpclient/gateway [0:15]
2026-08-09T17:10:30Z DONE sentinel-adapter/sentinel-api-gateway-adapter-common/src/main/java/com/alibaba/csp/sentinel/adapter/gateway/common/api/ApiPredicateItem.java wave8a httpclient/gateway [0:15]
2026-08-09T17:10:38Z DONE sentinel-adapter/sentinel-api-gateway-adapter-common/src/main/java/com/alibaba/csp/sentinel/adapter/gateway/common/api/GatewayApiDefinitionManager.java wave8b gateway-common [15:30]
2026-08-09T17:10:38Z DONE sentinel-adapter/sentinel-api-gateway-adapter-common/src/main/java/com/alibaba/csp/sentinel/adapter/gateway/common/api/matcher/AbstractApiMatcher.java wave8b gateway-common [15:30]
2026-08-09T17:10:38Z DONE sentinel-adapter/sentinel-api-gateway-adapter-common/src/main/java/com/alibaba/csp/sentinel/adapter/gateway/common/command/GetGatewayApiDefinitionGroupCommandHandler.java wave8b gateway-common [15:30]
2026-08-09T17:10:38Z DONE sentinel-adapter/sentinel-api-gateway-adapter-common/src/main/java/com/alibaba/csp/sentinel/adapter/gateway/common/command/GetGatewayRuleCommandHandler.java wave8b gateway-common [15:30]
2026-08-09T17:10:38Z DONE sentinel-adapter/sentinel-api-gateway-adapter-common/src/main/java/com/alibaba/csp/sentinel/adapter/gateway/common/command/UpdateGatewayApiDefinitionGroupCommandHandler.java wave8b gateway-common [15:30]
2026-08-09T17:10:38Z DONE sentinel-adapter/sentinel-api-gateway-adapter-common/src/main/java/com/alibaba/csp/sentinel/adapter/gateway/common/command/UpdateGatewayRuleCommandHandler.java wave8b gateway-common [15:30]
2026-08-09T17:10:38Z DONE sentinel-adapter/sentinel-api-gateway-adapter-common/src/main/java/com/alibaba/csp/sentinel/adapter/gateway/common/param/ConfigurableRequestItemParser.java wave8b gateway-common [15:30]
2026-08-09T17:10:38Z DONE sentinel-adapter/sentinel-api-gateway-adapter-common/src/main/java/com/alibaba/csp/sentinel/adapter/gateway/common/param/GatewayParamParser.java wave8b gateway-common [15:30]
2026-08-09T17:10:38Z DONE sentinel-adapter/sentinel-api-gateway-adapter-common/src/main/java/com/alibaba/csp/sentinel/adapter/gateway/common/param/GatewayRegexCache.java wave8b gateway-common [15:30]
2026-08-09T17:10:38Z DONE sentinel-adapter/sentinel-api-gateway-adapter-common/src/main/java/com/alibaba/csp/sentinel/adapter/gateway/common/param/RequestItemParser.java wave8b gateway-common [15:30]
2026-08-09T17:10:38Z DONE sentinel-adapter/sentinel-api-gateway-adapter-common/src/main/java/com/alibaba/csp/sentinel/adapter/gateway/common/rule/GatewayFlowRule.java wave8b gateway-common [15:30]
2026-08-09T17:10:38Z DONE sentinel-adapter/sentinel-api-gateway-adapter-common/src/main/java/com/alibaba/csp/sentinel/adapter/gateway/common/rule/GatewayParamFlowItem.java wave8b gateway-common [15:30]
2026-08-09T17:10:38Z DONE sentinel-adapter/sentinel-api-gateway-adapter-common/src/main/java/com/alibaba/csp/sentinel/adapter/gateway/common/rule/GatewayRuleConverter.java wave8b gateway-common [15:30]
2026-08-09T17:10:38Z DONE sentinel-adapter/sentinel-api-gateway-adapter-common/src/main/java/com/alibaba/csp/sentinel/adapter/gateway/common/rule/GatewayRuleManager.java wave8b gateway-common [15:30]
2026-08-09T17:10:38Z DONE sentinel-adapter/sentinel-api-gateway-adapter-common/src/main/java/com/alibaba/csp/sentinel/adapter/gateway/common/slot/GatewayFlowSlot.java wave8b gateway-common [15:30]
2026-08-09T17:11:17Z DONE sentinel-adapter/sentinel-apache-httpclient-adapter/src/main/java/com/alibaba/csp/sentinel/adapter/apache/httpclient/extractor/DefaultApacheHttpClientResourceExtractor.java wave8a httpclient/gateway [0:15]
2026-08-09T17:11:17Z DONE sentinel-adapter/sentinel-apache-httpclient-adapter/src/main/java/com/alibaba/csp/sentinel/adapter/apache/httpclient/fallback/ApacheHttpClientFallback.java wave8a httpclient/gateway [0:15]
2026-08-09T17:11:17Z DONE sentinel-adapter/sentinel-apache-httpclient-adapter/src/main/java/com/alibaba/csp/sentinel/adapter/apache/httpclient/fallback/DefaultApacheHttpClientFallback.java wave8a httpclient/gateway [0:15]
2026-08-09T17:11:17Z DONE sentinel-adapter/sentinel-apache-httpclient5-adapter/src/main/java/com/alibaba/csp/sentinel/adapter/apache/httpclient5/SentinelApacheHttpClient5Handler.java wave8a httpclient/gateway [0:15]
2026-08-09T17:11:17Z DONE sentinel-adapter/sentinel-apache-httpclient5-adapter/src/main/java/com/alibaba/csp/sentinel/adapter/apache/httpclient5/config/SentinelApacheHttpClientConfig.java wave8a httpclient/gateway [0:15]
2026-08-09T17:11:17Z DONE sentinel-adapter/sentinel-apache-httpclient5-adapter/src/main/java/com/alibaba/csp/sentinel/adapter/apache/httpclient5/extractor/ApacheHttpClientResourceExtractor.java wave8a httpclient/gateway [0:15]
2026-08-09T17:11:17Z DONE sentinel-adapter/sentinel-apache-httpclient5-adapter/src/main/java/com/alibaba/csp/sentinel/adapter/apache/httpclient5/extractor/DefaultApacheHttpClientResourceExtractor.java wave8a httpclient/gateway [0:15]
2026-08-09T17:11:17Z DONE sentinel-adapter/sentinel-apache-httpclient5-adapter/src/main/java/com/alibaba/csp/sentinel/adapter/apache/httpclient5/fallback/ApacheHttpClientFallback.java wave8a httpclient/gateway [0:15]
2026-08-09T17:11:17Z DONE sentinel-adapter/sentinel-apache-httpclient5-adapter/src/main/java/com/alibaba/csp/sentinel/adapter/apache/httpclient5/fallback/DefaultApacheHttpClientFallback.java wave8a httpclient/gateway [0:15]
2026-08-09T17:11:17Z DONE sentinel-adapter/sentinel-api-gateway-adapter-common/src/main/java/com/alibaba/csp/sentinel/adapter/gateway/common/SentinelGatewayConstants.java wave8a httpclient/gateway [0:15]
2026-08-09T17:11:17Z DONE sentinel-adapter/sentinel-api-gateway-adapter-common/src/main/java/com/alibaba/csp/sentinel/adapter/gateway/common/api/ApiDefinition.java wave8a httpclient/gateway [0:15]
2026-08-09T17:11:17Z DONE sentinel-adapter/sentinel-api-gateway-adapter-common/src/main/java/com/alibaba/csp/sentinel/adapter/gateway/common/api/ApiDefinitionChangeObserver.java wave8a httpclient/gateway [0:15]
2026-08-09T17:11:17Z DONE sentinel-adapter/sentinel-api-gateway-adapter-common/src/main/java/com/alibaba/csp/sentinel/adapter/gateway/common/api/ApiPathPredicateItem.java wave8a httpclient/gateway [0:15]
2026-08-09T17:11:17Z DONE sentinel-adapter/sentinel-api-gateway-adapter-common/src/main/java/com/alibaba/csp/sentinel/adapter/gateway/common/api/ApiPredicateGroupItem.java wave8a httpclient/gateway [0:15]
2026-08-09T17:11:17Z DONE sentinel-adapter/sentinel-api-gateway-adapter-common/src/main/java/com/alibaba/csp/sentinel/adapter/gateway/common/api/ApiPredicateItem.java wave8a httpclient/gateway [0:15]
2026-08-09T17:11:58Z DONE sentinel-adapter/sentinel-api-gateway-adapter-common/src/main/java/com/alibaba/csp/sentinel/adapter/gateway/common/api/GatewayApiDefinitionManager.java wave8b gateway-common [15:30]
2026-08-09T17:11:58Z DONE sentinel-adapter/sentinel-api-gateway-adapter-common/src/main/java/com/alibaba/csp/sentinel/adapter/gateway/common/api/matcher/AbstractApiMatcher.java wave8b gateway-common [15:30]
2026-08-09T17:11:58Z DONE sentinel-adapter/sentinel-api-gateway-adapter-common/src/main/java/com/alibaba/csp/sentinel/adapter/gateway/common/command/GetGatewayApiDefinitionGroupCommandHandler.java wave8b gateway-common [15:30]
2026-08-09T17:11:58Z DONE sentinel-adapter/sentinel-api-gateway-adapter-common/src/main/java/com/alibaba/csp/sentinel/adapter/gateway/common/command/GetGatewayRuleCommandHandler.java wave8b gateway-common [15:30]
2026-08-09T17:11:58Z DONE sentinel-adapter/sentinel-api-gateway-adapter-common/src/main/java/com/alibaba/csp/sentinel/adapter/gateway/common/command/UpdateGatewayApiDefinitionGroupCommandHandler.java wave8b gateway-common [15:30]
2026-08-09T17:11:58Z DONE sentinel-adapter/sentinel-api-gateway-adapter-common/src/main/java/com/alibaba/csp/sentinel/adapter/gateway/common/command/UpdateGatewayRuleCommandHandler.java wave8b gateway-common [15:30]
2026-08-09T17:11:58Z DONE sentinel-adapter/sentinel-api-gateway-adapter-common/src/main/java/com/alibaba/csp/sentinel/adapter/gateway/common/param/ConfigurableRequestItemParser.java wave8b gateway-common [15:30]
2026-08-09T17:11:58Z DONE sentinel-adapter/sentinel-api-gateway-adapter-common/src/main/java/com/alibaba/csp/sentinel/adapter/gateway/common/param/GatewayParamParser.java wave8b gateway-common [15:30]
2026-08-09T17:11:58Z DONE sentinel-adapter/sentinel-api-gateway-adapter-common/src/main/java/com/alibaba/csp/sentinel/adapter/gateway/common/param/GatewayRegexCache.java wave8b gateway-common [15:30]
2026-08-09T17:11:58Z DONE sentinel-adapter/sentinel-api-gateway-adapter-common/src/main/java/com/alibaba/csp/sentinel/adapter/gateway/common/param/RequestItemParser.java wave8b gateway-common [15:30]
2026-08-09T17:11:58Z DONE sentinel-adapter/sentinel-api-gateway-adapter-common/src/main/java/com/alibaba/csp/sentinel/adapter/gateway/common/rule/GatewayFlowRule.java wave8b gateway-common [15:30]
2026-08-09T17:11:58Z DONE sentinel-adapter/sentinel-api-gateway-adapter-common/src/main/java/com/alibaba/csp/sentinel/adapter/gateway/common/rule/GatewayParamFlowItem.java wave8b gateway-common [15:30]
2026-08-09T17:11:58Z DONE sentinel-adapter/sentinel-api-gateway-adapter-common/src/main/java/com/alibaba/csp/sentinel/adapter/gateway/common/rule/GatewayRuleConverter.java wave8b gateway-common [15:30]
2026-08-09T17:11:58Z DONE sentinel-adapter/sentinel-api-gateway-adapter-common/src/main/java/com/alibaba/csp/sentinel/adapter/gateway/common/rule/GatewayRuleManager.java wave8b gateway-common [15:30]
2026-08-09T17:11:58Z DONE sentinel-adapter/sentinel-api-gateway-adapter-common/src/main/java/com/alibaba/csp/sentinel/adapter/gateway/common/slot/GatewayFlowSlot.java wave8b gateway-common [15:30]
2026-08-09T17:16:26Z DONE sentinel-adapter/sentinel-apache-httpclient-adapter/src/main/java/com/alibaba/csp/sentinel/adapter/apache/httpclient/extractor/DefaultApacheHttpClientResourceExtractor.java wave8a httpclient/gateway-api [0:15]
2026-08-09T17:16:26Z DONE sentinel-adapter/sentinel-apache-httpclient-adapter/src/main/java/com/alibaba/csp/sentinel/adapter/apache/httpclient/fallback/ApacheHttpClientFallback.java wave8a httpclient/gateway-api [0:15]
2026-08-09T17:16:26Z DONE sentinel-adapter/sentinel-apache-httpclient-adapter/src/main/java/com/alibaba/csp/sentinel/adapter/apache/httpclient/fallback/DefaultApacheHttpClientFallback.java wave8a httpclient/gateway-api [0:15]
2026-08-09T17:16:26Z DONE sentinel-adapter/sentinel-apache-httpclient5-adapter/src/main/java/com/alibaba/csp/sentinel/adapter/apache/httpclient5/SentinelApacheHttpClient5Handler.java wave8a httpclient/gateway-api [0:15]
2026-08-09T17:16:26Z DONE sentinel-adapter/sentinel-apache-httpclient5-adapter/src/main/java/com/alibaba/csp/sentinel/adapter/apache/httpclient5/config/SentinelApacheHttpClientConfig.java wave8a httpclient/gateway-api [0:15]
2026-08-09T17:16:26Z DONE sentinel-adapter/sentinel-apache-httpclient5-adapter/src/main/java/com/alibaba/csp/sentinel/adapter/apache/httpclient5/extractor/ApacheHttpClientResourceExtractor.java wave8a httpclient/gateway-api [0:15]
2026-08-09T17:16:26Z DONE sentinel-adapter/sentinel-apache-httpclient5-adapter/src/main/java/com/alibaba/csp/sentinel/adapter/apache/httpclient5/extractor/DefaultApacheHttpClientResourceExtractor.java wave8a httpclient/gateway-api [0:15]
2026-08-09T17:16:26Z DONE sentinel-adapter/sentinel-apache-httpclient5-adapter/src/main/java/com/alibaba/csp/sentinel/adapter/apache/httpclient5/fallback/ApacheHttpClientFallback.java wave8a httpclient/gateway-api [0:15]
2026-08-09T17:16:26Z DONE sentinel-adapter/sentinel-apache-httpclient5-adapter/src/main/java/com/alibaba/csp/sentinel/adapter/apache/httpclient5/fallback/DefaultApacheHttpClientFallback.java wave8a httpclient/gateway-api [0:15]
2026-08-09T17:16:26Z DONE sentinel-adapter/sentinel-api-gateway-adapter-common/src/main/java/com/alibaba/csp/sentinel/adapter/gateway/common/SentinelGatewayConstants.java wave8a httpclient/gateway-api [0:15]
2026-08-09T17:16:26Z DONE sentinel-adapter/sentinel-api-gateway-adapter-common/src/main/java/com/alibaba/csp/sentinel/adapter/gateway/common/api/ApiDefinition.java wave8a httpclient/gateway-api [0:15]
2026-08-09T17:16:26Z DONE sentinel-adapter/sentinel-api-gateway-adapter-common/src/main/java/com/alibaba/csp/sentinel/adapter/gateway/common/api/ApiDefinitionChangeObserver.java wave8a httpclient/gateway-api [0:15]
2026-08-09T17:16:26Z DONE sentinel-adapter/sentinel-api-gateway-adapter-common/src/main/java/com/alibaba/csp/sentinel/adapter/gateway/common/api/ApiPathPredicateItem.java wave8a httpclient/gateway-api [0:15]
2026-08-09T17:16:26Z DONE sentinel-adapter/sentinel-api-gateway-adapter-common/src/main/java/com/alibaba/csp/sentinel/adapter/gateway/common/api/ApiPredicateGroupItem.java wave8a httpclient/gateway-api [0:15]
2026-08-09T17:16:26Z DONE sentinel-adapter/sentinel-api-gateway-adapter-common/src/main/java/com/alibaba/csp/sentinel/adapter/gateway/common/api/ApiPredicateItem.java wave8a httpclient/gateway-api [0:15]
2026-08-09T17:17:36Z DONE sentinel-adapter/sentinel-apache-httpclient-adapter/src/main/java/com/alibaba/csp/sentinel/adapter/apache/httpclient/extractor/DefaultApacheHttpClientResourceExtractor.java wave8a httpclient/gateway-api [0:15]
2026-08-09T17:17:36Z DONE sentinel-adapter/sentinel-apache-httpclient-adapter/src/main/java/com/alibaba/csp/sentinel/adapter/apache/httpclient/fallback/ApacheHttpClientFallback.java wave8a httpclient/gateway-api [0:15]
2026-08-09T17:17:36Z DONE sentinel-adapter/sentinel-apache-httpclient-adapter/src/main/java/com/alibaba/csp/sentinel/adapter/apache/httpclient/fallback/DefaultApacheHttpClientFallback.java wave8a httpclient/gateway-api [0:15]
2026-08-09T17:17:36Z DONE sentinel-adapter/sentinel-apache-httpclient5-adapter/src/main/java/com/alibaba/csp/sentinel/adapter/apache/httpclient5/SentinelApacheHttpClient5Handler.java wave8a httpclient/gateway-api [0:15]
2026-08-09T17:17:36Z DONE sentinel-adapter/sentinel-apache-httpclient5-adapter/src/main/java/com/alibaba/csp/sentinel/adapter/apache/httpclient5/config/SentinelApacheHttpClientConfig.java wave8a httpclient/gateway-api [0:15]
2026-08-09T17:17:36Z DONE sentinel-adapter/sentinel-apache-httpclient5-adapter/src/main/java/com/alibaba/csp/sentinel/adapter/apache/httpclient5/extractor/ApacheHttpClientResourceExtractor.java wave8a httpclient/gateway-api [0:15]
2026-08-09T17:17:36Z DONE sentinel-adapter/sentinel-apache-httpclient5-adapter/src/main/java/com/alibaba/csp/sentinel/adapter/apache/httpclient5/extractor/DefaultApacheHttpClientResourceExtractor.java wave8a httpclient/gateway-api [0:15]
2026-08-09T17:17:36Z DONE sentinel-adapter/sentinel-apache-httpclient5-adapter/src/main/java/com/alibaba/csp/sentinel/adapter/apache/httpclient5/fallback/ApacheHttpClientFallback.java wave8a httpclient/gateway-api [0:15]
2026-08-09T17:17:36Z DONE sentinel-adapter/sentinel-apache-httpclient5-adapter/src/main/java/com/alibaba/csp/sentinel/adapter/apache/httpclient5/fallback/DefaultApacheHttpClientFallback.java wave8a httpclient/gateway-api [0:15]
2026-08-09T17:17:36Z DONE sentinel-adapter/sentinel-api-gateway-adapter-common/src/main/java/com/alibaba/csp/sentinel/adapter/gateway/common/SentinelGatewayConstants.java wave8a httpclient/gateway-api [0:15]
2026-08-09T17:17:36Z DONE sentinel-adapter/sentinel-api-gateway-adapter-common/src/main/java/com/alibaba/csp/sentinel/adapter/gateway/common/api/ApiDefinition.java wave8a httpclient/gateway-api [0:15]
2026-08-09T17:17:36Z DONE sentinel-adapter/sentinel-api-gateway-adapter-common/src/main/java/com/alibaba/csp/sentinel/adapter/gateway/common/api/ApiDefinitionChangeObserver.java wave8a httpclient/gateway-api [0:15]
2026-08-09T17:17:36Z DONE sentinel-adapter/sentinel-api-gateway-adapter-common/src/main/java/com/alibaba/csp/sentinel/adapter/gateway/common/api/ApiPathPredicateItem.java wave8a httpclient/gateway-api [0:15]
2026-08-09T17:17:36Z DONE sentinel-adapter/sentinel-api-gateway-adapter-common/src/main/java/com/alibaba/csp/sentinel/adapter/gateway/common/api/ApiPredicateGroupItem.java wave8a httpclient/gateway-api [0:15]
2026-08-09T17:17:36Z DONE sentinel-adapter/sentinel-api-gateway-adapter-common/src/main/java/com/alibaba/csp/sentinel/adapter/gateway/common/api/ApiPredicateItem.java wave8a httpclient/gateway-api [0:15]
2026-08-09T17:17:50Z DONE sentinel-adapter/sentinel-apache-httpclient-adapter/src/main/java/com/alibaba/csp/sentinel/adapter/apache/httpclient/extractor/DefaultApacheHttpClientResourceExtractor.java wave8a httpclient/gateway-api [0:15]
2026-08-09T17:17:50Z DONE sentinel-adapter/sentinel-apache-httpclient-adapter/src/main/java/com/alibaba/csp/sentinel/adapter/apache/httpclient/fallback/ApacheHttpClientFallback.java wave8a httpclient/gateway-api [0:15]
2026-08-09T17:17:50Z DONE sentinel-adapter/sentinel-apache-httpclient-adapter/src/main/java/com/alibaba/csp/sentinel/adapter/apache/httpclient/fallback/DefaultApacheHttpClientFallback.java wave8a httpclient/gateway-api [0:15]
2026-08-09T17:17:50Z DONE sentinel-adapter/sentinel-apache-httpclient5-adapter/src/main/java/com/alibaba/csp/sentinel/adapter/apache/httpclient5/SentinelApacheHttpClient5Handler.java wave8a httpclient/gateway-api [0:15]
2026-08-09T17:17:50Z DONE sentinel-adapter/sentinel-apache-httpclient5-adapter/src/main/java/com/alibaba/csp/sentinel/adapter/apache/httpclient5/config/SentinelApacheHttpClientConfig.java wave8a httpclient/gateway-api [0:15]
2026-08-09T17:17:50Z DONE sentinel-adapter/sentinel-apache-httpclient5-adapter/src/main/java/com/alibaba/csp/sentinel/adapter/apache/httpclient5/extractor/ApacheHttpClientResourceExtractor.java wave8a httpclient/gateway-api [0:15]
2026-08-09T17:17:50Z DONE sentinel-adapter/sentinel-apache-httpclient5-adapter/src/main/java/com/alibaba/csp/sentinel/adapter/apache/httpclient5/extractor/DefaultApacheHttpClientResourceExtractor.java wave8a httpclient/gateway-api [0:15]
2026-08-09T17:17:50Z DONE sentinel-adapter/sentinel-apache-httpclient5-adapter/src/main/java/com/alibaba/csp/sentinel/adapter/apache/httpclient5/fallback/ApacheHttpClientFallback.java wave8a httpclient/gateway-api [0:15]
2026-08-09T17:17:50Z DONE sentinel-adapter/sentinel-apache-httpclient5-adapter/src/main/java/com/alibaba/csp/sentinel/adapter/apache/httpclient5/fallback/DefaultApacheHttpClientFallback.java wave8a httpclient/gateway-api [0:15]
2026-08-09T17:17:50Z DONE sentinel-adapter/sentinel-api-gateway-adapter-common/src/main/java/com/alibaba/csp/sentinel/adapter/gateway/common/SentinelGatewayConstants.java wave8a httpclient/gateway-api [0:15]
2026-08-09T17:17:50Z DONE sentinel-adapter/sentinel-api-gateway-adapter-common/src/main/java/com/alibaba/csp/sentinel/adapter/gateway/common/api/ApiDefinition.java wave8a httpclient/gateway-api [0:15]
2026-08-09T17:17:50Z DONE sentinel-adapter/sentinel-api-gateway-adapter-common/src/main/java/com/alibaba/csp/sentinel/adapter/gateway/common/api/ApiDefinitionChangeObserver.java wave8a httpclient/gateway-api [0:15]
2026-08-09T17:17:50Z DONE sentinel-adapter/sentinel-api-gateway-adapter-common/src/main/java/com/alibaba/csp/sentinel/adapter/gateway/common/api/ApiPathPredicateItem.java wave8a httpclient/gateway-api [0:15]
2026-08-09T17:17:50Z DONE sentinel-adapter/sentinel-api-gateway-adapter-common/src/main/java/com/alibaba/csp/sentinel/adapter/gateway/common/api/ApiPredicateGroupItem.java wave8a httpclient/gateway-api [0:15]
2026-08-09T17:17:50Z DONE sentinel-adapter/sentinel-api-gateway-adapter-common/src/main/java/com/alibaba/csp/sentinel/adapter/gateway/common/api/ApiPredicateItem.java wave8a httpclient/gateway-api [0:15]
2026-08-09T17:18:34Z DONE sentinel-adapter/sentinel-apache-httpclient-adapter/src/main/java/com/alibaba/csp/sentinel/adapter/apache/httpclient/extractor/DefaultApacheHttpClientResourceExtractor.java wave8a httpclient/gateway-api [0:15]
2026-08-09T17:18:34Z DONE sentinel-adapter/sentinel-apache-httpclient-adapter/src/main/java/com/alibaba/csp/sentinel/adapter/apache/httpclient/fallback/ApacheHttpClientFallback.java wave8a httpclient/gateway-api [0:15]
2026-08-09T17:18:34Z DONE sentinel-adapter/sentinel-apache-httpclient-adapter/src/main/java/com/alibaba/csp/sentinel/adapter/apache/httpclient/fallback/DefaultApacheHttpClientFallback.java wave8a httpclient/gateway-api [0:15]
2026-08-09T17:18:34Z DONE sentinel-adapter/sentinel-apache-httpclient5-adapter/src/main/java/com/alibaba/csp/sentinel/adapter/apache/httpclient5/SentinelApacheHttpClient5Handler.java wave8a httpclient/gateway-api [0:15]
2026-08-09T17:18:34Z DONE sentinel-adapter/sentinel-apache-httpclient5-adapter/src/main/java/com/alibaba/csp/sentinel/adapter/apache/httpclient5/config/SentinelApacheHttpClientConfig.java wave8a httpclient/gateway-api [0:15]
2026-08-09T17:18:34Z DONE sentinel-adapter/sentinel-apache-httpclient5-adapter/src/main/java/com/alibaba/csp/sentinel/adapter/apache/httpclient5/extractor/ApacheHttpClientResourceExtractor.java wave8a httpclient/gateway-api [0:15]
2026-08-09T17:18:34Z DONE sentinel-adapter/sentinel-apache-httpclient5-adapter/src/main/java/com/alibaba/csp/sentinel/adapter/apache/httpclient5/extractor/DefaultApacheHttpClientResourceExtractor.java wave8a httpclient/gateway-api [0:15]
2026-08-09T17:18:34Z DONE sentinel-adapter/sentinel-apache-httpclient5-adapter/src/main/java/com/alibaba/csp/sentinel/adapter/apache/httpclient5/fallback/ApacheHttpClientFallback.java wave8a httpclient/gateway-api [0:15]
2026-08-09T17:18:34Z DONE sentinel-adapter/sentinel-apache-httpclient5-adapter/src/main/java/com/alibaba/csp/sentinel/adapter/apache/httpclient5/fallback/DefaultApacheHttpClientFallback.java wave8a httpclient/gateway-api [0:15]
2026-08-09T17:18:34Z DONE sentinel-adapter/sentinel-api-gateway-adapter-common/src/main/java/com/alibaba/csp/sentinel/adapter/gateway/common/SentinelGatewayConstants.java wave8a httpclient/gateway-api [0:15]
2026-08-09T17:18:34Z DONE sentinel-adapter/sentinel-api-gateway-adapter-common/src/main/java/com/alibaba/csp/sentinel/adapter/gateway/common/api/ApiDefinition.java wave8a httpclient/gateway-api [0:15]
2026-08-09T17:18:34Z DONE sentinel-adapter/sentinel-api-gateway-adapter-common/src/main/java/com/alibaba/csp/sentinel/adapter/gateway/common/api/ApiDefinitionChangeObserver.java wave8a httpclient/gateway-api [0:15]
2026-08-09T17:18:34Z DONE sentinel-adapter/sentinel-api-gateway-adapter-common/src/main/java/com/alibaba/csp/sentinel/adapter/gateway/common/api/ApiPathPredicateItem.java wave8a httpclient/gateway-api [0:15]
2026-08-09T17:18:34Z DONE sentinel-adapter/sentinel-api-gateway-adapter-common/src/main/java/com/alibaba/csp/sentinel/adapter/gateway/common/api/ApiPredicateGroupItem.java wave8a httpclient/gateway-api [0:15]
2026-08-09T17:18:34Z DONE sentinel-adapter/sentinel-api-gateway-adapter-common/src/main/java/com/alibaba/csp/sentinel/adapter/gateway/common/api/ApiPredicateItem.java wave8a httpclient/gateway-api [0:15]
2026-08-09T17:18:48Z DONE sentinel-adapter/sentinel-apache-httpclient-adapter/src/main/java/com/alibaba/csp/sentinel/adapter/apache/httpclient/extractor/DefaultApacheHttpClientResourceExtractor.java wave8a httpclient/gateway-api [0:15]
2026-08-09T17:18:48Z DONE sentinel-adapter/sentinel-apache-httpclient-adapter/src/main/java/com/alibaba/csp/sentinel/adapter/apache/httpclient/fallback/ApacheHttpClientFallback.java wave8a httpclient/gateway-api [0:15]
2026-08-09T17:18:48Z DONE sentinel-adapter/sentinel-apache-httpclient-adapter/src/main/java/com/alibaba/csp/sentinel/adapter/apache/httpclient/fallback/DefaultApacheHttpClientFallback.java wave8a httpclient/gateway-api [0:15]
2026-08-09T17:18:48Z DONE sentinel-adapter/sentinel-apache-httpclient5-adapter/src/main/java/com/alibaba/csp/sentinel/adapter/apache/httpclient5/SentinelApacheHttpClient5Handler.java wave8a httpclient/gateway-api [0:15]
2026-08-09T17:18:48Z DONE sentinel-adapter/sentinel-apache-httpclient5-adapter/src/main/java/com/alibaba/csp/sentinel/adapter/apache/httpclient5/config/SentinelApacheHttpClientConfig.java wave8a httpclient/gateway-api [0:15]
2026-08-09T17:18:48Z DONE sentinel-adapter/sentinel-apache-httpclient5-adapter/src/main/java/com/alibaba/csp/sentinel/adapter/apache/httpclient5/extractor/ApacheHttpClientResourceExtractor.java wave8a httpclient/gateway-api [0:15]
2026-08-09T17:18:48Z DONE sentinel-adapter/sentinel-apache-httpclient5-adapter/src/main/java/com/alibaba/csp/sentinel/adapter/apache/httpclient5/extractor/DefaultApacheHttpClientResourceExtractor.java wave8a httpclient/gateway-api [0:15]
2026-08-09T17:18:48Z DONE sentinel-adapter/sentinel-apache-httpclient5-adapter/src/main/java/com/alibaba/csp/sentinel/adapter/apache/httpclient5/fallback/ApacheHttpClientFallback.java wave8a httpclient/gateway-api [0:15]
2026-08-09T17:18:48Z DONE sentinel-adapter/sentinel-apache-httpclient5-adapter/src/main/java/com/alibaba/csp/sentinel/adapter/apache/httpclient5/fallback/DefaultApacheHttpClientFallback.java wave8a httpclient/gateway-api [0:15]
2026-08-09T17:18:48Z DONE sentinel-adapter/sentinel-api-gateway-adapter-common/src/main/java/com/alibaba/csp/sentinel/adapter/gateway/common/SentinelGatewayConstants.java wave8a httpclient/gateway-api [0:15]
2026-08-09T17:18:48Z DONE sentinel-adapter/sentinel-api-gateway-adapter-common/src/main/java/com/alibaba/csp/sentinel/adapter/gateway/common/api/ApiDefinition.java wave8a httpclient/gateway-api [0:15]
2026-08-09T17:18:48Z DONE sentinel-adapter/sentinel-api-gateway-adapter-common/src/main/java/com/alibaba/csp/sentinel/adapter/gateway/common/api/ApiDefinitionChangeObserver.java wave8a httpclient/gateway-api [0:15]
2026-08-09T17:18:48Z DONE sentinel-adapter/sentinel-api-gateway-adapter-common/src/main/java/com/alibaba/csp/sentinel/adapter/gateway/common/api/ApiPathPredicateItem.java wave8a httpclient/gateway-api [0:15]
2026-08-09T17:18:48Z DONE sentinel-adapter/sentinel-api-gateway-adapter-common/src/main/java/com/alibaba/csp/sentinel/adapter/gateway/common/api/ApiPredicateGroupItem.java wave8a httpclient/gateway-api [0:15]
2026-08-09T17:18:48Z DONE sentinel-adapter/sentinel-api-gateway-adapter-common/src/main/java/com/alibaba/csp/sentinel/adapter/gateway/common/api/ApiPredicateItem.java wave8a httpclient/gateway-api [0:15]
2026-08-09T17:19:06Z DONE sentinel-adapter/sentinel-apache-httpclient-adapter/src/main/java/com/alibaba/csp/sentinel/adapter/apache/httpclient/extractor/DefaultApacheHttpClientResourceExtractor.java wave8a httpclient/gateway-api [0:15]
2026-08-09T17:19:06Z DONE sentinel-adapter/sentinel-apache-httpclient-adapter/src/main/java/com/alibaba/csp/sentinel/adapter/apache/httpclient/fallback/ApacheHttpClientFallback.java wave8a httpclient/gateway-api [0:15]
2026-08-09T17:19:06Z DONE sentinel-adapter/sentinel-apache-httpclient-adapter/src/main/java/com/alibaba/csp/sentinel/adapter/apache/httpclient/fallback/DefaultApacheHttpClientFallback.java wave8a httpclient/gateway-api [0:15]
2026-08-09T17:19:06Z DONE sentinel-adapter/sentinel-apache-httpclient5-adapter/src/main/java/com/alibaba/csp/sentinel/adapter/apache/httpclient5/SentinelApacheHttpClient5Handler.java wave8a httpclient/gateway-api [0:15]
2026-08-09T17:19:06Z DONE sentinel-adapter/sentinel-apache-httpclient5-adapter/src/main/java/com/alibaba/csp/sentinel/adapter/apache/httpclient5/config/SentinelApacheHttpClientConfig.java wave8a httpclient/gateway-api [0:15]
2026-08-09T17:19:06Z DONE sentinel-adapter/sentinel-apache-httpclient5-adapter/src/main/java/com/alibaba/csp/sentinel/adapter/apache/httpclient5/extractor/ApacheHttpClientResourceExtractor.java wave8a httpclient/gateway-api [0:15]
2026-08-09T17:19:06Z DONE sentinel-adapter/sentinel-apache-httpclient5-adapter/src/main/java/com/alibaba/csp/sentinel/adapter/apache/httpclient5/extractor/DefaultApacheHttpClientResourceExtractor.java wave8a httpclient/gateway-api [0:15]
2026-08-09T17:19:06Z DONE sentinel-adapter/sentinel-apache-httpclient5-adapter/src/main/java/com/alibaba/csp/sentinel/adapter/apache/httpclient5/fallback/ApacheHttpClientFallback.java wave8a httpclient/gateway-api [0:15]
2026-08-09T17:19:06Z DONE sentinel-adapter/sentinel-apache-httpclient5-adapter/src/main/java/com/alibaba/csp/sentinel/adapter/apache/httpclient5/fallback/DefaultApacheHttpClientFallback.java wave8a httpclient/gateway-api [0:15]
2026-08-09T17:19:06Z DONE sentinel-adapter/sentinel-api-gateway-adapter-common/src/main/java/com/alibaba/csp/sentinel/adapter/gateway/common/SentinelGatewayConstants.java wave8a httpclient/gateway-api [0:15]
2026-08-09T17:19:06Z DONE sentinel-adapter/sentinel-api-gateway-adapter-common/src/main/java/com/alibaba/csp/sentinel/adapter/gateway/common/api/ApiDefinition.java wave8a httpclient/gateway-api [0:15]
2026-08-09T17:19:06Z DONE sentinel-adapter/sentinel-api-gateway-adapter-common/src/main/java/com/alibaba/csp/sentinel/adapter/gateway/common/api/ApiDefinitionChangeObserver.java wave8a httpclient/gateway-api [0:15]
2026-08-09T17:19:06Z DONE sentinel-adapter/sentinel-api-gateway-adapter-common/src/main/java/com/alibaba/csp/sentinel/adapter/gateway/common/api/ApiPathPredicateItem.java wave8a httpclient/gateway-api [0:15]
2026-08-09T17:19:06Z DONE sentinel-adapter/sentinel-api-gateway-adapter-common/src/main/java/com/alibaba/csp/sentinel/adapter/gateway/common/api/ApiPredicateGroupItem.java wave8a httpclient/gateway-api [0:15]
2026-08-09T17:19:06Z DONE sentinel-adapter/sentinel-api-gateway-adapter-common/src/main/java/com/alibaba/csp/sentinel/adapter/gateway/common/api/ApiPredicateItem.java wave8a httpclient/gateway-api [0:15]
2026-08-09T17:20:04Z DONE sentinel-adapter/sentinel-api-gateway-adapter-common/src/main/java/com/alibaba/csp/sentinel/adapter/gateway/common/slot/GatewaySlotChainBuilder.java wave9a gateway/dubbo/grpc/jaxrs [0:15]
2026-08-09T17:20:04Z DONE sentinel-adapter/sentinel-dubbo-adapter/src/main/java/com/alibaba/csp/sentinel/adapter/dubbo/AbstractDubboFilter.java wave9a gateway/dubbo/grpc/jaxrs [0:15]
2026-08-09T17:20:04Z DONE sentinel-adapter/sentinel-dubbo-adapter/src/main/java/com/alibaba/csp/sentinel/adapter/dubbo/DubboAdapterGlobalConfig.java wave9a gateway/dubbo/grpc/jaxrs [0:15]
2026-08-09T17:20:04Z DONE sentinel-adapter/sentinel-dubbo-adapter/src/main/java/com/alibaba/csp/sentinel/adapter/dubbo/DubboAppContextFilter.java wave9a gateway/dubbo/grpc/jaxrs [0:15]
2026-08-09T17:20:04Z DONE sentinel-adapter/sentinel-dubbo-adapter/src/main/java/com/alibaba/csp/sentinel/adapter/dubbo/DubboUtils.java wave9a gateway/dubbo/grpc/jaxrs [0:15]
2026-08-09T17:20:04Z DONE sentinel-adapter/sentinel-dubbo-adapter/src/main/java/com/alibaba/csp/sentinel/adapter/dubbo/SentinelDubboConsumerFilter.java wave9a gateway/dubbo/grpc/jaxrs [0:15]
2026-08-09T17:20:04Z DONE sentinel-adapter/sentinel-dubbo-adapter/src/main/java/com/alibaba/csp/sentinel/adapter/dubbo/SentinelDubboProviderFilter.java wave9a gateway/dubbo/grpc/jaxrs [0:15]
2026-08-09T17:20:04Z DONE sentinel-adapter/sentinel-dubbo-adapter/src/main/java/com/alibaba/csp/sentinel/adapter/dubbo/fallback/DefaultDubboFallback.java wave9a gateway/dubbo/grpc/jaxrs [0:15]
2026-08-09T17:20:04Z DONE sentinel-adapter/sentinel-dubbo-adapter/src/main/java/com/alibaba/csp/sentinel/adapter/dubbo/fallback/DubboFallback.java wave9a gateway/dubbo/grpc/jaxrs [0:15]
2026-08-09T17:20:04Z DONE sentinel-adapter/sentinel-dubbo-adapter/src/main/java/com/alibaba/csp/sentinel/adapter/dubbo/fallback/DubboFallbackRegistry.java wave9a gateway/dubbo/grpc/jaxrs [0:15]
2026-08-09T17:20:04Z DONE sentinel-adapter/sentinel-dubbo-adapter/src/main/java/com/alibaba/csp/sentinel/adapter/dubbo/origin/DefaultDubboOriginParser.java wave9a gateway/dubbo/grpc/jaxrs [0:15]
2026-08-09T17:20:04Z DONE sentinel-adapter/sentinel-dubbo-adapter/src/main/java/com/alibaba/csp/sentinel/adapter/dubbo/origin/DubboOriginParser.java wave9a gateway/dubbo/grpc/jaxrs [0:15]
2026-08-09T17:20:04Z DONE sentinel-adapter/sentinel-grpc-adapter/src/main/java/com/alibaba/csp/sentinel/adapter/grpc/SentinelGrpcClientInterceptor.java wave9a gateway/dubbo/grpc/jaxrs [0:15]
2026-08-09T17:20:04Z DONE sentinel-adapter/sentinel-grpc-adapter/src/main/java/com/alibaba/csp/sentinel/adapter/grpc/SentinelGrpcServerInterceptor.java wave9a gateway/dubbo/grpc/jaxrs [0:15]
2026-08-09T17:20:04Z DONE sentinel-adapter/sentinel-jax-rs-adapter/src/main/java/com/alibaba/csp/sentinel/adapter/jaxrs/SentinelJaxRsClientTemplate.java wave9a gateway/dubbo/grpc/jaxrs [0:15]
2026-08-09T17:20:09Z DONE sentinel-adapter/sentinel-jax-rs-adapter/src/main/java/com/alibaba/csp/sentinel/adapter/jaxrs/SentinelJaxRsProviderFilter.java wave9b jaxrs/motan [15:30]
2026-08-09T17:20:09Z DONE sentinel-adapter/sentinel-jax-rs-adapter/src/main/java/com/alibaba/csp/sentinel/adapter/jaxrs/config/SentinelJaxRsConfig.java wave9b jaxrs/motan [15:30]
2026-08-09T17:20:09Z DONE sentinel-adapter/sentinel-jax-rs-adapter/src/main/java/com/alibaba/csp/sentinel/adapter/jaxrs/exception/DefaultExceptionMapper.java wave9b jaxrs/motan [15:30]
2026-08-09T17:20:09Z DONE sentinel-adapter/sentinel-jax-rs-adapter/src/main/java/com/alibaba/csp/sentinel/adapter/jaxrs/fallback/DefaultSentinelJaxRsFallback.java wave9b jaxrs/motan [15:30]
2026-08-09T17:20:09Z DONE sentinel-adapter/sentinel-jax-rs-adapter/src/main/java/com/alibaba/csp/sentinel/adapter/jaxrs/fallback/SentinelJaxRsFallback.java wave9b jaxrs/motan [15:30]
2026-08-09T17:20:09Z DONE sentinel-adapter/sentinel-jax-rs-adapter/src/main/java/com/alibaba/csp/sentinel/adapter/jaxrs/future/FutureWrapper.java wave9b jaxrs/motan [15:30]
2026-08-09T17:20:09Z DONE sentinel-adapter/sentinel-jax-rs-adapter/src/main/java/com/alibaba/csp/sentinel/adapter/jaxrs/request/DefaultRequestOriginParser.java wave9b jaxrs/motan [15:30]
2026-08-09T17:20:09Z DONE sentinel-adapter/sentinel-jax-rs-adapter/src/main/java/com/alibaba/csp/sentinel/adapter/jaxrs/request/DefaultResourceNameParser.java wave9b jaxrs/motan [15:30]
2026-08-09T17:20:09Z DONE sentinel-adapter/sentinel-jax-rs-adapter/src/main/java/com/alibaba/csp/sentinel/adapter/jaxrs/request/RequestOriginParser.java wave9b jaxrs/motan [15:30]
2026-08-09T17:20:09Z DONE sentinel-adapter/sentinel-jax-rs-adapter/src/main/java/com/alibaba/csp/sentinel/adapter/jaxrs/request/ResourceNameParser.java wave9b jaxrs/motan [15:30]
2026-08-09T17:20:09Z DONE sentinel-adapter/sentinel-motan-adapter/src/main/java/com/alibaba/csp/sentinel/adapter/motan/MotanUtils.java wave9b jaxrs/motan [15:30]
2026-08-09T17:20:09Z DONE sentinel-adapter/sentinel-motan-adapter/src/main/java/com/alibaba/csp/sentinel/adapter/motan/SentinelMotanConsumerFilter.java wave9b jaxrs/motan [15:30]
2026-08-09T17:20:09Z DONE sentinel-adapter/sentinel-motan-adapter/src/main/java/com/alibaba/csp/sentinel/adapter/motan/SentinelMotanProviderFilter.java wave9b jaxrs/motan [15:30]
2026-08-09T17:20:09Z DONE sentinel-adapter/sentinel-motan-adapter/src/main/java/com/alibaba/csp/sentinel/adapter/motan/config/MotanAdapterGlobalConfig.java wave9b jaxrs/motan [15:30]
2026-08-09T17:20:09Z DONE sentinel-adapter/sentinel-motan-adapter/src/main/java/com/alibaba/csp/sentinel/adapter/motan/fallback/DefaultMotanFallback.java wave9b jaxrs/motan [15:30]
2026-08-09T17:22:31Z DONE sentinel-adapter/sentinel-reactor-adapter/src/main/java/com/alibaba/csp/sentinel/adapter/reactor/MonoSentinelOperator.java wave10b reactor/sofa/scg [15:30]
2026-08-09T17:22:31Z DONE sentinel-adapter/sentinel-reactor-adapter/src/main/java/com/alibaba/csp/sentinel/adapter/reactor/ReactorSphU.java wave10b reactor/sofa/scg [15:30]
2026-08-09T17:22:31Z DONE sentinel-adapter/sentinel-reactor-adapter/src/main/java/com/alibaba/csp/sentinel/adapter/reactor/SentinelReactorConstants.java wave10b reactor/sofa/scg [15:30]
2026-08-09T17:22:31Z DONE sentinel-adapter/sentinel-reactor-adapter/src/main/java/com/alibaba/csp/sentinel/adapter/reactor/SentinelReactorSubscriber.java wave10b reactor/sofa/scg [15:30]
2026-08-09T17:22:31Z DONE sentinel-adapter/sentinel-reactor-adapter/src/main/java/com/alibaba/csp/sentinel/adapter/reactor/SentinelReactorTransformer.java wave10b reactor/sofa/scg [15:30]
2026-08-09T17:22:31Z DONE sentinel-adapter/sentinel-sofa-rpc-adapter/src/main/java/com/alibaba/csp/sentinel/adapter/sofa/rpc/AbstractSofaRpcFilter.java wave10b reactor/sofa/scg [15:30]
2026-08-09T17:22:31Z DONE sentinel-adapter/sentinel-sofa-rpc-adapter/src/main/java/com/alibaba/csp/sentinel/adapter/sofa/rpc/SentinelConstants.java wave10b reactor/sofa/scg [15:30]
2026-08-09T17:22:31Z DONE sentinel-adapter/sentinel-sofa-rpc-adapter/src/main/java/com/alibaba/csp/sentinel/adapter/sofa/rpc/SentinelSofaRpcConsumerFilter.java wave10b reactor/sofa/scg [15:30]
2026-08-09T17:22:31Z DONE sentinel-adapter/sentinel-sofa-rpc-adapter/src/main/java/com/alibaba/csp/sentinel/adapter/sofa/rpc/SentinelSofaRpcProviderFilter.java wave10b reactor/sofa/scg [15:30]
2026-08-09T17:22:31Z DONE sentinel-adapter/sentinel-sofa-rpc-adapter/src/main/java/com/alibaba/csp/sentinel/adapter/sofa/rpc/SofaRpcUtils.java wave10b reactor/sofa/scg [15:30]
2026-08-09T17:22:31Z DONE sentinel-adapter/sentinel-sofa-rpc-adapter/src/main/java/com/alibaba/csp/sentinel/adapter/sofa/rpc/fallback/DefaultSofaRpcFallback.java wave10b reactor/sofa/scg [15:30]
2026-08-09T17:22:31Z DONE sentinel-adapter/sentinel-sofa-rpc-adapter/src/main/java/com/alibaba/csp/sentinel/adapter/sofa/rpc/fallback/SofaRpcFallback.java wave10b reactor/sofa/scg [15:30]
2026-08-09T17:22:31Z DONE sentinel-adapter/sentinel-sofa-rpc-adapter/src/main/java/com/alibaba/csp/sentinel/adapter/sofa/rpc/fallback/SofaRpcFallbackRegistry.java wave10b reactor/sofa/scg [15:30]
2026-08-09T17:22:31Z DONE sentinel-adapter/sentinel-spring-cloud-gateway-adapter/src/main/java/com/alibaba/csp/sentinel/adapter/gateway/sc/SentinelGatewayFilter.java wave10b reactor/sofa/scg [15:30]
2026-08-09T17:22:31Z DONE sentinel-adapter/sentinel-spring-cloud-gateway-adapter/src/main/java/com/alibaba/csp/sentinel/adapter/gateway/sc/ServerWebExchangeItemParser.java wave10b reactor/sofa/scg [15:30]
2026-08-09T17:22:39Z DONE sentinel-adapter/sentinel-motan-adapter/src/main/java/com/alibaba/csp/sentinel/adapter/motan/fallback/MotanFallback.java wave10a motan/okhttp/quarkus/reactor [0:15]
2026-08-09T17:22:39Z DONE sentinel-adapter/sentinel-okhttp-adapter/src/main/java/com/alibaba/csp/sentinel/adapter/okhttp/SentinelOkHttpConfig.java wave10a motan/okhttp/quarkus/reactor [0:15]
2026-08-09T17:22:39Z DONE sentinel-adapter/sentinel-okhttp-adapter/src/main/java/com/alibaba/csp/sentinel/adapter/okhttp/SentinelOkHttpInterceptor.java wave10a motan/okhttp/quarkus/reactor [0:15]
2026-08-09T17:22:39Z DONE sentinel-adapter/sentinel-okhttp-adapter/src/main/java/com/alibaba/csp/sentinel/adapter/okhttp/extractor/DefaultOkHttpResourceExtractor.java wave10a motan/okhttp/quarkus/reactor [0:15]
2026-08-09T17:22:39Z DONE sentinel-adapter/sentinel-okhttp-adapter/src/main/java/com/alibaba/csp/sentinel/adapter/okhttp/extractor/OkHttpResourceExtractor.java wave10a motan/okhttp/quarkus/reactor [0:15]
2026-08-09T17:22:39Z DONE sentinel-adapter/sentinel-okhttp-adapter/src/main/java/com/alibaba/csp/sentinel/adapter/okhttp/fallback/DefaultOkHttpFallback.java wave10a motan/okhttp/quarkus/reactor [0:15]
2026-08-09T17:22:39Z DONE sentinel-adapter/sentinel-okhttp-adapter/src/main/java/com/alibaba/csp/sentinel/adapter/okhttp/fallback/OkHttpFallback.java wave10a motan/okhttp/quarkus/reactor [0:15]
2026-08-09T17:22:39Z DONE sentinel-adapter/sentinel-quarkus-adapter/sentinel-annotation-quarkus-adapter-deployment/src/main/java/com/alibaba/csp/sentinel/adapter/quarkus/annotation/deployment/SentinelAnnotationQuarkusAdapterProcessor.java wave10a motan/okhttp/quarkus/reactor [0:15]
2026-08-09T17:22:39Z DONE sentinel-adapter/sentinel-quarkus-adapter/sentinel-jax-rs-quarkus-adapter-deployment/src/main/java/com/alibaba/csp/sentinel/adapter/quarkus/jaxrs/deployment/SentinelJaxRsQuarkusAdapterProcessor.java wave10a motan/okhttp/quarkus/reactor [0:15]
2026-08-09T17:22:39Z DONE sentinel-adapter/sentinel-quarkus-adapter/sentinel-native-image-quarkus-adapter-deployment/src/main/java/com/alibaba/csp/sentinel/adapter/quarkus/nativeimage/SentinelNativeImageProcessor.java wave10a motan/okhttp/quarkus/reactor [0:15]
2026-08-09T17:22:39Z DONE sentinel-adapter/sentinel-quarkus-adapter/sentinel-native-image-quarkus-adapter-runtime/src/main/java/com/alibaba/csp/sentinel/adapter/quarkus/nativeimage/SentinelRecorder.java wave10a motan/okhttp/quarkus/reactor [0:15]
2026-08-09T17:22:39Z DONE sentinel-adapter/sentinel-reactor-adapter/src/main/java/com/alibaba/csp/sentinel/adapter/reactor/ContextConfig.java wave10a motan/okhttp/quarkus/reactor [0:15]
2026-08-09T17:22:39Z DONE sentinel-adapter/sentinel-reactor-adapter/src/main/java/com/alibaba/csp/sentinel/adapter/reactor/EntryConfig.java wave10a motan/okhttp/quarkus/reactor [0:15]
2026-08-09T17:22:39Z DONE sentinel-adapter/sentinel-reactor-adapter/src/main/java/com/alibaba/csp/sentinel/adapter/reactor/FluxSentinelOperator.java wave10a motan/okhttp/quarkus/reactor [0:15]
2026-08-09T17:22:39Z DONE sentinel-adapter/sentinel-reactor-adapter/src/main/java/com/alibaba/csp/sentinel/adapter/reactor/InheritableBaseSubscriber.java wave10a motan/okhttp/quarkus/reactor [0:15]
2026-08-09T17:24:17Z DONE sentinel-adapter/sentinel-spring-cloud-gateway-adapter/src/main/java/com/alibaba/csp/sentinel/adapter/gateway/sc/api/GatewayApiMatcherManager.java wave11a scg/scg-v6x [0:15]
2026-08-09T17:24:17Z DONE sentinel-adapter/sentinel-spring-cloud-gateway-adapter/src/main/java/com/alibaba/csp/sentinel/adapter/gateway/sc/api/SpringCloudGatewayApiDefinitionChangeObserver.java wave11a scg/scg-v6x [0:15]
2026-08-09T17:24:17Z DONE sentinel-adapter/sentinel-spring-cloud-gateway-adapter/src/main/java/com/alibaba/csp/sentinel/adapter/gateway/sc/api/matcher/WebExchangeApiMatcher.java wave11a scg/scg-v6x [0:15]
2026-08-09T17:24:17Z DONE sentinel-adapter/sentinel-spring-cloud-gateway-adapter/src/main/java/com/alibaba/csp/sentinel/adapter/gateway/sc/callback/BlockRequestHandler.java wave11a scg/scg-v6x [0:15]
2026-08-09T17:24:17Z DONE sentinel-adapter/sentinel-spring-cloud-gateway-adapter/src/main/java/com/alibaba/csp/sentinel/adapter/gateway/sc/callback/DefaultBlockRequestHandler.java wave11a scg/scg-v6x [0:15]
2026-08-09T17:24:17Z DONE sentinel-adapter/sentinel-spring-cloud-gateway-adapter/src/main/java/com/alibaba/csp/sentinel/adapter/gateway/sc/callback/GatewayCallbackManager.java wave11a scg/scg-v6x [0:15]
2026-08-09T17:24:17Z DONE sentinel-adapter/sentinel-spring-cloud-gateway-adapter/src/main/java/com/alibaba/csp/sentinel/adapter/gateway/sc/callback/RedirectBlockRequestHandler.java wave11a scg/scg-v6x [0:15]
2026-08-09T17:24:17Z DONE sentinel-adapter/sentinel-spring-cloud-gateway-adapter/src/main/java/com/alibaba/csp/sentinel/adapter/gateway/sc/exception/SentinelGatewayBlockExceptionHandler.java wave11a scg/scg-v6x [0:15]
2026-08-09T17:24:17Z DONE sentinel-adapter/sentinel-spring-cloud-gateway-adapter/src/main/java/com/alibaba/csp/sentinel/adapter/gateway/sc/route/AntRoutePathMatcher.java wave11a scg/scg-v6x [0:15]
2026-08-09T17:24:17Z DONE sentinel-adapter/sentinel-spring-cloud-gateway-adapter/src/main/java/com/alibaba/csp/sentinel/adapter/gateway/sc/route/RegexRoutePathMatcher.java wave11a scg/scg-v6x [0:15]
2026-08-09T17:24:17Z DONE sentinel-adapter/sentinel-spring-cloud-gateway-adapter/src/main/java/com/alibaba/csp/sentinel/adapter/gateway/sc/route/RouteMatchers.java wave11a scg/scg-v6x [0:15]
2026-08-09T17:24:17Z DONE sentinel-adapter/sentinel-spring-cloud-gateway-v6x-adapter/src/main/java/com/alibaba/csp/sentinel/adapter/gateway/sc/SentinelGatewayFilter.java wave11a scg/scg-v6x [0:15]
2026-08-09T17:24:17Z DONE sentinel-adapter/sentinel-spring-cloud-gateway-v6x-adapter/src/main/java/com/alibaba/csp/sentinel/adapter/gateway/sc/ServerWebExchangeItemParser.java wave11a scg/scg-v6x [0:15]
2026-08-09T17:24:17Z DONE sentinel-adapter/sentinel-spring-cloud-gateway-v6x-adapter/src/main/java/com/alibaba/csp/sentinel/adapter/gateway/sc/api/GatewayApiMatcherManager.java wave11a scg/scg-v6x [0:15]
2026-08-09T17:24:17Z DONE sentinel-adapter/sentinel-spring-cloud-gateway-v6x-adapter/src/main/java/com/alibaba/csp/sentinel/adapter/gateway/sc/api/SpringCloudGatewayApiDefinitionChangeObserver.java wave11a scg/scg-v6x [0:15]
2026-08-09T17:24:30Z DONE sentinel-adapter/sentinel-spring-cloud-gateway-v6x-adapter/src/main/java/com/alibaba/csp/sentinel/adapter/gateway/sc/api/matcher/WebExchangeApiMatcher.java wave11b scg-v6x/restclient [15:30]
2026-08-09T17:24:30Z DONE sentinel-adapter/sentinel-spring-cloud-gateway-v6x-adapter/src/main/java/com/alibaba/csp/sentinel/adapter/gateway/sc/callback/BlockRequestHandler.java wave11b scg-v6x/restclient [15:30]
2026-08-09T17:24:30Z DONE sentinel-adapter/sentinel-spring-cloud-gateway-v6x-adapter/src/main/java/com/alibaba/csp/sentinel/adapter/gateway/sc/callback/DefaultBlockRequestHandler.java wave11b scg-v6x/restclient [15:30]
2026-08-09T17:24:30Z DONE sentinel-adapter/sentinel-spring-cloud-gateway-v6x-adapter/src/main/java/com/alibaba/csp/sentinel/adapter/gateway/sc/callback/GatewayCallbackManager.java wave11b scg-v6x/restclient [15:30]
2026-08-09T17:24:30Z DONE sentinel-adapter/sentinel-spring-cloud-gateway-v6x-adapter/src/main/java/com/alibaba/csp/sentinel/adapter/gateway/sc/callback/RedirectBlockRequestHandler.java wave11b scg-v6x/restclient [15:30]
2026-08-09T17:24:30Z DONE sentinel-adapter/sentinel-spring-cloud-gateway-v6x-adapter/src/main/java/com/alibaba/csp/sentinel/adapter/gateway/sc/exception/SentinelGatewayBlockExceptionHandler.java wave11b scg-v6x/restclient [15:30]
2026-08-09T17:24:30Z DONE sentinel-adapter/sentinel-spring-cloud-gateway-v6x-adapter/src/main/java/com/alibaba/csp/sentinel/adapter/gateway/sc/route/AntRoutePathMatcher.java wave11b scg-v6x/restclient [15:30]
2026-08-09T17:24:30Z DONE sentinel-adapter/sentinel-spring-cloud-gateway-v6x-adapter/src/main/java/com/alibaba/csp/sentinel/adapter/gateway/sc/route/RegexRoutePathMatcher.java wave11b scg-v6x/restclient [15:30]
2026-08-09T17:24:30Z DONE sentinel-adapter/sentinel-spring-cloud-gateway-v6x-adapter/src/main/java/com/alibaba/csp/sentinel/adapter/gateway/sc/route/RouteMatchers.java wave11b scg-v6x/restclient [15:30]
2026-08-09T17:24:30Z DONE sentinel-adapter/sentinel-spring-restclient-adapter/src/main/java/com/alibaba/csp/sentinel/adapter/spring/restclient/SentinelRestClientConfig.java wave11b scg-v6x/restclient [15:30]
2026-08-09T17:24:30Z DONE sentinel-adapter/sentinel-spring-restclient-adapter/src/main/java/com/alibaba/csp/sentinel/adapter/spring/restclient/SentinelRestClientInterceptor.java wave11b scg-v6x/restclient [15:30]
2026-08-09T17:24:30Z DONE sentinel-adapter/sentinel-spring-restclient-adapter/src/main/java/com/alibaba/csp/sentinel/adapter/spring/restclient/extractor/DefaultRestClientResourceExtractor.java wave11b scg-v6x/restclient [15:30]
2026-08-09T17:24:30Z DONE sentinel-adapter/sentinel-spring-restclient-adapter/src/main/java/com/alibaba/csp/sentinel/adapter/spring/restclient/extractor/RestClientResourceExtractor.java wave11b scg-v6x/restclient [15:30]
2026-08-09T17:24:30Z DONE sentinel-adapter/sentinel-spring-restclient-adapter/src/main/java/com/alibaba/csp/sentinel/adapter/spring/restclient/fallback/DefaultRestClientFallback.java wave11b scg-v6x/restclient [15:30]
2026-08-09T17:24:30Z DONE sentinel-adapter/sentinel-spring-restclient-adapter/src/main/java/com/alibaba/csp/sentinel/adapter/spring/restclient/fallback/RestClientFallback.java wave11b scg-v6x/restclient [15:30]
2026-08-09T17:25:12Z DONE sentinel-adapter/sentinel-spring-cloud-gateway-v6x-adapter/src/main/java/com/alibaba/csp/sentinel/adapter/gateway/sc/api/matcher/WebExchangeApiMatcher.java wave11b scg-v6x/restclient [15:30]
2026-08-09T17:25:12Z DONE sentinel-adapter/sentinel-spring-cloud-gateway-v6x-adapter/src/main/java/com/alibaba/csp/sentinel/adapter/gateway/sc/callback/BlockRequestHandler.java wave11b scg-v6x/restclient [15:30]
2026-08-09T17:25:12Z DONE sentinel-adapter/sentinel-spring-cloud-gateway-v6x-adapter/src/main/java/com/alibaba/csp/sentinel/adapter/gateway/sc/callback/DefaultBlockRequestHandler.java wave11b scg-v6x/restclient [15:30]
2026-08-09T17:25:12Z DONE sentinel-adapter/sentinel-spring-cloud-gateway-v6x-adapter/src/main/java/com/alibaba/csp/sentinel/adapter/gateway/sc/callback/GatewayCallbackManager.java wave11b scg-v6x/restclient [15:30]
2026-08-09T17:25:12Z DONE sentinel-adapter/sentinel-spring-cloud-gateway-v6x-adapter/src/main/java/com/alibaba/csp/sentinel/adapter/gateway/sc/callback/RedirectBlockRequestHandler.java wave11b scg-v6x/restclient [15:30]
2026-08-09T17:25:12Z DONE sentinel-adapter/sentinel-spring-cloud-gateway-v6x-adapter/src/main/java/com/alibaba/csp/sentinel/adapter/gateway/sc/exception/SentinelGatewayBlockExceptionHandler.java wave11b scg-v6x/restclient [15:30]
2026-08-09T17:25:12Z DONE sentinel-adapter/sentinel-spring-cloud-gateway-v6x-adapter/src/main/java/com/alibaba/csp/sentinel/adapter/gateway/sc/route/AntRoutePathMatcher.java wave11b scg-v6x/restclient [15:30]
2026-08-09T17:25:12Z DONE sentinel-adapter/sentinel-spring-cloud-gateway-v6x-adapter/src/main/java/com/alibaba/csp/sentinel/adapter/gateway/sc/route/RegexRoutePathMatcher.java wave11b scg-v6x/restclient [15:30]
2026-08-09T17:25:12Z DONE sentinel-adapter/sentinel-spring-cloud-gateway-v6x-adapter/src/main/java/com/alibaba/csp/sentinel/adapter/gateway/sc/route/RouteMatchers.java wave11b scg-v6x/restclient [15:30]
2026-08-09T17:25:12Z DONE sentinel-adapter/sentinel-spring-restclient-adapter/src/main/java/com/alibaba/csp/sentinel/adapter/spring/restclient/SentinelRestClientConfig.java wave11b scg-v6x/restclient [15:30]
2026-08-09T17:25:12Z DONE sentinel-adapter/sentinel-spring-restclient-adapter/src/main/java/com/alibaba/csp/sentinel/adapter/spring/restclient/SentinelRestClientInterceptor.java wave11b scg-v6x/restclient [15:30]
2026-08-09T17:25:12Z DONE sentinel-adapter/sentinel-spring-restclient-adapter/src/main/java/com/alibaba/csp/sentinel/adapter/spring/restclient/extractor/DefaultRestClientResourceExtractor.java wave11b scg-v6x/restclient [15:30]
2026-08-09T17:25:12Z DONE sentinel-adapter/sentinel-spring-restclient-adapter/src/main/java/com/alibaba/csp/sentinel/adapter/spring/restclient/extractor/RestClientResourceExtractor.java wave11b scg-v6x/restclient [15:30]
2026-08-09T17:25:12Z DONE sentinel-adapter/sentinel-spring-restclient-adapter/src/main/java/com/alibaba/csp/sentinel/adapter/spring/restclient/fallback/DefaultRestClientFallback.java wave11b scg-v6x/restclient [15:30]
2026-08-09T17:25:12Z DONE sentinel-adapter/sentinel-spring-restclient-adapter/src/main/java/com/alibaba/csp/sentinel/adapter/spring/restclient/fallback/RestClientFallback.java wave11b scg-v6x/restclient [15:30]
2026-08-09T17:25:39Z DONE sentinel-adapter/sentinel-spring-cloud-gateway-v6x-adapter/src/main/java/com/alibaba/csp/sentinel/adapter/gateway/sc/api/matcher/WebExchangeApiMatcher.java wave11b scg-v6x/restclient [15:30]
2026-08-09T17:25:39Z DONE sentinel-adapter/sentinel-spring-cloud-gateway-v6x-adapter/src/main/java/com/alibaba/csp/sentinel/adapter/gateway/sc/callback/BlockRequestHandler.java wave11b scg-v6x/restclient [15:30]
2026-08-09T17:25:39Z DONE sentinel-adapter/sentinel-spring-cloud-gateway-v6x-adapter/src/main/java/com/alibaba/csp/sentinel/adapter/gateway/sc/callback/DefaultBlockRequestHandler.java wave11b scg-v6x/restclient [15:30]
2026-08-09T17:25:39Z DONE sentinel-adapter/sentinel-spring-cloud-gateway-v6x-adapter/src/main/java/com/alibaba/csp/sentinel/adapter/gateway/sc/callback/GatewayCallbackManager.java wave11b scg-v6x/restclient [15:30]
2026-08-09T17:25:39Z DONE sentinel-adapter/sentinel-spring-cloud-gateway-v6x-adapter/src/main/java/com/alibaba/csp/sentinel/adapter/gateway/sc/callback/RedirectBlockRequestHandler.java wave11b scg-v6x/restclient [15:30]
2026-08-09T17:25:39Z DONE sentinel-adapter/sentinel-spring-cloud-gateway-v6x-adapter/src/main/java/com/alibaba/csp/sentinel/adapter/gateway/sc/exception/SentinelGatewayBlockExceptionHandler.java wave11b scg-v6x/restclient [15:30]
2026-08-09T17:25:39Z DONE sentinel-adapter/sentinel-spring-cloud-gateway-v6x-adapter/src/main/java/com/alibaba/csp/sentinel/adapter/gateway/sc/route/AntRoutePathMatcher.java wave11b scg-v6x/restclient [15:30]
2026-08-09T17:25:39Z DONE sentinel-adapter/sentinel-spring-cloud-gateway-v6x-adapter/src/main/java/com/alibaba/csp/sentinel/adapter/gateway/sc/route/RegexRoutePathMatcher.java wave11b scg-v6x/restclient [15:30]
2026-08-09T17:25:39Z DONE sentinel-adapter/sentinel-spring-cloud-gateway-v6x-adapter/src/main/java/com/alibaba/csp/sentinel/adapter/gateway/sc/route/RouteMatchers.java wave11b scg-v6x/restclient [15:30]
2026-08-09T17:25:39Z DONE sentinel-adapter/sentinel-spring-restclient-adapter/src/main/java/com/alibaba/csp/sentinel/adapter/spring/restclient/SentinelRestClientConfig.java wave11b scg-v6x/restclient [15:30]
2026-08-09T17:25:39Z DONE sentinel-adapter/sentinel-spring-restclient-adapter/src/main/java/com/alibaba/csp/sentinel/adapter/spring/restclient/SentinelRestClientInterceptor.java wave11b scg-v6x/restclient [15:30]
2026-08-09T17:25:39Z DONE sentinel-adapter/sentinel-spring-restclient-adapter/src/main/java/com/alibaba/csp/sentinel/adapter/spring/restclient/extractor/DefaultRestClientResourceExtractor.java wave11b scg-v6x/restclient [15:30]
2026-08-09T17:25:39Z DONE sentinel-adapter/sentinel-spring-restclient-adapter/src/main/java/com/alibaba/csp/sentinel/adapter/spring/restclient/extractor/RestClientResourceExtractor.java wave11b scg-v6x/restclient [15:30]
2026-08-09T17:25:39Z DONE sentinel-adapter/sentinel-spring-restclient-adapter/src/main/java/com/alibaba/csp/sentinel/adapter/spring/restclient/fallback/DefaultRestClientFallback.java wave11b scg-v6x/restclient [15:30]
2026-08-09T17:25:39Z DONE sentinel-adapter/sentinel-spring-restclient-adapter/src/main/java/com/alibaba/csp/sentinel/adapter/spring/restclient/fallback/RestClientFallback.java wave11b scg-v6x/restclient [15:30]
2026-08-09T17:26:31Z DONE sentinel-adapter/sentinel-spring-webflux-adapter/src/main/java/com/alibaba/csp/sentinel/adapter/spring/webflux/SentinelWebFluxFilter.java wave12a webflux/webmvc [0:15]
2026-08-09T17:26:31Z DONE sentinel-adapter/sentinel-spring-webflux-adapter/src/main/java/com/alibaba/csp/sentinel/adapter/spring/webflux/callback/BlockRequestHandler.java wave12a webflux/webmvc [0:15]
2026-08-09T17:26:31Z DONE sentinel-adapter/sentinel-spring-webflux-adapter/src/main/java/com/alibaba/csp/sentinel/adapter/spring/webflux/callback/DefaultBlockRequestHandler.java wave12a webflux/webmvc [0:15]
2026-08-09T17:26:31Z DONE sentinel-adapter/sentinel-spring-webflux-adapter/src/main/java/com/alibaba/csp/sentinel/adapter/spring/webflux/callback/WebFluxCallbackManager.java wave12a webflux/webmvc [0:15]
2026-08-09T17:26:31Z DONE sentinel-adapter/sentinel-spring-webflux-adapter/src/main/java/com/alibaba/csp/sentinel/adapter/spring/webflux/exception/SentinelBlockExceptionHandler.java wave12a webflux/webmvc [0:15]
2026-08-09T17:26:31Z DONE sentinel-adapter/sentinel-spring-webmvc-adapter/src/main/java/com/alibaba/csp/sentinel/adapter/spring/webmvc/AbstractSentinelInterceptor.java wave12a webflux/webmvc [0:15]
2026-08-09T17:26:31Z DONE sentinel-adapter/sentinel-spring-webmvc-adapter/src/main/java/com/alibaba/csp/sentinel/adapter/spring/webmvc/SentinelExceptionAware.java wave12a webflux/webmvc [0:15]
2026-08-09T17:26:31Z DONE sentinel-adapter/sentinel-spring-webmvc-adapter/src/main/java/com/alibaba/csp/sentinel/adapter/spring/webmvc/SentinelWebInterceptor.java wave12a webflux/webmvc [0:15]
2026-08-09T17:26:31Z DONE sentinel-adapter/sentinel-spring-webmvc-adapter/src/main/java/com/alibaba/csp/sentinel/adapter/spring/webmvc/SentinelWebTotalInterceptor.java wave12a webflux/webmvc [0:15]
2026-08-09T17:26:31Z DONE sentinel-adapter/sentinel-spring-webmvc-adapter/src/main/java/com/alibaba/csp/sentinel/adapter/spring/webmvc/callback/BlockExceptionHandler.java wave12a webflux/webmvc [0:15]
2026-08-09T17:26:31Z DONE sentinel-adapter/sentinel-spring-webmvc-adapter/src/main/java/com/alibaba/csp/sentinel/adapter/spring/webmvc/callback/DefaultBlockExceptionHandler.java wave12a webflux/webmvc [0:15]
2026-08-09T17:26:31Z DONE sentinel-adapter/sentinel-spring-webmvc-adapter/src/main/java/com/alibaba/csp/sentinel/adapter/spring/webmvc/callback/RequestOriginParser.java wave12a webflux/webmvc [0:15]
2026-08-09T17:26:31Z DONE sentinel-adapter/sentinel-spring-webmvc-adapter/src/main/java/com/alibaba/csp/sentinel/adapter/spring/webmvc/callback/UrlCleaner.java wave12a webflux/webmvc [0:15]
2026-08-09T17:26:31Z DONE sentinel-adapter/sentinel-spring-webmvc-adapter/src/main/java/com/alibaba/csp/sentinel/adapter/spring/webmvc/config/BaseWebMvcConfig.java wave12a webflux/webmvc [0:15]
2026-08-09T17:26:31Z DONE sentinel-adapter/sentinel-spring-webmvc-adapter/src/main/java/com/alibaba/csp/sentinel/adapter/spring/webmvc/config/SentinelWebMvcConfig.java wave12a webflux/webmvc [0:15]
2026-08-09T17:26:43Z DONE sentinel-adapter/sentinel-spring-webmvc-adapter/src/main/java/com/alibaba/csp/sentinel/adapter/spring/webmvc/config/SentinelWebMvcTotalConfig.java wave12b webmvc-v6x/servlet [15:30]
2026-08-09T17:26:43Z DONE sentinel-adapter/sentinel-spring-webmvc-v6x-adapter/src/main/java/com/alibaba/csp/sentinel/adapter/spring/webmvc_v6x/AbstractSentinelInterceptor.java wave12b webmvc-v6x/servlet [15:30]
2026-08-09T17:26:43Z DONE sentinel-adapter/sentinel-spring-webmvc-v6x-adapter/src/main/java/com/alibaba/csp/sentinel/adapter/spring/webmvc_v6x/SentinelWebInterceptor.java wave12b webmvc-v6x/servlet [15:30]
2026-08-09T17:26:43Z DONE sentinel-adapter/sentinel-spring-webmvc-v6x-adapter/src/main/java/com/alibaba/csp/sentinel/adapter/spring/webmvc_v6x/SentinelWebPrefixInterceptor.java wave12b webmvc-v6x/servlet [15:30]
2026-08-09T17:26:43Z DONE sentinel-adapter/sentinel-spring-webmvc-v6x-adapter/src/main/java/com/alibaba/csp/sentinel/adapter/spring/webmvc_v6x/SentinelWebTotalInterceptor.java wave12b webmvc-v6x/servlet [15:30]
2026-08-09T17:26:43Z DONE sentinel-adapter/sentinel-spring-webmvc-v6x-adapter/src/main/java/com/alibaba/csp/sentinel/adapter/spring/webmvc_v6x/callback/BlockExceptionHandler.java wave12b webmvc-v6x/servlet [15:30]
2026-08-09T17:26:43Z DONE sentinel-adapter/sentinel-spring-webmvc-v6x-adapter/src/main/java/com/alibaba/csp/sentinel/adapter/spring/webmvc_v6x/callback/DefaultBlockExceptionHandler.java wave12b webmvc-v6x/servlet [15:30]
2026-08-09T17:26:43Z DONE sentinel-adapter/sentinel-spring-webmvc-v6x-adapter/src/main/java/com/alibaba/csp/sentinel/adapter/spring/webmvc_v6x/callback/RequestOriginParser.java wave12b webmvc-v6x/servlet [15:30]
2026-08-09T17:26:43Z DONE sentinel-adapter/sentinel-spring-webmvc-v6x-adapter/src/main/java/com/alibaba/csp/sentinel/adapter/spring/webmvc_v6x/config/BaseWebMvcConfig.java wave12b webmvc-v6x/servlet [15:30]
2026-08-09T17:26:43Z DONE sentinel-adapter/sentinel-spring-webmvc-v6x-adapter/src/main/java/com/alibaba/csp/sentinel/adapter/spring/webmvc_v6x/config/SentinelPreWebMvcConfig.java wave12b webmvc-v6x/servlet [15:30]
2026-08-09T17:26:43Z DONE sentinel-adapter/sentinel-spring-webmvc-v6x-adapter/src/main/java/com/alibaba/csp/sentinel/adapter/spring/webmvc_v6x/config/SentinelWebMvcConfig.java wave12b webmvc-v6x/servlet [15:30]
2026-08-09T17:26:43Z DONE sentinel-adapter/sentinel-spring-webmvc-v6x-adapter/src/main/java/com/alibaba/csp/sentinel/adapter/spring/webmvc_v6x/config/SentinelWebMvcTotalConfig.java wave12b webmvc-v6x/servlet [15:30]
2026-08-09T17:26:43Z DONE sentinel-adapter/sentinel-spring-webmvc-v6x-adapter/src/main/java/com/alibaba/csp/sentinel/adapter/spring/webmvc_v6x/config/WebServletLocalConfig.java wave12b webmvc-v6x/servlet [15:30]
2026-08-09T17:26:43Z DONE sentinel-adapter/sentinel-web-adapter-common/src/main/java/com/alibaba/csp/sentinel/adapter/web/common/UrlCleaner.java wave12b webmvc-v6x/servlet [15:30]
2026-08-09T17:26:43Z DONE sentinel-adapter/sentinel-web-servlet/src/main/java/com/alibaba/csp/sentinel/adapter/servlet/CommonFilter.java wave12b webmvc-v6x/servlet [15:30]
2026-08-09T17:29:19Z DONE sentinel-adapter/sentinel-zuul-adapter/src/main/java/com/alibaba/csp/sentinel/adapter/gateway/zuul/api/route/ZuulRouteMatchers.java wave13b zuul/zuul2 [15:30]
2026-08-09T17:29:19Z DONE sentinel-adapter/sentinel-zuul-adapter/src/main/java/com/alibaba/csp/sentinel/adapter/gateway/zuul/callback/DefaultRequestOriginParser.java wave13b zuul/zuul2 [15:30]
2026-08-09T17:29:19Z DONE sentinel-adapter/sentinel-zuul-adapter/src/main/java/com/alibaba/csp/sentinel/adapter/gateway/zuul/callback/RequestOriginParser.java wave13b zuul/zuul2 [15:30]
2026-08-09T17:29:19Z DONE sentinel-adapter/sentinel-zuul-adapter/src/main/java/com/alibaba/csp/sentinel/adapter/gateway/zuul/callback/ZuulGatewayCallbackManager.java wave13b zuul/zuul2 [15:30]
2026-08-09T17:29:19Z DONE sentinel-adapter/sentinel-zuul-adapter/src/main/java/com/alibaba/csp/sentinel/adapter/gateway/zuul/constants/ZuulConstant.java wave13b zuul/zuul2 [15:30]
2026-08-09T17:29:19Z DONE sentinel-adapter/sentinel-zuul-adapter/src/main/java/com/alibaba/csp/sentinel/adapter/gateway/zuul/fallback/BlockResponse.java wave13b zuul/zuul2 [15:30]
2026-08-09T17:29:19Z DONE sentinel-adapter/sentinel-zuul-adapter/src/main/java/com/alibaba/csp/sentinel/adapter/gateway/zuul/fallback/DefaultBlockFallbackProvider.java wave13b zuul/zuul2 [15:30]
2026-08-09T17:29:19Z DONE sentinel-adapter/sentinel-zuul-adapter/src/main/java/com/alibaba/csp/sentinel/adapter/gateway/zuul/fallback/ZuulBlockFallbackManager.java wave13b zuul/zuul2 [15:30]
2026-08-09T17:29:19Z DONE sentinel-adapter/sentinel-zuul-adapter/src/main/java/com/alibaba/csp/sentinel/adapter/gateway/zuul/fallback/ZuulBlockFallbackProvider.java wave13b zuul/zuul2 [15:30]
2026-08-09T17:29:19Z DONE sentinel-adapter/sentinel-zuul-adapter/src/main/java/com/alibaba/csp/sentinel/adapter/gateway/zuul/filters/EntryHolder.java wave13b zuul/zuul2 [15:30]
2026-08-09T17:29:19Z DONE sentinel-adapter/sentinel-zuul-adapter/src/main/java/com/alibaba/csp/sentinel/adapter/gateway/zuul/filters/SentinelEntryUtils.java wave13b zuul/zuul2 [15:30]
2026-08-09T17:29:19Z DONE sentinel-adapter/sentinel-zuul-adapter/src/main/java/com/alibaba/csp/sentinel/adapter/gateway/zuul/filters/SentinelZuulErrorFilter.java wave13b zuul/zuul2 [15:30]
2026-08-09T17:29:19Z DONE sentinel-adapter/sentinel-zuul-adapter/src/main/java/com/alibaba/csp/sentinel/adapter/gateway/zuul/filters/SentinelZuulPostFilter.java wave13b zuul/zuul2 [15:30]
2026-08-09T17:29:19Z DONE sentinel-adapter/sentinel-zuul-adapter/src/main/java/com/alibaba/csp/sentinel/adapter/gateway/zuul/filters/SentinelZuulPreFilter.java wave13b zuul/zuul2 [15:30]
2026-08-09T17:29:19Z DONE sentinel-adapter/sentinel-zuul2-adapter/src/main/java/com/alibaba/csp/sentinel/adapter/gateway/zuul2/HttpRequestMessageItemParser.java wave13b zuul/zuul2 [15:30]
2026-08-09T17:29:29Z DONE sentinel-adapter/sentinel-web-servlet/src/main/java/com/alibaba/csp/sentinel/adapter/servlet/CommonTotalFilter.java wave13a servlet/zuul [0:15]
2026-08-09T17:29:29Z DONE sentinel-adapter/sentinel-web-servlet/src/main/java/com/alibaba/csp/sentinel/adapter/servlet/callback/DefaultUrlBlockHandler.java wave13a servlet/zuul [0:15]
2026-08-09T17:29:29Z DONE sentinel-adapter/sentinel-web-servlet/src/main/java/com/alibaba/csp/sentinel/adapter/servlet/callback/DefaultUrlCleaner.java wave13a servlet/zuul [0:15]
2026-08-09T17:29:29Z DONE sentinel-adapter/sentinel-web-servlet/src/main/java/com/alibaba/csp/sentinel/adapter/servlet/callback/RequestOriginParser.java wave13a servlet/zuul [0:15]
2026-08-09T17:29:29Z DONE sentinel-adapter/sentinel-web-servlet/src/main/java/com/alibaba/csp/sentinel/adapter/servlet/callback/UrlBlockHandler.java wave13a servlet/zuul [0:15]
2026-08-09T17:29:29Z DONE sentinel-adapter/sentinel-web-servlet/src/main/java/com/alibaba/csp/sentinel/adapter/servlet/callback/UrlCleaner.java wave13a servlet/zuul [0:15]
2026-08-09T17:29:29Z DONE sentinel-adapter/sentinel-web-servlet/src/main/java/com/alibaba/csp/sentinel/adapter/servlet/callback/WebCallbackManager.java wave13a servlet/zuul [0:15]
2026-08-09T17:29:29Z DONE sentinel-adapter/sentinel-web-servlet/src/main/java/com/alibaba/csp/sentinel/adapter/servlet/config/WebServletConfig.java wave13a servlet/zuul [0:15]
2026-08-09T17:29:29Z DONE sentinel-adapter/sentinel-web-servlet/src/main/java/com/alibaba/csp/sentinel/adapter/servlet/util/FilterUtil.java wave13a servlet/zuul [0:15]
2026-08-09T17:29:29Z DONE sentinel-adapter/sentinel-zuul-adapter/src/main/java/com/alibaba/csp/sentinel/adapter/gateway/zuul/RequestContextItemParser.java wave13a servlet/zuul [0:15]
2026-08-09T17:29:29Z DONE sentinel-adapter/sentinel-zuul-adapter/src/main/java/com/alibaba/csp/sentinel/adapter/gateway/zuul/api/ZuulApiDefinitionChangeObserver.java wave13a servlet/zuul [0:15]
2026-08-09T17:29:29Z DONE sentinel-adapter/sentinel-zuul-adapter/src/main/java/com/alibaba/csp/sentinel/adapter/gateway/zuul/api/ZuulGatewayApiMatcherManager.java wave13a servlet/zuul [0:15]
2026-08-09T17:29:29Z DONE sentinel-adapter/sentinel-zuul-adapter/src/main/java/com/alibaba/csp/sentinel/adapter/gateway/zuul/api/matcher/RequestContextApiMatcher.java wave13a servlet/zuul [0:15]
2026-08-09T17:29:29Z DONE sentinel-adapter/sentinel-zuul-adapter/src/main/java/com/alibaba/csp/sentinel/adapter/gateway/zuul/api/route/PrefixRoutePathMatcher.java wave13a servlet/zuul [0:15]
2026-08-09T17:29:29Z DONE sentinel-adapter/sentinel-zuul-adapter/src/main/java/com/alibaba/csp/sentinel/adapter/gateway/zuul/api/route/RegexRoutePathMatcher.java wave13a servlet/zuul [0:15]
2026-08-09T17:31:15Z DONE sentinel-adapter/sentinel-zuul2-adapter/src/main/java/com/alibaba/csp/sentinel/adapter/gateway/zuul2/api/ZuulApiDefinitionChangeObserver.java wave14a zuul2 [0:15]
2026-08-09T17:31:15Z DONE sentinel-adapter/sentinel-zuul2-adapter/src/main/java/com/alibaba/csp/sentinel/adapter/gateway/zuul2/api/ZuulGatewayApiMatcherManager.java wave14a zuul2 [0:15]
2026-08-09T17:31:15Z DONE sentinel-adapter/sentinel-zuul2-adapter/src/main/java/com/alibaba/csp/sentinel/adapter/gateway/zuul2/api/matcher/HttpRequestMessageApiMatcher.java wave14a zuul2 [0:15]
2026-08-09T17:31:15Z DONE sentinel-adapter/sentinel-zuul2-adapter/src/main/java/com/alibaba/csp/sentinel/adapter/gateway/zuul2/api/route/PrefixRoutePathMatcher.java wave14a zuul2 [0:15]
2026-08-09T17:31:15Z DONE sentinel-adapter/sentinel-zuul2-adapter/src/main/java/com/alibaba/csp/sentinel/adapter/gateway/zuul2/api/route/RegexRoutePathMatcher.java wave14a zuul2 [0:15]
2026-08-09T17:31:15Z DONE sentinel-adapter/sentinel-zuul2-adapter/src/main/java/com/alibaba/csp/sentinel/adapter/gateway/zuul2/api/route/ZuulRouteMatchers.java wave14a zuul2 [0:15]
2026-08-09T17:31:15Z DONE sentinel-adapter/sentinel-zuul2-adapter/src/main/java/com/alibaba/csp/sentinel/adapter/gateway/zuul2/constants/SentinelZuul2Constants.java wave14a zuul2 [0:15]
2026-08-09T17:31:15Z DONE sentinel-adapter/sentinel-zuul2-adapter/src/main/java/com/alibaba/csp/sentinel/adapter/gateway/zuul2/fallback/BlockResponse.java wave14a zuul2 [0:15]
2026-08-09T17:31:15Z DONE sentinel-adapter/sentinel-zuul2-adapter/src/main/java/com/alibaba/csp/sentinel/adapter/gateway/zuul2/fallback/DefaultBlockFallbackProvider.java wave14a zuul2 [0:15]
2026-08-09T17:31:15Z DONE sentinel-adapter/sentinel-zuul2-adapter/src/main/java/com/alibaba/csp/sentinel/adapter/gateway/zuul2/fallback/ZuulBlockFallbackManager.java wave14a zuul2 [0:15]
2026-08-09T17:31:15Z DONE sentinel-adapter/sentinel-zuul2-adapter/src/main/java/com/alibaba/csp/sentinel/adapter/gateway/zuul2/fallback/ZuulBlockFallbackProvider.java wave14a zuul2 [0:15]
2026-08-09T17:31:15Z DONE sentinel-adapter/sentinel-zuul2-adapter/src/main/java/com/alibaba/csp/sentinel/adapter/gateway/zuul2/filters/EntryHolder.java wave14a zuul2 [0:15]
2026-08-09T17:31:15Z DONE sentinel-adapter/sentinel-zuul2-adapter/src/main/java/com/alibaba/csp/sentinel/adapter/gateway/zuul2/filters/endpoint/SentinelZuulEndpoint.java wave14a zuul2 [0:15]
2026-08-09T17:31:15Z DONE sentinel-adapter/sentinel-zuul2-adapter/src/main/java/com/alibaba/csp/sentinel/adapter/gateway/zuul2/filters/inbound/SentinelZuulInboundFilter.java wave14a zuul2 [0:15]
2026-08-09T17:31:15Z DONE sentinel-adapter/sentinel-zuul2-adapter/src/main/java/com/alibaba/csp/sentinel/adapter/gateway/zuul2/filters/outbound/SentinelZuulOutboundFilter.java wave14a zuul2 [0:15]
2026-08-09T17:31:29Z DONE sentinel-cluster/sentinel-cluster-client-default/src/main/java/com/alibaba/csp/sentinel/cluster/client/ClientConstants.java wave14b cluster-client [15:30]
2026-08-09T17:31:29Z DONE sentinel-cluster/sentinel-cluster-client-default/src/main/java/com/alibaba/csp/sentinel/cluster/client/DefaultClusterTokenClient.java wave14b cluster-client [15:30]
2026-08-09T17:31:29Z DONE sentinel-cluster/sentinel-cluster-client-default/src/main/java/com/alibaba/csp/sentinel/cluster/client/NettyTransportClient.java wave14b cluster-client [15:30]
2026-08-09T17:31:29Z DONE sentinel-cluster/sentinel-cluster-client-default/src/main/java/com/alibaba/csp/sentinel/cluster/client/codec/ClientEntityCodecProvider.java wave14b cluster-client [15:30]
2026-08-09T17:31:29Z DONE sentinel-cluster/sentinel-cluster-client-default/src/main/java/com/alibaba/csp/sentinel/cluster/client/codec/DefaultRequestEntityWriter.java wave14b cluster-client [15:30]
2026-08-09T17:31:29Z DONE sentinel-cluster/sentinel-cluster-client-default/src/main/java/com/alibaba/csp/sentinel/cluster/client/codec/DefaultResponseEntityDecoder.java wave14b cluster-client [15:30]
2026-08-09T17:31:29Z DONE sentinel-cluster/sentinel-cluster-client-default/src/main/java/com/alibaba/csp/sentinel/cluster/client/codec/data/FlowRequestDataWriter.java wave14b cluster-client [15:30]
2026-08-09T17:31:29Z DONE sentinel-cluster/sentinel-cluster-client-default/src/main/java/com/alibaba/csp/sentinel/cluster/client/codec/data/FlowResponseDataDecoder.java wave14b cluster-client [15:30]
2026-08-09T17:31:29Z DONE sentinel-cluster/sentinel-cluster-client-default/src/main/java/com/alibaba/csp/sentinel/cluster/client/codec/data/ParamFlowRequestDataWriter.java wave14b cluster-client [15:30]
2026-08-09T17:31:29Z DONE sentinel-cluster/sentinel-cluster-client-default/src/main/java/com/alibaba/csp/sentinel/cluster/client/codec/data/PingRequestDataWriter.java wave14b cluster-client [15:30]
2026-08-09T17:31:29Z DONE sentinel-cluster/sentinel-cluster-client-default/src/main/java/com/alibaba/csp/sentinel/cluster/client/codec/data/PingResponseDataDecoder.java wave14b cluster-client [15:30]
2026-08-09T17:31:29Z DONE sentinel-cluster/sentinel-cluster-client-default/src/main/java/com/alibaba/csp/sentinel/cluster/client/codec/netty/NettyRequestEncoder.java wave14b cluster-client [15:30]
2026-08-09T17:31:29Z DONE sentinel-cluster/sentinel-cluster-client-default/src/main/java/com/alibaba/csp/sentinel/cluster/client/codec/netty/NettyResponseDecoder.java wave14b cluster-client [15:30]
2026-08-09T17:31:29Z DONE sentinel-cluster/sentinel-cluster-client-default/src/main/java/com/alibaba/csp/sentinel/cluster/client/codec/registry/RequestDataWriterRegistry.java wave14b cluster-client [15:30]
2026-08-09T17:31:29Z DONE sentinel-cluster/sentinel-cluster-client-default/src/main/java/com/alibaba/csp/sentinel/cluster/client/codec/registry/ResponseDataDecodeRegistry.java wave14b cluster-client [15:30]
2026-08-09T17:33:47Z DONE sentinel-cluster/sentinel-cluster-client-default/src/main/java/com/alibaba/csp/sentinel/cluster/client/config/ClusterClientAssignConfig.java wave15a cluster-client/common [0:15]
2026-08-09T17:33:47Z DONE sentinel-cluster/sentinel-cluster-client-default/src/main/java/com/alibaba/csp/sentinel/cluster/client/config/ClusterClientConfig.java wave15a cluster-client/common [0:15]
2026-08-09T17:33:47Z DONE sentinel-cluster/sentinel-cluster-client-default/src/main/java/com/alibaba/csp/sentinel/cluster/client/config/ClusterClientConfigManager.java wave15a cluster-client/common [0:15]
2026-08-09T17:33:47Z DONE sentinel-cluster/sentinel-cluster-client-default/src/main/java/com/alibaba/csp/sentinel/cluster/client/config/ClusterClientStartUpConfig.java wave15a cluster-client/common [0:15]
2026-08-09T17:33:47Z DONE sentinel-cluster/sentinel-cluster-client-default/src/main/java/com/alibaba/csp/sentinel/cluster/client/config/ServerChangeObserver.java wave15a cluster-client/common [0:15]
2026-08-09T17:33:47Z DONE sentinel-cluster/sentinel-cluster-client-default/src/main/java/com/alibaba/csp/sentinel/cluster/client/handler/TokenClientHandler.java wave15a cluster-client/common [0:15]
2026-08-09T17:33:47Z DONE sentinel-cluster/sentinel-cluster-client-default/src/main/java/com/alibaba/csp/sentinel/cluster/client/handler/TokenClientPromiseHolder.java wave15a cluster-client/common [0:15]
2026-08-09T17:33:47Z DONE sentinel-cluster/sentinel-cluster-client-default/src/main/java/com/alibaba/csp/sentinel/cluster/client/init/DefaultClusterClientInitFunc.java wave15a cluster-client/common [0:15]
2026-08-09T17:33:47Z DONE sentinel-cluster/sentinel-cluster-client-default/src/main/java/com/alibaba/csp/sentinel/command/entity/ClusterClientStateEntity.java wave15a cluster-client/common [0:15]
2026-08-09T17:33:47Z DONE sentinel-cluster/sentinel-cluster-client-default/src/main/java/com/alibaba/csp/sentinel/command/handler/FetchClusterClientConfigHandler.java wave15a cluster-client/common [0:15]
2026-08-09T17:33:47Z DONE sentinel-cluster/sentinel-cluster-client-default/src/main/java/com/alibaba/csp/sentinel/command/handler/ModifyClusterClientConfigHandler.java wave15a cluster-client/common [0:15]
2026-08-09T17:33:47Z DONE sentinel-cluster/sentinel-cluster-common-default/src/main/java/com/alibaba/csp/sentinel/cluster/ClusterConstants.java wave15a cluster-client/common [0:15]
2026-08-09T17:33:47Z DONE sentinel-cluster/sentinel-cluster-common-default/src/main/java/com/alibaba/csp/sentinel/cluster/ClusterErrorMessages.java wave15a cluster-client/common [0:15]
2026-08-09T17:33:47Z DONE sentinel-cluster/sentinel-cluster-common-default/src/main/java/com/alibaba/csp/sentinel/cluster/ClusterTransportClient.java wave15a cluster-client/common [0:15]
2026-08-09T17:33:47Z DONE sentinel-cluster/sentinel-cluster-common-default/src/main/java/com/alibaba/csp/sentinel/cluster/annotation/RequestType.java wave15a cluster-client/common [0:15]
2026-08-09T17:34:04Z DONE sentinel-cluster/sentinel-cluster-common-default/src/main/java/com/alibaba/csp/sentinel/cluster/codec/EntityDecoder.java wave15b cluster-common codec [15:30]
2026-08-09T17:34:04Z DONE sentinel-cluster/sentinel-cluster-common-default/src/main/java/com/alibaba/csp/sentinel/cluster/codec/EntityWriter.java wave15b cluster-common codec [15:30]
2026-08-09T17:34:04Z DONE sentinel-cluster/sentinel-cluster-common-default/src/main/java/com/alibaba/csp/sentinel/cluster/codec/request/RequestEntityDecoder.java wave15b cluster-common codec [15:30]
2026-08-09T17:34:04Z DONE sentinel-cluster/sentinel-cluster-common-default/src/main/java/com/alibaba/csp/sentinel/cluster/codec/request/RequestEntityWriter.java wave15b cluster-common codec [15:30]
2026-08-09T17:34:04Z DONE sentinel-cluster/sentinel-cluster-common-default/src/main/java/com/alibaba/csp/sentinel/cluster/codec/response/ResponseEntityDecoder.java wave15b cluster-common codec [15:30]
2026-08-09T17:34:04Z DONE sentinel-cluster/sentinel-cluster-common-default/src/main/java/com/alibaba/csp/sentinel/cluster/codec/response/ResponseEntityWriter.java wave15b cluster-common codec [15:30]
2026-08-09T17:34:04Z DONE sentinel-cluster/sentinel-cluster-common-default/src/main/java/com/alibaba/csp/sentinel/cluster/exception/SentinelClusterException.java wave15b cluster-common codec [15:30]
2026-08-09T17:34:04Z DONE sentinel-cluster/sentinel-cluster-common-default/src/main/java/com/alibaba/csp/sentinel/cluster/registry/ConfigSupplierRegistry.java wave15b cluster-common codec [15:30]
2026-08-09T17:34:04Z DONE sentinel-cluster/sentinel-cluster-common-default/src/main/java/com/alibaba/csp/sentinel/cluster/request/ClusterRequest.java wave15b cluster-common codec [15:30]
2026-08-09T17:34:04Z DONE sentinel-cluster/sentinel-cluster-common-default/src/main/java/com/alibaba/csp/sentinel/cluster/request/Request.java wave15b cluster-common codec [15:30]
2026-08-09T17:34:04Z DONE sentinel-cluster/sentinel-cluster-common-default/src/main/java/com/alibaba/csp/sentinel/cluster/request/data/FlowRequestData.java wave15b cluster-common codec [15:30]
2026-08-09T17:34:04Z DONE sentinel-cluster/sentinel-cluster-common-default/src/main/java/com/alibaba/csp/sentinel/cluster/request/data/ParamFlowRequestData.java wave15b cluster-common codec [15:30]
2026-08-09T17:34:04Z DONE sentinel-cluster/sentinel-cluster-common-default/src/main/java/com/alibaba/csp/sentinel/cluster/response/ClusterResponse.java wave15b cluster-common codec [15:30]
2026-08-09T17:34:04Z DONE sentinel-cluster/sentinel-cluster-common-default/src/main/java/com/alibaba/csp/sentinel/cluster/response/Response.java wave15b cluster-common codec [15:30]
2026-08-09T17:34:04Z DONE sentinel-cluster/sentinel-cluster-common-default/src/main/java/com/alibaba/csp/sentinel/cluster/response/data/FlowTokenResponseData.java wave15b cluster-common codec [15:30]
2026-08-09T17:42:40Z DONE sentinel-cluster/sentinel-cluster-server-default/src/main/java/com/alibaba/csp/sentinel/cluster/flow/statistic/concurrent/expire/RegularExpireStrategy.java wave16b
2026-08-09T17:42:40Z DONE sentinel-cluster/sentinel-cluster-server-default/src/main/java/com/alibaba/csp/sentinel/cluster/flow/statistic/data/ClusterFlowEvent.java wave16b
2026-08-09T17:42:40Z DONE sentinel-cluster/sentinel-cluster-server-default/src/main/java/com/alibaba/csp/sentinel/cluster/flow/statistic/data/ClusterMetricBucket.java wave16b
2026-08-09T17:42:40Z DONE sentinel-cluster/sentinel-cluster-server-default/src/main/java/com/alibaba/csp/sentinel/cluster/flow/statistic/limit/GlobalRequestLimiter.java wave16b
2026-08-09T17:42:40Z DONE sentinel-cluster/sentinel-cluster-server-default/src/main/java/com/alibaba/csp/sentinel/cluster/flow/statistic/limit/RequestLimiter.java wave16b
2026-08-09T17:42:40Z DONE sentinel-cluster/sentinel-cluster-server-default/src/main/java/com/alibaba/csp/sentinel/cluster/flow/statistic/metric/ClusterMetric.java wave16b
2026-08-09T17:42:40Z DONE sentinel-cluster/sentinel-cluster-server-default/src/main/java/com/alibaba/csp/sentinel/cluster/flow/statistic/metric/ClusterMetricLeapArray.java wave16b
2026-08-09T17:42:40Z DONE sentinel-cluster/sentinel-cluster-server-default/src/main/java/com/alibaba/csp/sentinel/cluster/flow/statistic/metric/ClusterParamMetric.java wave16b
2026-08-09T17:42:40Z DONE sentinel-cluster/sentinel-cluster-server-default/src/main/java/com/alibaba/csp/sentinel/cluster/flow/statistic/metric/ClusterParameterLeapArray.java wave16b
2026-08-09T17:42:40Z DONE sentinel-cluster/sentinel-cluster-server-default/src/main/java/com/alibaba/csp/sentinel/cluster/server/DefaultEmbeddedTokenServer.java wave16b
2026-08-09T17:42:40Z DONE sentinel-cluster/sentinel-cluster-server-default/src/main/java/com/alibaba/csp/sentinel/cluster/server/NettyTransportServer.java wave16b
2026-08-09T17:42:40Z DONE sentinel-cluster/sentinel-cluster-server-default/src/main/java/com/alibaba/csp/sentinel/cluster/server/SentinelDefaultTokenServer.java wave16b
2026-08-09T17:42:40Z DONE sentinel-cluster/sentinel-cluster-server-default/src/main/java/com/alibaba/csp/sentinel/cluster/server/ServerConstants.java wave16b
2026-08-09T17:42:40Z DONE sentinel-cluster/sentinel-cluster-server-default/src/main/java/com/alibaba/csp/sentinel/cluster/server/TokenServiceProvider.java wave16b
2026-08-09T17:42:40Z DONE sentinel-cluster/sentinel-cluster-server-default/src/main/java/com/alibaba/csp/sentinel/cluster/server/codec/DefaultRequestEntityDecoder.java wave16b
2026-08-09T17:43:25Z DONE sentinel-cluster/sentinel-cluster-server-default/src/main/java/com/alibaba/csp/sentinel/cluster/flow/ClusterFlowChecker.java wave16a
2026-08-09T17:43:25Z DONE sentinel-cluster/sentinel-cluster-server-default/src/main/java/com/alibaba/csp/sentinel/cluster/flow/ClusterParamFlowChecker.java wave16a
2026-08-09T17:43:25Z DONE sentinel-cluster/sentinel-cluster-server-default/src/main/java/com/alibaba/csp/sentinel/cluster/flow/ConcurrentClusterFlowChecker.java wave16a
2026-08-09T17:43:25Z DONE sentinel-cluster/sentinel-cluster-server-default/src/main/java/com/alibaba/csp/sentinel/cluster/flow/DefaultTokenService.java wave16a
2026-08-09T17:43:25Z DONE sentinel-cluster/sentinel-cluster-server-default/src/main/java/com/alibaba/csp/sentinel/cluster/flow/rule/ClusterParamFlowRuleManager.java wave16a
2026-08-09T17:43:25Z DONE sentinel-cluster/sentinel-cluster-server-default/src/main/java/com/alibaba/csp/sentinel/cluster/flow/rule/NamespaceFlowProperty.java wave16a
2026-08-09T17:43:25Z DONE sentinel-cluster/sentinel-cluster-server-default/src/main/java/com/alibaba/csp/sentinel/cluster/flow/statistic/ClusterMetricNode.java wave16a
2026-08-09T17:43:25Z DONE sentinel-cluster/sentinel-cluster-server-default/src/main/java/com/alibaba/csp/sentinel/cluster/flow/statistic/ClusterMetricNodeGenerator.java wave16a
2026-08-09T17:43:25Z DONE sentinel-cluster/sentinel-cluster-server-default/src/main/java/com/alibaba/csp/sentinel/cluster/flow/statistic/ClusterMetricStatistics.java wave16a
2026-08-09T17:43:25Z DONE sentinel-cluster/sentinel-cluster-server-default/src/main/java/com/alibaba/csp/sentinel/cluster/flow/statistic/ClusterParamMetricStatistics.java wave16a
2026-08-09T17:43:25Z DONE sentinel-cluster/sentinel-cluster-server-default/src/main/java/com/alibaba/csp/sentinel/cluster/flow/statistic/concurrent/ClusterConcurrentCheckerLogListener.java wave16a
2026-08-09T17:43:25Z DONE sentinel-cluster/sentinel-cluster-server-default/src/main/java/com/alibaba/csp/sentinel/cluster/flow/statistic/concurrent/CurrentConcurrencyManager.java wave16a
2026-08-09T17:43:25Z DONE sentinel-cluster/sentinel-cluster-server-default/src/main/java/com/alibaba/csp/sentinel/cluster/flow/statistic/concurrent/TokenCacheNode.java wave16a
2026-08-09T17:43:25Z DONE sentinel-cluster/sentinel-cluster-server-default/src/main/java/com/alibaba/csp/sentinel/cluster/flow/statistic/concurrent/TokenCacheNodeManager.java wave16a
2026-08-09T17:43:25Z DONE sentinel-cluster/sentinel-cluster-server-default/src/main/java/com/alibaba/csp/sentinel/cluster/flow/statistic/concurrent/expire/ExpireStrategy.java wave16a
2026-08-09T17:48:46Z DONE sentinel-cluster/sentinel-cluster-server-default/src/main/java/com/alibaba/csp/sentinel/cluster/server/codec/DefaultResponseEntityWriter.java wave17a
2026-08-09T17:48:46Z DONE sentinel-cluster/sentinel-cluster-server-default/src/main/java/com/alibaba/csp/sentinel/cluster/server/codec/ServerEntityCodecProvider.java wave17a
2026-08-09T17:48:46Z DONE sentinel-cluster/sentinel-cluster-server-default/src/main/java/com/alibaba/csp/sentinel/cluster/server/codec/data/FlowRequestDataDecoder.java wave17a
2026-08-09T17:48:46Z DONE sentinel-cluster/sentinel-cluster-server-default/src/main/java/com/alibaba/csp/sentinel/cluster/server/codec/data/FlowResponseDataWriter.java wave17a
2026-08-09T17:48:46Z DONE sentinel-cluster/sentinel-cluster-server-default/src/main/java/com/alibaba/csp/sentinel/cluster/server/codec/data/ParamFlowRequestDataDecoder.java wave17a
2026-08-09T17:48:46Z DONE sentinel-cluster/sentinel-cluster-server-default/src/main/java/com/alibaba/csp/sentinel/cluster/server/codec/data/PingRequestDataDecoder.java wave17a
2026-08-09T17:48:46Z DONE sentinel-cluster/sentinel-cluster-server-default/src/main/java/com/alibaba/csp/sentinel/cluster/server/codec/data/PingResponseDataWriter.java wave17a
2026-08-09T17:48:46Z DONE sentinel-cluster/sentinel-cluster-server-default/src/main/java/com/alibaba/csp/sentinel/cluster/server/codec/netty/NettyRequestDecoder.java wave17a
2026-08-09T17:48:46Z DONE sentinel-cluster/sentinel-cluster-server-default/src/main/java/com/alibaba/csp/sentinel/cluster/server/codec/netty/NettyResponseEncoder.java wave17a
2026-08-09T17:48:46Z DONE sentinel-cluster/sentinel-cluster-server-default/src/main/java/com/alibaba/csp/sentinel/cluster/server/codec/registry/RequestDataDecodeRegistry.java wave17a
2026-08-09T17:48:46Z DONE sentinel-cluster/sentinel-cluster-server-default/src/main/java/com/alibaba/csp/sentinel/cluster/server/codec/registry/ResponseDataWriterRegistry.java wave17a
2026-08-09T17:48:46Z DONE sentinel-cluster/sentinel-cluster-server-default/src/main/java/com/alibaba/csp/sentinel/cluster/server/command/handler/FetchClusterFlowRulesCommandHandler.java wave17a
2026-08-09T17:48:46Z DONE sentinel-cluster/sentinel-cluster-server-default/src/main/java/com/alibaba/csp/sentinel/cluster/server/command/handler/FetchClusterMetricCommandHandler.java wave17a
2026-08-09T17:48:46Z DONE sentinel-cluster/sentinel-cluster-server-default/src/main/java/com/alibaba/csp/sentinel/cluster/server/command/handler/FetchClusterParamFlowRulesCommandHandler.java wave17a
2026-08-09T17:48:46Z DONE sentinel-cluster/sentinel-cluster-server-default/src/main/java/com/alibaba/csp/sentinel/cluster/server/command/handler/FetchClusterServerConfigHandler.java wave17a
2026-08-09T17:55:11Z DONE sentinel-cluster/sentinel-cluster-server-envoy-rls/src/main/java/com/alibaba/csp/sentinel/cluster/server/envoy/rls/log/RlsAccessLogger.java wave18b
2026-08-09T17:55:11Z DONE sentinel-cluster/sentinel-cluster-server-envoy-rls/src/main/java/com/alibaba/csp/sentinel/cluster/server/envoy/rls/rule/EnvoyRlsRule.java wave18b
2026-08-09T17:55:11Z DONE sentinel-cluster/sentinel-cluster-server-envoy-rls/src/main/java/com/alibaba/csp/sentinel/cluster/server/envoy/rls/rule/EnvoyRlsRuleManager.java wave18b
2026-08-09T17:55:11Z DONE sentinel-cluster/sentinel-cluster-server-envoy-rls/src/main/java/com/alibaba/csp/sentinel/cluster/server/envoy/rls/rule/EnvoySentinelRuleConverter.java wave18b
2026-08-09T17:55:11Z DONE sentinel-cluster/sentinel-cluster-server-envoy-rls/src/main/java/com/alibaba/csp/sentinel/cluster/server/envoy/rls/service/v3/SentinelEnvoyRlsServiceImpl.java wave18b
2026-08-09T17:55:11Z DONE sentinel-dashboard/src/main/java/com/alibaba/csp/sentinel/dashboard/DashboardApplication.java wave18b
2026-08-09T17:55:11Z DONE sentinel-dashboard/src/main/java/com/alibaba/csp/sentinel/dashboard/auth/AuthAction.java wave18b
2026-08-09T17:55:11Z DONE sentinel-dashboard/src/main/java/com/alibaba/csp/sentinel/dashboard/auth/AuthService.java wave18b
2026-08-09T17:55:11Z DONE sentinel-dashboard/src/main/java/com/alibaba/csp/sentinel/dashboard/auth/AuthorizationInterceptor.java wave18b
2026-08-09T17:55:11Z DONE sentinel-dashboard/src/main/java/com/alibaba/csp/sentinel/dashboard/auth/DefaultAuthorizationInterceptor.java wave18b
2026-08-09T17:55:11Z DONE sentinel-dashboard/src/main/java/com/alibaba/csp/sentinel/dashboard/auth/DefaultLoginAuthenticationFilter.java wave18b
2026-08-09T17:55:11Z DONE sentinel-dashboard/src/main/java/com/alibaba/csp/sentinel/dashboard/auth/FakeAuthServiceImpl.java wave18b
2026-08-09T17:55:11Z DONE sentinel-dashboard/src/main/java/com/alibaba/csp/sentinel/dashboard/auth/LoginAuthenticationFilter.java wave18b
2026-08-09T17:55:11Z DONE sentinel-dashboard/src/main/java/com/alibaba/csp/sentinel/dashboard/auth/SimpleWebAuthServiceImpl.java wave18b
2026-08-09T17:55:11Z DONE sentinel-dashboard/src/main/java/com/alibaba/csp/sentinel/dashboard/client/CommandFailedException.java wave18b
2026-08-09T17:56:10Z DONE sentinel-cluster/sentinel-cluster-server-default/src/main/java/com/alibaba/csp/sentinel/cluster/server/connection/ScanIdleConnectionTask.java wave18a
2026-08-09T17:56:10Z DONE sentinel-cluster/sentinel-cluster-server-default/src/main/java/com/alibaba/csp/sentinel/cluster/server/handler/TokenServerHandler.java wave18a
2026-08-09T17:56:10Z DONE sentinel-cluster/sentinel-cluster-server-default/src/main/java/com/alibaba/csp/sentinel/cluster/server/init/DefaultClusterServerInitFunc.java wave18a
2026-08-09T17:56:10Z DONE sentinel-cluster/sentinel-cluster-server-default/src/main/java/com/alibaba/csp/sentinel/cluster/server/log/ClusterServerStatLogUtil.java wave18a
2026-08-09T17:56:10Z DONE sentinel-cluster/sentinel-cluster-server-default/src/main/java/com/alibaba/csp/sentinel/cluster/server/processor/FlowRequestProcessor.java wave18a
2026-08-09T17:56:10Z DONE sentinel-cluster/sentinel-cluster-server-default/src/main/java/com/alibaba/csp/sentinel/cluster/server/processor/ParamFlowRequestProcessor.java wave18a
2026-08-09T17:56:10Z DONE sentinel-cluster/sentinel-cluster-server-default/src/main/java/com/alibaba/csp/sentinel/cluster/server/processor/RequestProcessor.java wave18a
2026-08-09T17:56:10Z DONE sentinel-cluster/sentinel-cluster-server-default/src/main/java/com/alibaba/csp/sentinel/cluster/server/processor/RequestProcessorProvider.java wave18a
2026-08-09T17:56:10Z DONE sentinel-cluster/sentinel-cluster-server-default/src/main/java/com/alibaba/csp/sentinel/cluster/server/util/ClusterRuleUtil.java wave18a
2026-08-09T17:56:10Z DONE sentinel-cluster/sentinel-cluster-server-envoy-rls/src/main/java/com/alibaba/csp/sentinel/cluster/server/envoy/rls/SentinelEnvoyRlsConstants.java wave18a
2026-08-09T17:56:10Z DONE sentinel-cluster/sentinel-cluster-server-envoy-rls/src/main/java/com/alibaba/csp/sentinel/cluster/server/envoy/rls/SentinelEnvoyRlsServer.java wave18a
2026-08-09T17:56:10Z DONE sentinel-cluster/sentinel-cluster-server-envoy-rls/src/main/java/com/alibaba/csp/sentinel/cluster/server/envoy/rls/SentinelEnvoyRlsServiceImpl.java wave18a
2026-08-09T17:56:10Z DONE sentinel-cluster/sentinel-cluster-server-envoy-rls/src/main/java/com/alibaba/csp/sentinel/cluster/server/envoy/rls/SentinelRlsGrpcServer.java wave18a
2026-08-09T17:56:10Z DONE sentinel-cluster/sentinel-cluster-server-envoy-rls/src/main/java/com/alibaba/csp/sentinel/cluster/server/envoy/rls/datasource/EnvoyRlsRuleDataSourceService.java wave18a
2026-08-09T17:56:10Z DONE sentinel-cluster/sentinel-cluster-server-envoy-rls/src/main/java/com/alibaba/csp/sentinel/cluster/server/envoy/rls/flow/SimpleClusterFlowChecker.java wave18a
2026-08-09T17:59:50Z DONE sentinel-dashboard/src/main/java/com/alibaba/csp/sentinel/dashboard/controller/SystemController.java wave19b
2026-08-09T17:59:50Z DONE sentinel-dashboard/src/main/java/com/alibaba/csp/sentinel/dashboard/controller/VersionController.java wave19b
2026-08-09T17:59:50Z DONE sentinel-dashboard/src/main/java/com/alibaba/csp/sentinel/dashboard/controller/cluster/ClusterAssignController.java wave19b
2026-08-09T17:59:50Z DONE sentinel-dashboard/src/main/java/com/alibaba/csp/sentinel/dashboard/controller/cluster/ClusterConfigController.java wave19b
2026-08-09T17:59:50Z DONE sentinel-dashboard/src/main/java/com/alibaba/csp/sentinel/dashboard/controller/gateway/GatewayApiController.java wave19b
2026-08-09T17:59:50Z DONE sentinel-dashboard/src/main/java/com/alibaba/csp/sentinel/dashboard/controller/v2/FlowControllerV2.java wave19b
2026-08-09T17:59:50Z DONE sentinel-dashboard/src/main/java/com/alibaba/csp/sentinel/dashboard/datasource/entity/ApplicationEntity.java wave19b
2026-08-09T17:59:50Z DONE sentinel-dashboard/src/main/java/com/alibaba/csp/sentinel/dashboard/datasource/entity/MachineEntity.java wave19b
2026-08-09T17:59:50Z DONE sentinel-dashboard/src/main/java/com/alibaba/csp/sentinel/dashboard/datasource/entity/MetricEntity.java wave19b
2026-08-09T17:59:50Z DONE sentinel-dashboard/src/main/java/com/alibaba/csp/sentinel/dashboard/datasource/entity/MetricPositionEntity.java wave19b
2026-08-09T17:59:50Z DONE sentinel-dashboard/src/main/java/com/alibaba/csp/sentinel/dashboard/datasource/entity/SentinelVersion.java wave19b
2026-08-09T17:59:50Z DONE sentinel-dashboard/src/main/java/com/alibaba/csp/sentinel/dashboard/datasource/entity/gateway/ApiDefinitionEntity.java wave19b
2026-08-09T17:59:50Z DONE sentinel-dashboard/src/main/java/com/alibaba/csp/sentinel/dashboard/datasource/entity/gateway/ApiPredicateItemEntity.java wave19b
2026-08-09T17:59:50Z DONE sentinel-dashboard/src/main/java/com/alibaba/csp/sentinel/dashboard/datasource/entity/gateway/GatewayFlowRuleEntity.java wave19b
2026-08-09T17:59:50Z DONE sentinel-dashboard/src/main/java/com/alibaba/csp/sentinel/dashboard/datasource/entity/gateway/GatewayParamFlowItemEntity.java wave19b
2026-08-09T18:00:31Z DONE sentinel-dashboard/src/main/java/com/alibaba/csp/sentinel/dashboard/client/CommandNotFoundException.java wave19a
2026-08-09T18:00:31Z DONE sentinel-dashboard/src/main/java/com/alibaba/csp/sentinel/dashboard/config/AuthConfiguration.java wave19a
2026-08-09T18:00:31Z DONE sentinel-dashboard/src/main/java/com/alibaba/csp/sentinel/dashboard/config/AuthProperties.java wave19a
2026-08-09T18:00:31Z DONE sentinel-dashboard/src/main/java/com/alibaba/csp/sentinel/dashboard/config/DashboardConfig.java wave19a
2026-08-09T18:00:31Z DONE sentinel-dashboard/src/main/java/com/alibaba/csp/sentinel/dashboard/config/WebConfig.java wave19a
2026-08-09T18:00:31Z DONE sentinel-dashboard/src/main/java/com/alibaba/csp/sentinel/dashboard/controller/AppController.java wave19a
2026-08-09T18:00:31Z DONE sentinel-dashboard/src/main/java/com/alibaba/csp/sentinel/dashboard/controller/AuthController.java wave19a
2026-08-09T18:00:31Z DONE sentinel-dashboard/src/main/java/com/alibaba/csp/sentinel/dashboard/controller/AuthorityRuleController.java wave19a
2026-08-09T18:00:31Z DONE sentinel-dashboard/src/main/java/com/alibaba/csp/sentinel/dashboard/controller/DegradeController.java wave19a
2026-08-09T18:00:31Z DONE sentinel-dashboard/src/main/java/com/alibaba/csp/sentinel/dashboard/controller/DemoController.java wave19a
2026-08-09T18:00:31Z DONE sentinel-dashboard/src/main/java/com/alibaba/csp/sentinel/dashboard/controller/FlowControllerV1.java wave19a
2026-08-09T18:00:31Z DONE sentinel-dashboard/src/main/java/com/alibaba/csp/sentinel/dashboard/controller/MachineRegistryController.java wave19a
2026-08-09T18:00:31Z DONE sentinel-dashboard/src/main/java/com/alibaba/csp/sentinel/dashboard/controller/MetricController.java wave19a
2026-08-09T18:00:31Z DONE sentinel-dashboard/src/main/java/com/alibaba/csp/sentinel/dashboard/controller/ParamFlowRuleController.java wave19a
2026-08-09T18:00:31Z DONE sentinel-dashboard/src/main/java/com/alibaba/csp/sentinel/dashboard/controller/ResourceController.java wave19a
2026-08-09T18:03:18Z DONE sentinel-dashboard/src/main/java/com/alibaba/csp/sentinel/dashboard/datasource/entity/rule/AbstractRuleEntity.java wave20a
2026-08-09T18:03:18Z DONE sentinel-dashboard/src/main/java/com/alibaba/csp/sentinel/dashboard/datasource/entity/rule/AuthorityRuleEntity.java wave20a
2026-08-09T18:03:18Z DONE sentinel-dashboard/src/main/java/com/alibaba/csp/sentinel/dashboard/datasource/entity/rule/DegradeRuleEntity.java wave20a
2026-08-09T18:03:18Z DONE sentinel-dashboard/src/main/java/com/alibaba/csp/sentinel/dashboard/datasource/entity/rule/FlowRuleEntity.java wave20a
2026-08-09T18:03:18Z DONE sentinel-dashboard/src/main/java/com/alibaba/csp/sentinel/dashboard/datasource/entity/rule/ParamFlowRuleEntity.java wave20a
2026-08-09T18:03:18Z DONE sentinel-dashboard/src/main/java/com/alibaba/csp/sentinel/dashboard/datasource/entity/rule/RuleEntity.java wave20a
2026-08-09T18:03:18Z DONE sentinel-dashboard/src/main/java/com/alibaba/csp/sentinel/dashboard/datasource/entity/rule/SystemRuleEntity.java wave20a
2026-08-09T18:03:18Z DONE sentinel-dashboard/src/main/java/com/alibaba/csp/sentinel/dashboard/discovery/AppInfo.java wave20a
2026-08-09T18:03:18Z DONE sentinel-dashboard/src/main/java/com/alibaba/csp/sentinel/dashboard/discovery/AppManagement.java wave20a
2026-08-09T18:03:18Z DONE sentinel-dashboard/src/main/java/com/alibaba/csp/sentinel/dashboard/discovery/MachineDiscovery.java wave20a
2026-08-09T18:03:18Z DONE sentinel-dashboard/src/main/java/com/alibaba/csp/sentinel/dashboard/discovery/MachineInfo.java wave20a
2026-08-09T18:03:18Z DONE sentinel-dashboard/src/main/java/com/alibaba/csp/sentinel/dashboard/discovery/SimpleMachineDiscovery.java wave20a
2026-08-09T18:03:18Z DONE sentinel-dashboard/src/main/java/com/alibaba/csp/sentinel/dashboard/domain/ResourceTreeNode.java wave20a
2026-08-09T18:03:18Z DONE sentinel-dashboard/src/main/java/com/alibaba/csp/sentinel/dashboard/domain/Result.java wave20a
2026-08-09T18:03:18Z DONE sentinel-dashboard/src/main/java/com/alibaba/csp/sentinel/dashboard/domain/cluster/ClusterAppAssignResultVO.java wave20a
2026-08-09T18:03:29Z DONE sentinel-dashboard/src/main/java/com/alibaba/csp/sentinel/dashboard/domain/cluster/ClusterAppFullAssignRequest.java wave20b
2026-08-09T18:03:29Z DONE sentinel-dashboard/src/main/java/com/alibaba/csp/sentinel/dashboard/domain/cluster/ClusterAppSingleServerAssignRequest.java wave20b
2026-08-09T18:03:29Z DONE sentinel-dashboard/src/main/java/com/alibaba/csp/sentinel/dashboard/domain/cluster/ClusterClientInfoVO.java wave20b
2026-08-09T18:03:29Z DONE sentinel-dashboard/src/main/java/com/alibaba/csp/sentinel/dashboard/domain/cluster/ClusterGroupEntity.java wave20b
2026-08-09T18:03:29Z DONE sentinel-dashboard/src/main/java/com/alibaba/csp/sentinel/dashboard/domain/cluster/ClusterStateSingleVO.java wave20b
2026-08-09T18:03:29Z DONE sentinel-dashboard/src/main/java/com/alibaba/csp/sentinel/dashboard/domain/cluster/ConnectionDescriptorVO.java wave20b
2026-08-09T18:03:29Z DONE sentinel-dashboard/src/main/java/com/alibaba/csp/sentinel/dashboard/domain/cluster/ConnectionGroupVO.java wave20b
2026-08-09T18:03:29Z DONE sentinel-dashboard/src/main/java/com/alibaba/csp/sentinel/dashboard/domain/cluster/config/ClusterClientConfig.java wave20b
2026-08-09T18:03:29Z DONE sentinel-dashboard/src/main/java/com/alibaba/csp/sentinel/dashboard/domain/cluster/config/ServerFlowConfig.java wave20b
2026-08-09T18:03:29Z DONE sentinel-dashboard/src/main/java/com/alibaba/csp/sentinel/dashboard/domain/cluster/config/ServerTransportConfig.java wave20b
2026-08-09T18:03:29Z DONE sentinel-dashboard/src/main/java/com/alibaba/csp/sentinel/dashboard/domain/cluster/request/ClusterAppAssignMap.java wave20b
2026-08-09T18:03:29Z DONE sentinel-dashboard/src/main/java/com/alibaba/csp/sentinel/dashboard/domain/cluster/request/ClusterClientModifyRequest.java wave20b
2026-08-09T18:03:29Z DONE sentinel-dashboard/src/main/java/com/alibaba/csp/sentinel/dashboard/domain/cluster/request/ClusterModifyRequest.java wave20b
2026-08-09T18:03:29Z DONE sentinel-dashboard/src/main/java/com/alibaba/csp/sentinel/dashboard/domain/cluster/request/ClusterServerModifyRequest.java wave20b
2026-08-09T18:03:29Z DONE sentinel-dashboard/src/main/java/com/alibaba/csp/sentinel/dashboard/domain/cluster/state/AppClusterClientStateWrapVO.java wave20b
2026-08-09T18:06:44Z DONE sentinel-dashboard/src/main/java/com/alibaba/csp/sentinel/dashboard/domain/vo/gateway/rule/UpdateFlowRuleReqVo.java wave21b
2026-08-09T18:06:44Z DONE sentinel-dashboard/src/main/java/com/alibaba/csp/sentinel/dashboard/metric/MetricFetcher.java wave21b
2026-08-09T18:06:44Z DONE sentinel-dashboard/src/main/java/com/alibaba/csp/sentinel/dashboard/repository/gateway/InMemApiDefinitionStore.java wave21b
2026-08-09T18:06:44Z DONE sentinel-dashboard/src/main/java/com/alibaba/csp/sentinel/dashboard/repository/gateway/InMemGatewayFlowRuleStore.java wave21b
2026-08-09T18:06:44Z DONE sentinel-dashboard/src/main/java/com/alibaba/csp/sentinel/dashboard/repository/metric/InMemoryMetricsRepository.java wave21b
2026-08-09T18:06:44Z DONE sentinel-dashboard/src/main/java/com/alibaba/csp/sentinel/dashboard/repository/metric/MetricsRepository.java wave21b
2026-08-09T18:06:44Z DONE sentinel-dashboard/src/main/java/com/alibaba/csp/sentinel/dashboard/repository/rule/InMemAuthorityRuleStore.java wave21b
2026-08-09T18:06:44Z DONE sentinel-dashboard/src/main/java/com/alibaba/csp/sentinel/dashboard/repository/rule/InMemDegradeRuleStore.java wave21b
2026-08-09T18:06:44Z DONE sentinel-dashboard/src/main/java/com/alibaba/csp/sentinel/dashboard/repository/rule/InMemFlowRuleStore.java wave21b
2026-08-09T18:06:44Z DONE sentinel-dashboard/src/main/java/com/alibaba/csp/sentinel/dashboard/repository/rule/InMemParamFlowRuleStore.java wave21b
2026-08-09T18:06:44Z DONE sentinel-dashboard/src/main/java/com/alibaba/csp/sentinel/dashboard/repository/rule/InMemSystemRuleStore.java wave21b
2026-08-09T18:06:44Z DONE sentinel-dashboard/src/main/java/com/alibaba/csp/sentinel/dashboard/repository/rule/InMemoryRuleRepositoryAdapter.java wave21b
2026-08-09T18:06:44Z DONE sentinel-dashboard/src/main/java/com/alibaba/csp/sentinel/dashboard/repository/rule/RuleRepository.java wave21b
2026-08-09T18:06:44Z DONE sentinel-dashboard/src/main/java/com/alibaba/csp/sentinel/dashboard/rule/DynamicRuleProvider.java wave21b
2026-08-09T18:06:44Z DONE sentinel-dashboard/src/main/java/com/alibaba/csp/sentinel/dashboard/rule/DynamicRulePublisher.java wave21b
2026-08-09T18:08:27Z DONE sentinel-dashboard/src/main/java/com/alibaba/csp/sentinel/dashboard/domain/cluster/state/AppClusterServerStateWrapVO.java wave21a [0:15]
2026-08-09T18:08:27Z DONE sentinel-dashboard/src/main/java/com/alibaba/csp/sentinel/dashboard/domain/cluster/state/ClusterClientStateVO.java wave21a [0:15]
2026-08-09T18:08:27Z DONE sentinel-dashboard/src/main/java/com/alibaba/csp/sentinel/dashboard/domain/cluster/state/ClusterRequestLimitVO.java wave21a [0:15]
2026-08-09T18:08:27Z DONE sentinel-dashboard/src/main/java/com/alibaba/csp/sentinel/dashboard/domain/cluster/state/ClusterServerStateVO.java wave21a [0:15]
2026-08-09T18:08:27Z DONE sentinel-dashboard/src/main/java/com/alibaba/csp/sentinel/dashboard/domain/cluster/state/ClusterStateSimpleEntity.java wave21a [0:15]
2026-08-09T18:08:27Z DONE sentinel-dashboard/src/main/java/com/alibaba/csp/sentinel/dashboard/domain/cluster/state/ClusterUniversalStatePairVO.java wave21a [0:15]
2026-08-09T18:08:27Z DONE sentinel-dashboard/src/main/java/com/alibaba/csp/sentinel/dashboard/domain/cluster/state/ClusterUniversalStateVO.java wave21a [0:15]
2026-08-09T18:08:27Z DONE sentinel-dashboard/src/main/java/com/alibaba/csp/sentinel/dashboard/domain/vo/MachineInfoVo.java wave21a [0:15]
2026-08-09T18:08:27Z DONE sentinel-dashboard/src/main/java/com/alibaba/csp/sentinel/dashboard/domain/vo/MetricVo.java wave21a [0:15]
2026-08-09T18:08:27Z DONE sentinel-dashboard/src/main/java/com/alibaba/csp/sentinel/dashboard/domain/vo/ResourceVo.java wave21a [0:15]
2026-08-09T18:08:27Z DONE sentinel-dashboard/src/main/java/com/alibaba/csp/sentinel/dashboard/domain/vo/gateway/api/AddApiReqVo.java wave21a [0:15]
2026-08-09T18:08:27Z DONE sentinel-dashboard/src/main/java/com/alibaba/csp/sentinel/dashboard/domain/vo/gateway/api/ApiPredicateItemVo.java wave21a [0:15]
2026-08-09T18:08:27Z DONE sentinel-dashboard/src/main/java/com/alibaba/csp/sentinel/dashboard/domain/vo/gateway/api/UpdateApiReqVo.java wave21a [0:15]
2026-08-09T18:08:27Z DONE sentinel-dashboard/src/main/java/com/alibaba/csp/sentinel/dashboard/domain/vo/gateway/rule/AddFlowRuleReqVo.java wave21a [0:15]
2026-08-09T18:08:27Z DONE sentinel-dashboard/src/main/java/com/alibaba/csp/sentinel/dashboard/domain/vo/gateway/rule/GatewayParamFlowItemVo.java wave21a [0:15]
2026-08-09T18:10:03Z DONE sentinel-dashboard/src/main/webapp/resources/app/scripts/controllers/cluster_single.js wave22b
2026-08-09T18:10:03Z DONE sentinel-dashboard/src/main/webapp/resources/app/scripts/controllers/degrade.js wave22b
2026-08-09T18:10:03Z DONE sentinel-dashboard/src/main/webapp/resources/app/scripts/controllers/flow_v1.js wave22b
2026-08-09T18:10:03Z DONE sentinel-dashboard/src/main/webapp/resources/app/scripts/controllers/flow_v2.js wave22b
2026-08-09T18:10:03Z DONE sentinel-dashboard/src/main/webapp/resources/app/scripts/controllers/gateway/api.js wave22b
2026-08-09T18:10:03Z DONE sentinel-dashboard/src/main/webapp/resources/app/scripts/controllers/gateway/flow.js wave22b
2026-08-09T18:10:03Z DONE sentinel-dashboard/src/main/webapp/resources/app/scripts/controllers/gateway/identity.js wave22b
2026-08-09T18:10:03Z DONE sentinel-dashboard/src/main/webapp/resources/app/scripts/controllers/home.js wave22b
2026-08-09T18:10:03Z DONE sentinel-dashboard/src/main/webapp/resources/app/scripts/controllers/login.js wave22b
2026-08-09T18:10:03Z DONE sentinel-dashboard/src/main/webapp/resources/app/scripts/controllers/machine.js wave22b
2026-08-09T18:10:03Z DONE sentinel-dashboard/src/main/webapp/resources/app/scripts/controllers/main.js wave22b
2026-08-09T18:10:03Z DONE sentinel-dashboard/src/main/webapp/resources/app/scripts/controllers/metric.js wave22b
2026-08-09T18:10:03Z DONE sentinel-dashboard/src/main/webapp/resources/app/scripts/controllers/param_flow.js wave22b
2026-08-09T18:10:03Z DONE sentinel-dashboard/src/main/webapp/resources/app/scripts/controllers/system.js wave22b
2026-08-09T18:10:03Z DONE sentinel-dashboard/src/main/webapp/resources/app/scripts/directives/header/header.js wave22b
2026-08-09T18:10:06Z DONE sentinel-dashboard/src/main/java/com/alibaba/csp/sentinel/dashboard/rule/FlowRuleApiProvider.java wave22a
2026-08-09T18:10:06Z DONE sentinel-dashboard/src/main/java/com/alibaba/csp/sentinel/dashboard/rule/FlowRuleApiPublisher.java wave22a
2026-08-09T18:10:06Z DONE sentinel-dashboard/src/main/java/com/alibaba/csp/sentinel/dashboard/service/ClusterAssignService.java wave22a
2026-08-09T18:10:06Z DONE sentinel-dashboard/src/main/java/com/alibaba/csp/sentinel/dashboard/service/ClusterAssignServiceImpl.java wave22a
2026-08-09T18:10:06Z DONE sentinel-dashboard/src/main/java/com/alibaba/csp/sentinel/dashboard/service/ClusterConfigService.java wave22a
2026-08-09T18:10:06Z DONE sentinel-dashboard/src/main/java/com/alibaba/csp/sentinel/dashboard/util/AsyncUtils.java wave22a
2026-08-09T18:10:06Z DONE sentinel-dashboard/src/main/java/com/alibaba/csp/sentinel/dashboard/util/ClusterEntityUtils.java wave22a
2026-08-09T18:10:06Z DONE sentinel-dashboard/src/main/java/com/alibaba/csp/sentinel/dashboard/util/MachineUtils.java wave22a
2026-08-09T18:10:06Z DONE sentinel-dashboard/src/main/java/com/alibaba/csp/sentinel/dashboard/util/VersionUtils.java wave22a
2026-08-09T18:10:06Z DONE sentinel-dashboard/src/main/webapp/resources/app/scripts/app.js wave22a
2026-08-09T18:10:06Z DONE sentinel-dashboard/src/main/webapp/resources/app/scripts/controllers/authority.js wave22a
2026-08-09T18:10:06Z DONE sentinel-dashboard/src/main/webapp/resources/app/scripts/controllers/cluster_app_assign_manage.js wave22a
2026-08-09T18:10:06Z DONE sentinel-dashboard/src/main/webapp/resources/app/scripts/controllers/cluster_app_server_manage.js wave22a
2026-08-09T18:10:06Z DONE sentinel-dashboard/src/main/webapp/resources/app/scripts/controllers/cluster_app_server_monitor.js wave22a
2026-08-09T18:10:06Z DONE sentinel-dashboard/src/main/webapp/resources/app/scripts/controllers/cluster_app_token_client_list.js wave22a
2026-08-09T18:15:09Z DONE sentinel-dashboard/src/main/webapp/resources/app/scripts/services/metricservice.js wave23b
2026-08-09T18:15:09Z DONE sentinel-dashboard/src/main/webapp/resources/app/scripts/services/param_flow_service.js wave23b
2026-08-09T18:15:09Z DONE sentinel-dashboard/src/main/webapp/resources/app/scripts/services/systemservice.js wave23b
2026-08-09T18:15:09Z DONE sentinel-dashboard/src/main/webapp/resources/app/scripts/services/version_service.js wave23b
2026-08-09T18:15:09Z DONE sentinel-dashboard/src/main/webapp/resources/gulpfile.js wave23b
2026-08-09T18:15:09Z DONE sentinel-dashboard/src/main/webapp/resources/lib/js/angular.min.js wave23b
2026-08-09T18:15:09Z DONE sentinel-dashboard/src/main/webapp/resources/lib/js/bootstrap.min.js wave23b
2026-08-09T18:15:09Z DONE sentinel-dashboard/src/main/webapp/resources/lib/js/g2.min.js wave23b
2026-08-09T18:15:09Z DONE sentinel-dashboard/src/main/webapp/resources/lib/js/jquery.min.js wave23b
2026-08-09T18:15:09Z DONE sentinel-demo/sentinel-demo-annotation-cdi-interceptor/src/main/java/com/alibaba/csp/sentinel/demo/annotation/cdi/interceptor/DemoApplication.java wave23b
2026-08-09T18:15:09Z DONE sentinel-demo/sentinel-demo-annotation-cdi-interceptor/src/main/java/com/alibaba/csp/sentinel/demo/annotation/cdi/interceptor/ExceptionUtil.java wave23b
2026-08-09T18:15:09Z DONE sentinel-demo/sentinel-demo-annotation-cdi-interceptor/src/main/java/com/alibaba/csp/sentinel/demo/annotation/cdi/interceptor/TestService.java wave23b
2026-08-09T18:15:09Z DONE sentinel-demo/sentinel-demo-annotation-cdi-interceptor/src/main/java/com/alibaba/csp/sentinel/demo/annotation/cdi/interceptor/TestServiceImpl.java wave23b
2026-08-09T18:15:09Z DONE sentinel-demo/sentinel-demo-annotation-spring-aop/src/main/java/com/alibaba/csp/sentinel/demo/annotation/aop/DemoApplication.java wave23b
2026-08-09T18:15:09Z DONE sentinel-demo/sentinel-demo-annotation-spring-aop/src/main/java/com/alibaba/csp/sentinel/demo/annotation/aop/config/AopConfiguration.java wave23b
2026-08-09T18:17:09Z DONE sentinel-demo/sentinel-demo-annotation-spring-aop/src/main/java/com/alibaba/csp/sentinel/demo/annotation/aop/controller/DemoController.java wave24a [0:15]
2026-08-09T18:17:09Z DONE sentinel-demo/sentinel-demo-annotation-spring-aop/src/main/java/com/alibaba/csp/sentinel/demo/annotation/aop/service/ExceptionUtil.java wave24a [0:15]
2026-08-09T18:17:09Z DONE sentinel-demo/sentinel-demo-annotation-spring-aop/src/main/java/com/alibaba/csp/sentinel/demo/annotation/aop/service/TestService.java wave24a [0:15]
2026-08-09T18:17:09Z DONE sentinel-demo/sentinel-demo-annotation-spring-aop/src/main/java/com/alibaba/csp/sentinel/demo/annotation/aop/service/TestServiceImpl.java wave24a [0:15]
2026-08-09T18:17:09Z DONE sentinel-demo/sentinel-demo-apache-dubbo/src/main/java/com/alibaba/csp/sentinel/demo/apache/dubbo/FooConsumerBootstrap.java wave24a [0:15]
2026-08-09T18:17:09Z DONE sentinel-demo/sentinel-demo-apache-dubbo/src/main/java/com/alibaba/csp/sentinel/demo/apache/dubbo/FooConsumerExceptionDegradeBootstrap.java wave24a [0:15]
2026-08-09T18:17:09Z DONE sentinel-demo/sentinel-demo-apache-dubbo/src/main/java/com/alibaba/csp/sentinel/demo/apache/dubbo/FooProviderBootstrap.java wave24a [0:15]
2026-08-09T18:17:09Z DONE sentinel-demo/sentinel-demo-apache-dubbo/src/main/java/com/alibaba/csp/sentinel/demo/apache/dubbo/FooService.java wave24a [0:15]
2026-08-09T18:17:09Z DONE sentinel-demo/sentinel-demo-apache-dubbo/src/main/java/com/alibaba/csp/sentinel/demo/apache/dubbo/consumer/ConsumerConfiguration.java wave24a [0:15]
2026-08-09T18:17:09Z DONE sentinel-demo/sentinel-demo-apache-dubbo/src/main/java/com/alibaba/csp/sentinel/demo/apache/dubbo/consumer/FooServiceConsumer.java wave24a [0:15]
2026-08-09T18:17:09Z DONE sentinel-demo/sentinel-demo-apache-dubbo/src/main/java/com/alibaba/csp/sentinel/demo/apache/dubbo/provider/FooServiceImpl.java wave24a [0:15]
2026-08-09T18:17:09Z DONE sentinel-demo/sentinel-demo-apache-dubbo/src/main/java/com/alibaba/csp/sentinel/demo/apache/dubbo/provider/ProviderConfiguration.java wave24a [0:15]
2026-08-09T18:17:09Z DONE sentinel-demo/sentinel-demo-apache-httpclient/src/main/java/com/alibaba/csp/sentinel/demo/apache/httpclient/ApacheHttpClientDemoApplication.java wave24a [0:15]
2026-08-09T18:17:09Z DONE sentinel-demo/sentinel-demo-apache-httpclient/src/main/java/com/alibaba/csp/sentinel/demo/apache/httpclient/controller/ApacheHttpClientTestController.java wave24a [0:15]
2026-08-09T18:17:09Z DONE sentinel-demo/sentinel-demo-apollo-datasource/src/main/java/com/alibaba/csp/sentinel/demo/datasource/apollo/ApolloDataSourceDemo.java wave24a [0:15]
2026-08-09T18:18:27Z DONE sentinel-demo/sentinel-demo-apollo-datasource/src/main/java/com/alibaba/csp/sentinel/demo/datasource/apollo/FlowQpsRunner.java wave24b [15:30]
2026-08-09T18:18:27Z DONE sentinel-demo/sentinel-demo-basic/src/main/java/com/alibaba/csp/sentinel/demo/AsyncEntryDemo.java wave24b [15:30]
2026-08-09T18:18:27Z DONE sentinel-demo/sentinel-demo-basic/src/main/java/com/alibaba/csp/sentinel/demo/authority/AuthorityDemo.java wave24b [15:30]
2026-08-09T18:18:27Z DONE sentinel-demo/sentinel-demo-basic/src/main/java/com/alibaba/csp/sentinel/demo/degrade/ExceptionRatioCircuitBreakerDemo.java wave24b [15:30]
2026-08-09T18:18:27Z DONE sentinel-demo/sentinel-demo-basic/src/main/java/com/alibaba/csp/sentinel/demo/degrade/SlowRatioCircuitBreakerDemo.java wave24b [15:30]
2026-08-09T18:18:27Z DONE sentinel-demo/sentinel-demo-basic/src/main/java/com/alibaba/csp/sentinel/demo/flow/FlowQpsDemo.java wave24b [15:30]
2026-08-09T18:18:27Z DONE sentinel-demo/sentinel-demo-basic/src/main/java/com/alibaba/csp/sentinel/demo/flow/FlowQpsRegexDemo.java wave24b [15:30]
2026-08-09T18:18:27Z DONE sentinel-demo/sentinel-demo-basic/src/main/java/com/alibaba/csp/sentinel/demo/flow/FlowThreadDemo.java wave24b [15:30]
2026-08-09T18:18:27Z DONE sentinel-demo/sentinel-demo-basic/src/main/java/com/alibaba/csp/sentinel/demo/flow/PaceFlowDemo.java wave24b [15:30]
2026-08-09T18:18:27Z DONE sentinel-demo/sentinel-demo-basic/src/main/java/com/alibaba/csp/sentinel/demo/flow/WarmUpFlowDemo.java wave24b [15:30]
2026-08-09T18:18:27Z DONE sentinel-demo/sentinel-demo-basic/src/main/java/com/alibaba/csp/sentinel/demo/flow/WarmUpRateLimiterFlowDemo.java wave24b [15:30]
2026-08-09T18:18:27Z DONE sentinel-demo/sentinel-demo-basic/src/main/java/com/alibaba/csp/sentinel/demo/system/SystemGuardDemo.java wave24b [15:30]
2026-08-09T18:18:27Z DONE sentinel-demo/sentinel-demo-cluster/sentinel-demo-cluster-embedded/src/main/java/com/alibaba/csp/sentinel/demo/cluster/DemoConstants.java wave24b [15:30]
2026-08-09T18:18:27Z DONE sentinel-demo/sentinel-demo-cluster/sentinel-demo-cluster-embedded/src/main/java/com/alibaba/csp/sentinel/demo/cluster/app/ClusterDemoApplication.java wave24b [15:30]
2026-08-09T18:18:27Z DONE sentinel-demo/sentinel-demo-cluster/sentinel-demo-cluster-embedded/src/main/java/com/alibaba/csp/sentinel/demo/cluster/app/config/AopConfig.java wave24b [15:30]
