2026-08-09T16:40:54Z DONE src/main/java/io/reactivex/rxjava4/core/VirtualGenerator.java wave3a-agent-understood
2026-08-09T16:40:54Z DONE src/main/java/io/reactivex/rxjava4/core/VirtualTransformer.java wave3a-agent-understood
2026-08-09T16:40:54Z DONE src/main/java/io/reactivex/rxjava4/core/config/OnBackpressureBufferConfig.java wave3a-agent-understood
2026-08-09T16:40:54Z DONE src/main/java/io/reactivex/rxjava4/core/config/ParallelSchedulerConfig.java wave3a-agent-understood
2026-08-09T16:40:54Z DONE src/main/java/io/reactivex/rxjava4/core/config/SampleConfig.java wave3a-agent-understood
2026-08-09T16:40:54Z DONE src/main/java/io/reactivex/rxjava4/core/config/SequenceEqualConfig.java wave3a-agent-understood
2026-08-09T16:40:54Z DONE src/main/java/io/reactivex/rxjava4/core/config/StandardBufferedConfig.java wave3a-agent-understood
2026-08-09T16:40:54Z DONE src/main/java/io/reactivex/rxjava4/core/config/StandardConcurrentBufferedConfig.java wave3a-agent-understood
2026-08-09T16:40:54Z DONE src/main/java/io/reactivex/rxjava4/core/config/StandardConcurrentConfig.java wave3a-agent-understood
2026-08-09T16:40:54Z DONE src/main/java/io/reactivex/rxjava4/core/config/StreamableInterceptConfig.java wave3a-agent-understood
2026-08-09T16:40:54Z DONE src/main/java/io/reactivex/rxjava4/core/config/package-info.java wave3a-agent-understood
2026-08-09T16:40:54Z DONE src/main/java/io/reactivex/rxjava4/core/package-info.java wave3a-agent-understood
2026-08-09T16:40:54Z DONE src/main/java/io/reactivex/rxjava4/disposables/ActionDisposable.java wave3a-agent-understood
2026-08-09T16:40:54Z DONE src/main/java/io/reactivex/rxjava4/disposables/AutoCloseableDisposable.java wave3a-agent-understood
2026-08-09T16:40:54Z DONE src/main/java/io/reactivex/rxjava4/disposables/CompositeDisposable.java wave3a-agent-understood
2026-08-09T16:41:37Z DONE src/main/java/io/reactivex/rxjava4/core/VirtualGenerator.java wave3a-agent-understood
2026-08-09T16:41:37Z DONE src/main/java/io/reactivex/rxjava4/core/VirtualTransformer.java wave3a-agent-understood
2026-08-09T16:41:37Z DONE src/main/java/io/reactivex/rxjava4/core/config/OnBackpressureBufferConfig.java wave3a-agent-understood
2026-08-09T16:41:37Z DONE src/main/java/io/reactivex/rxjava4/core/config/ParallelSchedulerConfig.java wave3a-agent-understood
2026-08-09T16:41:37Z DONE src/main/java/io/reactivex/rxjava4/core/config/SampleConfig.java wave3a-agent-understood
2026-08-09T16:41:37Z DONE src/main/java/io/reactivex/rxjava4/core/config/SequenceEqualConfig.java wave3a-agent-understood
2026-08-09T16:41:37Z DONE src/main/java/io/reactivex/rxjava4/core/config/StandardBufferedConfig.java wave3a-agent-understood
2026-08-09T16:41:37Z DONE src/main/java/io/reactivex/rxjava4/core/config/StandardConcurrentBufferedConfig.java wave3a-agent-understood
2026-08-09T16:41:37Z DONE src/main/java/io/reactivex/rxjava4/core/config/StandardConcurrentConfig.java wave3a-agent-understood
2026-08-09T16:41:37Z DONE src/main/java/io/reactivex/rxjava4/core/config/StreamableInterceptConfig.java wave3a-agent-understood
2026-08-09T16:41:37Z DONE src/main/java/io/reactivex/rxjava4/core/config/package-info.java wave3a-agent-understood
2026-08-09T16:41:37Z DONE src/main/java/io/reactivex/rxjava4/core/package-info.java wave3a-agent-understood
2026-08-09T16:41:37Z DONE src/main/java/io/reactivex/rxjava4/disposables/ActionDisposable.java wave3a-agent-understood
2026-08-09T16:41:37Z DONE src/main/java/io/reactivex/rxjava4/disposables/AutoCloseableDisposable.java wave3a-agent-understood
2026-08-09T16:41:37Z DONE src/main/java/io/reactivex/rxjava4/disposables/CompositeDisposable.java wave3a-agent-understood
2026-08-09T16:46:47Z DONE src/main/java/io/reactivex/rxjava4/internal/disposables/NeverDisposableStreamerCancellation.java wave4a
2026-08-09T16:46:47Z DONE src/main/java/io/reactivex/rxjava4/internal/disposables/SequentialDisposable.java wave4a
2026-08-09T16:46:47Z DONE src/main/java/io/reactivex/rxjava4/internal/functions/ObjectHelper.java wave4a
2026-08-09T16:46:47Z DONE src/main/java/io/reactivex/rxjava4/internal/fuseable/AbstractEmptyQueueFuseable.java wave4a
2026-08-09T16:46:47Z DONE src/main/java/io/reactivex/rxjava4/internal/fuseable/CancellableQueueFuseable.java wave4a
2026-08-09T16:46:47Z DONE src/main/java/io/reactivex/rxjava4/internal/fuseable/FuseToFlowable.java wave4a
2026-08-09T16:46:47Z DONE src/main/java/io/reactivex/rxjava4/internal/fuseable/FuseToMaybe.java wave4a
2026-08-09T16:46:47Z DONE src/main/java/io/reactivex/rxjava4/internal/fuseable/FuseToObservable.java wave4a
2026-08-09T16:46:47Z DONE src/main/java/io/reactivex/rxjava4/internal/fuseable/HasUpstreamCompletableSource.java wave4a
2026-08-09T16:46:47Z DONE src/main/java/io/reactivex/rxjava4/internal/fuseable/HasUpstreamMaybeSource.java wave4a
2026-08-09T16:46:47Z DONE src/main/java/io/reactivex/rxjava4/internal/fuseable/HasUpstreamObservableSource.java wave4a
2026-08-09T16:46:47Z DONE src/main/java/io/reactivex/rxjava4/internal/fuseable/HasUpstreamPublisher.java wave4a
2026-08-09T16:46:47Z DONE src/main/java/io/reactivex/rxjava4/internal/fuseable/HasUpstreamSingleSource.java wave4a
2026-08-09T16:46:47Z DONE src/main/java/io/reactivex/rxjava4/internal/fuseable/HasUpstreamStreamableSource.java wave4a
2026-08-09T16:46:47Z DONE src/main/java/io/reactivex/rxjava4/internal/fuseable/package-info.java wave4a
2026-08-09T16:51:07Z DONE src/main/java/io/reactivex/rxjava4/exceptions/QueueOverflowException.java wave4a-exceptions-functions-0-15
2026-08-09T16:51:07Z DONE src/main/java/io/reactivex/rxjava4/exceptions/UndeliverableException.java wave4a-exceptions-functions-0-15
2026-08-09T16:51:07Z DONE src/main/java/io/reactivex/rxjava4/exceptions/package-info.java wave4a-exceptions-functions-0-15
2026-08-09T16:51:07Z DONE src/main/java/io/reactivex/rxjava4/functions/Action.java wave4a-exceptions-functions-0-15
2026-08-09T16:51:07Z DONE src/main/java/io/reactivex/rxjava4/functions/BiConsumer.java wave4a-exceptions-functions-0-15
2026-08-09T16:51:07Z DONE src/main/java/io/reactivex/rxjava4/functions/BiFunction.java wave4a-exceptions-functions-0-15
2026-08-09T16:51:07Z DONE src/main/java/io/reactivex/rxjava4/functions/BiPredicate.java wave4a-exceptions-functions-0-15
2026-08-09T16:51:07Z DONE src/main/java/io/reactivex/rxjava4/functions/BooleanSupplier.java wave4a-exceptions-functions-0-15
2026-08-09T16:51:07Z DONE src/main/java/io/reactivex/rxjava4/functions/Cancellable.java wave4a-exceptions-functions-0-15
2026-08-09T16:51:07Z DONE src/main/java/io/reactivex/rxjava4/functions/Consumer.java wave4a-exceptions-functions-0-15
2026-08-09T16:51:07Z DONE src/main/java/io/reactivex/rxjava4/functions/Consumer3.java wave4a-exceptions-functions-0-15
2026-08-09T16:51:07Z DONE src/main/java/io/reactivex/rxjava4/functions/Function.java wave4a-exceptions-functions-0-15
2026-08-09T16:51:07Z DONE src/main/java/io/reactivex/rxjava4/functions/Function3.java wave4a-exceptions-functions-0-15
2026-08-09T16:51:07Z DONE src/main/java/io/reactivex/rxjava4/functions/Function4.java wave4a-exceptions-functions-0-15
2026-08-09T16:51:07Z DONE src/main/java/io/reactivex/rxjava4/functions/Function5.java wave4a-exceptions-functions-0-15
2026-08-09T16:55:17Z DONE src/main/java/io/reactivex/rxjava4/internal/jdk8/CompletableFromCompletionStage.java wave5a jdk8 [0:15]
2026-08-09T16:55:17Z DONE src/main/java/io/reactivex/rxjava4/internal/jdk8/CompletionStageConsumer.java wave5a jdk8 [0:15]
2026-08-09T16:55:17Z DONE src/main/java/io/reactivex/rxjava4/internal/jdk8/FlowableCollectWithCollector.java wave5a jdk8 [0:15]
2026-08-09T16:55:17Z DONE src/main/java/io/reactivex/rxjava4/internal/jdk8/FlowableCollectWithCollectorSingle.java wave5a jdk8 [0:15]
2026-08-09T16:55:17Z DONE src/main/java/io/reactivex/rxjava4/internal/jdk8/FlowableFirstStageSubscriber.java wave5a jdk8 [0:15]
2026-08-09T16:55:17Z DONE src/main/java/io/reactivex/rxjava4/internal/jdk8/FlowableFlatMapStream.java wave5a jdk8 [0:15]
2026-08-09T16:55:17Z DONE src/main/java/io/reactivex/rxjava4/internal/jdk8/FlowableFromCompletionStage.java wave5a jdk8 [0:15]
2026-08-09T16:55:17Z DONE src/main/java/io/reactivex/rxjava4/internal/jdk8/FlowableFromStream.java wave5a jdk8 [0:15]
2026-08-09T16:55:17Z DONE src/main/java/io/reactivex/rxjava4/internal/jdk8/FlowableLastStageSubscriber.java wave5a jdk8 [0:15]
2026-08-09T16:55:17Z DONE src/main/java/io/reactivex/rxjava4/internal/jdk8/FlowableMapOptional.java wave5a jdk8 [0:15]
2026-08-09T16:55:17Z DONE src/main/java/io/reactivex/rxjava4/internal/jdk8/FlowableSingleStageSubscriber.java wave5a jdk8 [0:15]
2026-08-09T16:55:17Z DONE src/main/java/io/reactivex/rxjava4/internal/jdk8/FlowableStageSubscriber.java wave5a jdk8 [0:15]
2026-08-09T16:55:17Z DONE src/main/java/io/reactivex/rxjava4/internal/jdk8/MaybeFlattenStreamAsFlowable.java wave5a jdk8 [0:15]
2026-08-09T16:55:17Z DONE src/main/java/io/reactivex/rxjava4/internal/jdk8/MaybeFlattenStreamAsObservable.java wave5a jdk8 [0:15]
2026-08-09T16:55:17Z DONE src/main/java/io/reactivex/rxjava4/internal/jdk8/MaybeFromCompletionStage.java wave5a jdk8 [0:15]
2026-08-09T16:55:42Z DONE src/main/java/io/reactivex/rxjava4/internal/jdk8/MaybeMapOptional.java wave5b jdk8 [15:30]
2026-08-09T16:55:42Z DONE src/main/java/io/reactivex/rxjava4/internal/jdk8/ObservableCollectWithCollector.java wave5b jdk8 [15:30]
2026-08-09T16:55:42Z DONE src/main/java/io/reactivex/rxjava4/internal/jdk8/ObservableCollectWithCollectorSingle.java wave5b jdk8 [15:30]
2026-08-09T16:55:42Z DONE src/main/java/io/reactivex/rxjava4/internal/jdk8/ObservableFirstStageObserver.java wave5b jdk8 [15:30]
2026-08-09T16:55:42Z DONE src/main/java/io/reactivex/rxjava4/internal/jdk8/ObservableFlatMapStream.java wave5b jdk8 [15:30]
2026-08-09T16:55:42Z DONE src/main/java/io/reactivex/rxjava4/internal/jdk8/ObservableFromCompletionStage.java wave5b jdk8 [15:30]
2026-08-09T16:55:42Z DONE src/main/java/io/reactivex/rxjava4/internal/jdk8/ObservableFromStream.java wave5b jdk8 [15:30]
2026-08-09T16:55:42Z DONE src/main/java/io/reactivex/rxjava4/internal/jdk8/ObservableLastStageObserver.java wave5b jdk8 [15:30]
2026-08-09T16:55:42Z DONE src/main/java/io/reactivex/rxjava4/internal/jdk8/ObservableMapOptional.java wave5b jdk8 [15:30]
2026-08-09T16:55:42Z DONE src/main/java/io/reactivex/rxjava4/internal/jdk8/ObservableSingleStageObserver.java wave5b jdk8 [15:30]
2026-08-09T16:55:42Z DONE src/main/java/io/reactivex/rxjava4/internal/jdk8/ObservableStageObserver.java wave5b jdk8 [15:30]
2026-08-09T16:55:42Z DONE src/main/java/io/reactivex/rxjava4/internal/jdk8/ParallelCollector.java wave5b jdk8 [15:30]
2026-08-09T16:55:42Z DONE src/main/java/io/reactivex/rxjava4/internal/jdk8/ParallelFlatMapStream.java wave5b jdk8 [15:30]
2026-08-09T16:55:42Z DONE src/main/java/io/reactivex/rxjava4/internal/jdk8/ParallelMapOptional.java wave5b jdk8 [15:30]
2026-08-09T16:55:42Z DONE src/main/java/io/reactivex/rxjava4/internal/jdk8/ParallelMapTryOptional.java wave5b jdk8 [15:30]
2026-08-09T16:56:07Z DONE src/main/java/io/reactivex/rxjava4/internal/jdk8/CompletableFromCompletionStage.java wave5a jdk8 [0:15]
2026-08-09T16:56:07Z DONE src/main/java/io/reactivex/rxjava4/internal/jdk8/CompletionStageConsumer.java wave5a jdk8 [0:15]
2026-08-09T16:56:07Z DONE src/main/java/io/reactivex/rxjava4/internal/jdk8/FlowableCollectWithCollector.java wave5a jdk8 [0:15]
2026-08-09T16:56:07Z DONE src/main/java/io/reactivex/rxjava4/internal/jdk8/FlowableCollectWithCollectorSingle.java wave5a jdk8 [0:15]
2026-08-09T16:56:07Z DONE src/main/java/io/reactivex/rxjava4/internal/jdk8/FlowableFirstStageSubscriber.java wave5a jdk8 [0:15]
2026-08-09T16:56:07Z DONE src/main/java/io/reactivex/rxjava4/internal/jdk8/FlowableFlatMapStream.java wave5a jdk8 [0:15]
2026-08-09T16:56:07Z DONE src/main/java/io/reactivex/rxjava4/internal/jdk8/FlowableFromCompletionStage.java wave5a jdk8 [0:15]
2026-08-09T16:56:07Z DONE src/main/java/io/reactivex/rxjava4/internal/jdk8/FlowableFromStream.java wave5a jdk8 [0:15]
2026-08-09T16:56:07Z DONE src/main/java/io/reactivex/rxjava4/internal/jdk8/FlowableLastStageSubscriber.java wave5a jdk8 [0:15]
2026-08-09T16:56:07Z DONE src/main/java/io/reactivex/rxjava4/internal/jdk8/FlowableMapOptional.java wave5a jdk8 [0:15]
2026-08-09T16:56:07Z DONE src/main/java/io/reactivex/rxjava4/internal/jdk8/FlowableSingleStageSubscriber.java wave5a jdk8 [0:15]
2026-08-09T16:56:07Z DONE src/main/java/io/reactivex/rxjava4/internal/jdk8/FlowableStageSubscriber.java wave5a jdk8 [0:15]
2026-08-09T16:56:07Z DONE src/main/java/io/reactivex/rxjava4/internal/jdk8/MaybeFlattenStreamAsFlowable.java wave5a jdk8 [0:15]
2026-08-09T16:56:07Z DONE src/main/java/io/reactivex/rxjava4/internal/jdk8/MaybeFlattenStreamAsObservable.java wave5a jdk8 [0:15]
2026-08-09T16:56:07Z DONE src/main/java/io/reactivex/rxjava4/internal/jdk8/MaybeFromCompletionStage.java wave5a jdk8 [0:15]
2026-08-09T16:57:33Z DONE src/main/java/io/reactivex/rxjava4/internal/jdk8/MaybeMapOptional.java wave5b jdk8 [15:30]
2026-08-09T16:57:33Z DONE src/main/java/io/reactivex/rxjava4/internal/jdk8/ObservableCollectWithCollector.java wave5b jdk8 [15:30]
2026-08-09T16:57:33Z DONE src/main/java/io/reactivex/rxjava4/internal/jdk8/ObservableCollectWithCollectorSingle.java wave5b jdk8 [15:30]
2026-08-09T16:57:33Z DONE src/main/java/io/reactivex/rxjava4/internal/jdk8/ObservableFirstStageObserver.java wave5b jdk8 [15:30]
2026-08-09T16:57:33Z DONE src/main/java/io/reactivex/rxjava4/internal/jdk8/ObservableFlatMapStream.java wave5b jdk8 [15:30]
2026-08-09T16:57:33Z DONE src/main/java/io/reactivex/rxjava4/internal/jdk8/ObservableFromCompletionStage.java wave5b jdk8 [15:30]
2026-08-09T16:57:33Z DONE src/main/java/io/reactivex/rxjava4/internal/jdk8/ObservableFromStream.java wave5b jdk8 [15:30]
2026-08-09T16:57:33Z DONE src/main/java/io/reactivex/rxjava4/internal/jdk8/ObservableLastStageObserver.java wave5b jdk8 [15:30]
2026-08-09T16:57:33Z DONE src/main/java/io/reactivex/rxjava4/internal/jdk8/ObservableMapOptional.java wave5b jdk8 [15:30]
2026-08-09T16:57:33Z DONE src/main/java/io/reactivex/rxjava4/internal/jdk8/ObservableSingleStageObserver.java wave5b jdk8 [15:30]
2026-08-09T16:57:33Z DONE src/main/java/io/reactivex/rxjava4/internal/jdk8/ObservableStageObserver.java wave5b jdk8 [15:30]
2026-08-09T16:57:33Z DONE src/main/java/io/reactivex/rxjava4/internal/jdk8/ParallelCollector.java wave5b jdk8 [15:30]
2026-08-09T16:57:33Z DONE src/main/java/io/reactivex/rxjava4/internal/jdk8/ParallelFlatMapStream.java wave5b jdk8 [15:30]
2026-08-09T16:57:33Z DONE src/main/java/io/reactivex/rxjava4/internal/jdk8/ParallelMapOptional.java wave5b jdk8 [15:30]
2026-08-09T16:57:33Z DONE src/main/java/io/reactivex/rxjava4/internal/jdk8/ParallelMapTryOptional.java wave5b jdk8 [15:30]
2026-08-09T16:58:07Z DONE src/main/java/io/reactivex/rxjava4/internal/jdk8/MaybeMapOptional.java wave5b jdk8 [15:30]
2026-08-09T16:58:07Z DONE src/main/java/io/reactivex/rxjava4/internal/jdk8/ObservableCollectWithCollector.java wave5b jdk8 [15:30]
2026-08-09T16:58:07Z DONE src/main/java/io/reactivex/rxjava4/internal/jdk8/ObservableCollectWithCollectorSingle.java wave5b jdk8 [15:30]
2026-08-09T16:58:07Z DONE src/main/java/io/reactivex/rxjava4/internal/jdk8/ObservableFirstStageObserver.java wave5b jdk8 [15:30]
2026-08-09T16:58:07Z DONE src/main/java/io/reactivex/rxjava4/internal/jdk8/ObservableFlatMapStream.java wave5b jdk8 [15:30]
2026-08-09T16:58:07Z DONE src/main/java/io/reactivex/rxjava4/internal/jdk8/ObservableFromCompletionStage.java wave5b jdk8 [15:30]
2026-08-09T16:58:07Z DONE src/main/java/io/reactivex/rxjava4/internal/jdk8/ObservableFromStream.java wave5b jdk8 [15:30]
2026-08-09T16:58:07Z DONE src/main/java/io/reactivex/rxjava4/internal/jdk8/ObservableLastStageObserver.java wave5b jdk8 [15:30]
2026-08-09T16:58:07Z DONE src/main/java/io/reactivex/rxjava4/internal/jdk8/ObservableMapOptional.java wave5b jdk8 [15:30]
2026-08-09T16:58:07Z DONE src/main/java/io/reactivex/rxjava4/internal/jdk8/ObservableSingleStageObserver.java wave5b jdk8 [15:30]
2026-08-09T16:58:07Z DONE src/main/java/io/reactivex/rxjava4/internal/jdk8/ObservableStageObserver.java wave5b jdk8 [15:30]
2026-08-09T16:58:07Z DONE src/main/java/io/reactivex/rxjava4/internal/jdk8/ParallelCollector.java wave5b jdk8 [15:30]
2026-08-09T16:58:07Z DONE src/main/java/io/reactivex/rxjava4/internal/jdk8/ParallelFlatMapStream.java wave5b jdk8 [15:30]
2026-08-09T16:58:07Z DONE src/main/java/io/reactivex/rxjava4/internal/jdk8/ParallelMapOptional.java wave5b jdk8 [15:30]
2026-08-09T16:58:07Z DONE src/main/java/io/reactivex/rxjava4/internal/jdk8/ParallelMapTryOptional.java wave5b jdk8 [15:30]
2026-08-09T16:59:29Z DONE src/main/java/io/reactivex/rxjava4/internal/observers/CallbackCompletableObserver.java wave6b observers [15:30]
2026-08-09T16:59:29Z DONE src/main/java/io/reactivex/rxjava4/internal/observers/ConsumerSingleObserver.java wave6b observers [15:30]
2026-08-09T16:59:29Z DONE src/main/java/io/reactivex/rxjava4/internal/observers/DeferredScalarDisposable.java wave6b observers [15:30]
2026-08-09T16:59:29Z DONE src/main/java/io/reactivex/rxjava4/internal/observers/DeferredScalarObserver.java wave6b observers [15:30]
2026-08-09T16:59:29Z DONE src/main/java/io/reactivex/rxjava4/internal/observers/DisposableAutoReleaseMultiObserver.java wave6b observers [15:30]
2026-08-09T16:59:29Z DONE src/main/java/io/reactivex/rxjava4/internal/observers/DisposableAutoReleaseObserver.java wave6b observers [15:30]
2026-08-09T16:59:29Z DONE src/main/java/io/reactivex/rxjava4/internal/observers/DisposableLambdaObserver.java wave6b observers [15:30]
2026-08-09T16:59:29Z DONE src/main/java/io/reactivex/rxjava4/internal/observers/EmptyCompletableObserver.java wave6b observers [15:30]
2026-08-09T16:59:29Z DONE src/main/java/io/reactivex/rxjava4/internal/observers/ForEachWhileObserver.java wave6b observers [15:30]
2026-08-09T16:59:29Z DONE src/main/java/io/reactivex/rxjava4/internal/observers/FutureMultiObserver.java wave6b observers [15:30]
2026-08-09T16:59:29Z DONE src/main/java/io/reactivex/rxjava4/internal/observers/FutureObserver.java wave6b observers [15:30]
2026-08-09T16:59:29Z DONE src/main/java/io/reactivex/rxjava4/internal/observers/InnerQueuedObserver.java wave6b observers [15:30]
2026-08-09T16:59:29Z DONE src/main/java/io/reactivex/rxjava4/internal/observers/InnerQueuedObserverSupport.java wave6b observers [15:30]
2026-08-09T16:59:29Z DONE src/main/java/io/reactivex/rxjava4/internal/observers/LambdaObserver.java wave6b observers [15:30]
2026-08-09T16:59:29Z DONE src/main/java/io/reactivex/rxjava4/internal/observers/QueueDrainObserver.java wave6b observers [15:30]
2026-08-09T17:01:03Z DONE src/main/java/io/reactivex/rxjava4/internal/jdk8/MaybeMapOptional.java wave5b jdk8 [15:30]
2026-08-09T17:01:03Z DONE src/main/java/io/reactivex/rxjava4/internal/jdk8/ObservableCollectWithCollector.java wave5b jdk8 [15:30]
2026-08-09T17:01:03Z DONE src/main/java/io/reactivex/rxjava4/internal/jdk8/ObservableCollectWithCollectorSingle.java wave5b jdk8 [15:30]
2026-08-09T17:01:03Z DONE src/main/java/io/reactivex/rxjava4/internal/jdk8/ObservableFirstStageObserver.java wave5b jdk8 [15:30]
2026-08-09T17:01:03Z DONE src/main/java/io/reactivex/rxjava4/internal/jdk8/ObservableFlatMapStream.java wave5b jdk8 [15:30]
2026-08-09T17:01:03Z DONE src/main/java/io/reactivex/rxjava4/internal/jdk8/ObservableFromCompletionStage.java wave5b jdk8 [15:30]
2026-08-09T17:01:03Z DONE src/main/java/io/reactivex/rxjava4/internal/jdk8/ObservableFromStream.java wave5b jdk8 [15:30]
2026-08-09T17:01:03Z DONE src/main/java/io/reactivex/rxjava4/internal/jdk8/ObservableLastStageObserver.java wave5b jdk8 [15:30]
2026-08-09T17:01:03Z DONE src/main/java/io/reactivex/rxjava4/internal/jdk8/ObservableMapOptional.java wave5b jdk8 [15:30]
2026-08-09T17:01:03Z DONE src/main/java/io/reactivex/rxjava4/internal/jdk8/ObservableSingleStageObserver.java wave5b jdk8 [15:30]
2026-08-09T17:01:03Z DONE src/main/java/io/reactivex/rxjava4/internal/jdk8/ObservableStageObserver.java wave5b jdk8 [15:30]
2026-08-09T17:01:03Z DONE src/main/java/io/reactivex/rxjava4/internal/jdk8/ParallelCollector.java wave5b jdk8 [15:30]
2026-08-09T17:01:03Z DONE src/main/java/io/reactivex/rxjava4/internal/jdk8/ParallelFlatMapStream.java wave5b jdk8 [15:30]
2026-08-09T17:01:03Z DONE src/main/java/io/reactivex/rxjava4/internal/jdk8/ParallelMapOptional.java wave5b jdk8 [15:30]
2026-08-09T17:01:03Z DONE src/main/java/io/reactivex/rxjava4/internal/jdk8/ParallelMapTryOptional.java wave5b jdk8 [15:30]
2026-08-09T17:01:24Z DONE src/main/java/io/reactivex/rxjava4/internal/operators/completable/CompletableDoFinally.java wave7b completable operators [15:30]
2026-08-09T17:01:24Z DONE src/main/java/io/reactivex/rxjava4/internal/operators/completable/CompletableDoOnEvent.java wave7b completable operators [15:30]
2026-08-09T17:01:24Z DONE src/main/java/io/reactivex/rxjava4/internal/operators/completable/CompletableEmpty.java wave7b completable operators [15:30]
2026-08-09T17:01:24Z DONE src/main/java/io/reactivex/rxjava4/internal/operators/completable/CompletableError.java wave7b completable operators [15:30]
2026-08-09T17:01:24Z DONE src/main/java/io/reactivex/rxjava4/internal/operators/completable/CompletableErrorSupplier.java wave7b completable operators [15:30]
2026-08-09T17:01:24Z DONE src/main/java/io/reactivex/rxjava4/internal/operators/completable/CompletableFromAction.java wave7b completable operators [15:30]
2026-08-09T17:01:24Z DONE src/main/java/io/reactivex/rxjava4/internal/operators/completable/CompletableFromCallable.java wave7b completable operators [15:30]
2026-08-09T17:01:24Z DONE src/main/java/io/reactivex/rxjava4/internal/operators/completable/CompletableFromObservable.java wave7b completable operators [15:30]
2026-08-09T17:01:24Z DONE src/main/java/io/reactivex/rxjava4/internal/operators/completable/CompletableFromPublisher.java wave7b completable operators [15:30]
2026-08-09T17:01:24Z DONE src/main/java/io/reactivex/rxjava4/internal/operators/completable/CompletableFromRunnable.java wave7b completable operators [15:30]
2026-08-09T17:01:24Z DONE src/main/java/io/reactivex/rxjava4/internal/operators/completable/CompletableFromSingle.java wave7b completable operators [15:30]
2026-08-09T17:01:24Z DONE src/main/java/io/reactivex/rxjava4/internal/operators/completable/CompletableFromSupplier.java wave7b completable operators [15:30]
2026-08-09T17:01:24Z DONE src/main/java/io/reactivex/rxjava4/internal/operators/completable/CompletableFromUnsafeSource.java wave7b completable operators [15:30]
2026-08-09T17:01:24Z DONE src/main/java/io/reactivex/rxjava4/internal/operators/completable/CompletableHide.java wave7b completable operators [15:30]
2026-08-09T17:01:24Z DONE src/main/java/io/reactivex/rxjava4/internal/operators/completable/CompletableLift.java wave7b completable operators [15:30]
2026-08-09T17:01:53Z DONE src/main/java/io/reactivex/rxjava4/internal/observers/ResumeSingleObserver.java wave7a observers+Completable* [0:15]
2026-08-09T17:01:53Z DONE src/main/java/io/reactivex/rxjava4/internal/observers/SafeCompletableObserver.java wave7a observers+Completable* [0:15]
2026-08-09T17:01:53Z DONE src/main/java/io/reactivex/rxjava4/internal/observers/SafeMaybeObserver.java wave7a observers+Completable* [0:15]
2026-08-09T17:01:53Z DONE src/main/java/io/reactivex/rxjava4/internal/observers/SafeSingleObserver.java wave7a observers+Completable* [0:15]
2026-08-09T17:01:53Z DONE src/main/java/io/reactivex/rxjava4/internal/operators/completable/CompletableAmb.java wave7a observers+Completable* [0:15]
2026-08-09T17:01:53Z DONE src/main/java/io/reactivex/rxjava4/internal/operators/completable/CompletableAndThenCompletable.java wave7a observers+Completable* [0:15]
2026-08-09T17:01:53Z DONE src/main/java/io/reactivex/rxjava4/internal/operators/completable/CompletableCache.java wave7a observers+Completable* [0:15]
2026-08-09T17:01:53Z DONE src/main/java/io/reactivex/rxjava4/internal/operators/completable/CompletableConcat.java wave7a observers+Completable* [0:15]
2026-08-09T17:01:53Z DONE src/main/java/io/reactivex/rxjava4/internal/operators/completable/CompletableConcatArray.java wave7a observers+Completable* [0:15]
2026-08-09T17:01:53Z DONE src/main/java/io/reactivex/rxjava4/internal/operators/completable/CompletableConcatIterable.java wave7a observers+Completable* [0:15]
2026-08-09T17:01:53Z DONE src/main/java/io/reactivex/rxjava4/internal/operators/completable/CompletableCreate.java wave7a observers+Completable* [0:15]
2026-08-09T17:01:53Z DONE src/main/java/io/reactivex/rxjava4/internal/operators/completable/CompletableDefer.java wave7a observers+Completable* [0:15]
2026-08-09T17:01:53Z DONE src/main/java/io/reactivex/rxjava4/internal/operators/completable/CompletableDelay.java wave7a observers+Completable* [0:15]
2026-08-09T17:01:53Z DONE src/main/java/io/reactivex/rxjava4/internal/operators/completable/CompletableDetach.java wave7a observers+Completable* [0:15]
2026-08-09T17:01:53Z DONE src/main/java/io/reactivex/rxjava4/internal/operators/completable/CompletableDisposeOn.java wave7a observers+Completable* [0:15]
2026-08-09T17:01:57Z DONE src/main/java/io/reactivex/rxjava4/internal/operators/completable/CompletableDoFinally.java wave7b completable operators [15:30]
2026-08-09T17:01:57Z DONE src/main/java/io/reactivex/rxjava4/internal/operators/completable/CompletableDoOnEvent.java wave7b completable operators [15:30]
2026-08-09T17:01:57Z DONE src/main/java/io/reactivex/rxjava4/internal/operators/completable/CompletableEmpty.java wave7b completable operators [15:30]
2026-08-09T17:01:57Z DONE src/main/java/io/reactivex/rxjava4/internal/operators/completable/CompletableError.java wave7b completable operators [15:30]
2026-08-09T17:01:57Z DONE src/main/java/io/reactivex/rxjava4/internal/operators/completable/CompletableErrorSupplier.java wave7b completable operators [15:30]
2026-08-09T17:01:57Z DONE src/main/java/io/reactivex/rxjava4/internal/operators/completable/CompletableFromAction.java wave7b completable operators [15:30]
2026-08-09T17:01:57Z DONE src/main/java/io/reactivex/rxjava4/internal/operators/completable/CompletableFromCallable.java wave7b completable operators [15:30]
2026-08-09T17:01:57Z DONE src/main/java/io/reactivex/rxjava4/internal/operators/completable/CompletableFromObservable.java wave7b completable operators [15:30]
2026-08-09T17:01:57Z DONE src/main/java/io/reactivex/rxjava4/internal/operators/completable/CompletableFromPublisher.java wave7b completable operators [15:30]
2026-08-09T17:01:57Z DONE src/main/java/io/reactivex/rxjava4/internal/operators/completable/CompletableFromRunnable.java wave7b completable operators [15:30]
2026-08-09T17:01:57Z DONE src/main/java/io/reactivex/rxjava4/internal/operators/completable/CompletableFromSingle.java wave7b completable operators [15:30]
2026-08-09T17:01:57Z DONE src/main/java/io/reactivex/rxjava4/internal/operators/completable/CompletableFromSupplier.java wave7b completable operators [15:30]
2026-08-09T17:01:57Z DONE src/main/java/io/reactivex/rxjava4/internal/operators/completable/CompletableFromUnsafeSource.java wave7b completable operators [15:30]
2026-08-09T17:01:57Z DONE src/main/java/io/reactivex/rxjava4/internal/operators/completable/CompletableHide.java wave7b completable operators [15:30]
2026-08-09T17:01:57Z DONE src/main/java/io/reactivex/rxjava4/internal/operators/completable/CompletableLift.java wave7b completable operators [15:30]
2026-08-09T17:02:02Z DONE src/main/java/io/reactivex/rxjava4/internal/observers/CallbackCompletableObserver.java wave6b observers [15:30]
2026-08-09T17:02:02Z DONE src/main/java/io/reactivex/rxjava4/internal/observers/ConsumerSingleObserver.java wave6b observers [15:30]
2026-08-09T17:02:02Z DONE src/main/java/io/reactivex/rxjava4/internal/observers/DeferredScalarDisposable.java wave6b observers [15:30]
2026-08-09T17:02:02Z DONE src/main/java/io/reactivex/rxjava4/internal/observers/DeferredScalarObserver.java wave6b observers [15:30]
2026-08-09T17:02:02Z DONE src/main/java/io/reactivex/rxjava4/internal/observers/DisposableAutoReleaseMultiObserver.java wave6b observers [15:30]
2026-08-09T17:02:02Z DONE src/main/java/io/reactivex/rxjava4/internal/observers/DisposableAutoReleaseObserver.java wave6b observers [15:30]
2026-08-09T17:02:02Z DONE src/main/java/io/reactivex/rxjava4/internal/observers/DisposableLambdaObserver.java wave6b observers [15:30]
2026-08-09T17:02:02Z DONE src/main/java/io/reactivex/rxjava4/internal/observers/EmptyCompletableObserver.java wave6b observers [15:30]
2026-08-09T17:02:02Z DONE src/main/java/io/reactivex/rxjava4/internal/observers/ForEachWhileObserver.java wave6b observers [15:30]
2026-08-09T17:02:02Z DONE src/main/java/io/reactivex/rxjava4/internal/observers/FutureMultiObserver.java wave6b observers [15:30]
2026-08-09T17:02:02Z DONE src/main/java/io/reactivex/rxjava4/internal/observers/FutureObserver.java wave6b observers [15:30]
2026-08-09T17:02:02Z DONE src/main/java/io/reactivex/rxjava4/internal/observers/InnerQueuedObserver.java wave6b observers [15:30]
2026-08-09T17:02:02Z DONE src/main/java/io/reactivex/rxjava4/internal/observers/InnerQueuedObserverSupport.java wave6b observers [15:30]
2026-08-09T17:02:02Z DONE src/main/java/io/reactivex/rxjava4/internal/observers/LambdaObserver.java wave6b observers [15:30]
2026-08-09T17:02:02Z DONE src/main/java/io/reactivex/rxjava4/internal/observers/QueueDrainObserver.java wave6b observers [15:30]
2026-08-09T17:02:47Z DONE src/main/java/io/reactivex/rxjava4/internal/operators/completable/CompletableDoFinally.java wave7b completable operators [15:30]
2026-08-09T17:02:47Z DONE src/main/java/io/reactivex/rxjava4/internal/operators/completable/CompletableDoOnEvent.java wave7b completable operators [15:30]
2026-08-09T17:02:47Z DONE src/main/java/io/reactivex/rxjava4/internal/operators/completable/CompletableEmpty.java wave7b completable operators [15:30]
2026-08-09T17:02:47Z DONE src/main/java/io/reactivex/rxjava4/internal/operators/completable/CompletableError.java wave7b completable operators [15:30]
2026-08-09T17:02:47Z DONE src/main/java/io/reactivex/rxjava4/internal/operators/completable/CompletableErrorSupplier.java wave7b completable operators [15:30]
2026-08-09T17:02:47Z DONE src/main/java/io/reactivex/rxjava4/internal/operators/completable/CompletableFromAction.java wave7b completable operators [15:30]
2026-08-09T17:02:47Z DONE src/main/java/io/reactivex/rxjava4/internal/operators/completable/CompletableFromCallable.java wave7b completable operators [15:30]
2026-08-09T17:02:47Z DONE src/main/java/io/reactivex/rxjava4/internal/operators/completable/CompletableFromObservable.java wave7b completable operators [15:30]
2026-08-09T17:02:47Z DONE src/main/java/io/reactivex/rxjava4/internal/operators/completable/CompletableFromPublisher.java wave7b completable operators [15:30]
2026-08-09T17:02:47Z DONE src/main/java/io/reactivex/rxjava4/internal/operators/completable/CompletableFromRunnable.java wave7b completable operators [15:30]
2026-08-09T17:02:47Z DONE src/main/java/io/reactivex/rxjava4/internal/operators/completable/CompletableFromSingle.java wave7b completable operators [15:30]
2026-08-09T17:02:47Z DONE src/main/java/io/reactivex/rxjava4/internal/operators/completable/CompletableFromSupplier.java wave7b completable operators [15:30]
2026-08-09T17:02:47Z DONE src/main/java/io/reactivex/rxjava4/internal/operators/completable/CompletableFromUnsafeSource.java wave7b completable operators [15:30]
2026-08-09T17:02:47Z DONE src/main/java/io/reactivex/rxjava4/internal/operators/completable/CompletableHide.java wave7b completable operators [15:30]
2026-08-09T17:02:47Z DONE src/main/java/io/reactivex/rxjava4/internal/operators/completable/CompletableLift.java wave7b completable operators [15:30]
2026-08-09T17:03:10Z DONE src/main/java/io/reactivex/rxjava4/internal/observers/CallbackCompletableObserver.java wave6b observers [15:30]
2026-08-09T17:03:10Z DONE src/main/java/io/reactivex/rxjava4/internal/observers/ConsumerSingleObserver.java wave6b observers [15:30]
2026-08-09T17:03:10Z DONE src/main/java/io/reactivex/rxjava4/internal/observers/DeferredScalarDisposable.java wave6b observers [15:30]
2026-08-09T17:03:10Z DONE src/main/java/io/reactivex/rxjava4/internal/observers/DeferredScalarObserver.java wave6b observers [15:30]
2026-08-09T17:03:10Z DONE src/main/java/io/reactivex/rxjava4/internal/observers/DisposableAutoReleaseMultiObserver.java wave6b observers [15:30]
2026-08-09T17:03:10Z DONE src/main/java/io/reactivex/rxjava4/internal/observers/DisposableAutoReleaseObserver.java wave6b observers [15:30]
2026-08-09T17:03:10Z DONE src/main/java/io/reactivex/rxjava4/internal/observers/DisposableLambdaObserver.java wave6b observers [15:30]
2026-08-09T17:03:10Z DONE src/main/java/io/reactivex/rxjava4/internal/observers/EmptyCompletableObserver.java wave6b observers [15:30]
2026-08-09T17:03:10Z DONE src/main/java/io/reactivex/rxjava4/internal/observers/ForEachWhileObserver.java wave6b observers [15:30]
2026-08-09T17:03:10Z DONE src/main/java/io/reactivex/rxjava4/internal/observers/FutureMultiObserver.java wave6b observers [15:30]
2026-08-09T17:03:10Z DONE src/main/java/io/reactivex/rxjava4/internal/observers/FutureObserver.java wave6b observers [15:30]
2026-08-09T17:03:10Z DONE src/main/java/io/reactivex/rxjava4/internal/observers/InnerQueuedObserver.java wave6b observers [15:30]
2026-08-09T17:03:10Z DONE src/main/java/io/reactivex/rxjava4/internal/observers/InnerQueuedObserverSupport.java wave6b observers [15:30]
2026-08-09T17:03:10Z DONE src/main/java/io/reactivex/rxjava4/internal/observers/LambdaObserver.java wave6b observers [15:30]
2026-08-09T17:03:10Z DONE src/main/java/io/reactivex/rxjava4/internal/observers/QueueDrainObserver.java wave6b observers [15:30]
2026-08-09T17:03:29Z DONE src/main/java/io/reactivex/rxjava4/internal/jdk8/MaybeMapOptional.java wave5b jdk8 [15:30]
2026-08-09T17:03:29Z DONE src/main/java/io/reactivex/rxjava4/internal/jdk8/ObservableCollectWithCollector.java wave5b jdk8 [15:30]
2026-08-09T17:03:29Z DONE src/main/java/io/reactivex/rxjava4/internal/jdk8/ObservableCollectWithCollectorSingle.java wave5b jdk8 [15:30]
2026-08-09T17:03:29Z DONE src/main/java/io/reactivex/rxjava4/internal/jdk8/ObservableFirstStageObserver.java wave5b jdk8 [15:30]
2026-08-09T17:03:29Z DONE src/main/java/io/reactivex/rxjava4/internal/jdk8/ObservableFlatMapStream.java wave5b jdk8 [15:30]
2026-08-09T17:03:29Z DONE src/main/java/io/reactivex/rxjava4/internal/jdk8/ObservableFromCompletionStage.java wave5b jdk8 [15:30]
2026-08-09T17:03:29Z DONE src/main/java/io/reactivex/rxjava4/internal/jdk8/ObservableFromStream.java wave5b jdk8 [15:30]
2026-08-09T17:03:29Z DONE src/main/java/io/reactivex/rxjava4/internal/jdk8/ObservableLastStageObserver.java wave5b jdk8 [15:30]
2026-08-09T17:03:29Z DONE src/main/java/io/reactivex/rxjava4/internal/jdk8/ObservableMapOptional.java wave5b jdk8 [15:30]
2026-08-09T17:03:29Z DONE src/main/java/io/reactivex/rxjava4/internal/jdk8/ObservableSingleStageObserver.java wave5b jdk8 [15:30]
2026-08-09T17:03:29Z DONE src/main/java/io/reactivex/rxjava4/internal/jdk8/ObservableStageObserver.java wave5b jdk8 [15:30]
2026-08-09T17:03:29Z DONE src/main/java/io/reactivex/rxjava4/internal/jdk8/ParallelCollector.java wave5b jdk8 [15:30]
2026-08-09T17:03:29Z DONE src/main/java/io/reactivex/rxjava4/internal/jdk8/ParallelFlatMapStream.java wave5b jdk8 [15:30]
2026-08-09T17:03:29Z DONE src/main/java/io/reactivex/rxjava4/internal/jdk8/ParallelMapOptional.java wave5b jdk8 [15:30]
2026-08-09T17:03:29Z DONE src/main/java/io/reactivex/rxjava4/internal/jdk8/ParallelMapTryOptional.java wave5b jdk8 [15:30]
2026-08-09T17:03:57Z DONE src/main/java/io/reactivex/rxjava4/internal/operators/completable/CompletableDoFinally.java wave7b completable operators [15:30]
2026-08-09T17:03:57Z DONE src/main/java/io/reactivex/rxjava4/internal/operators/completable/CompletableDoOnEvent.java wave7b completable operators [15:30]
2026-08-09T17:03:57Z DONE src/main/java/io/reactivex/rxjava4/internal/operators/completable/CompletableEmpty.java wave7b completable operators [15:30]
2026-08-09T17:03:57Z DONE src/main/java/io/reactivex/rxjava4/internal/operators/completable/CompletableError.java wave7b completable operators [15:30]
2026-08-09T17:03:57Z DONE src/main/java/io/reactivex/rxjava4/internal/operators/completable/CompletableErrorSupplier.java wave7b completable operators [15:30]
2026-08-09T17:03:57Z DONE src/main/java/io/reactivex/rxjava4/internal/operators/completable/CompletableFromAction.java wave7b completable operators [15:30]
2026-08-09T17:03:57Z DONE src/main/java/io/reactivex/rxjava4/internal/operators/completable/CompletableFromCallable.java wave7b completable operators [15:30]
2026-08-09T17:03:57Z DONE src/main/java/io/reactivex/rxjava4/internal/operators/completable/CompletableFromObservable.java wave7b completable operators [15:30]
2026-08-09T17:03:57Z DONE src/main/java/io/reactivex/rxjava4/internal/operators/completable/CompletableFromPublisher.java wave7b completable operators [15:30]
2026-08-09T17:03:57Z DONE src/main/java/io/reactivex/rxjava4/internal/operators/completable/CompletableFromRunnable.java wave7b completable operators [15:30]
2026-08-09T17:03:57Z DONE src/main/java/io/reactivex/rxjava4/internal/operators/completable/CompletableFromSingle.java wave7b completable operators [15:30]
2026-08-09T17:03:57Z DONE src/main/java/io/reactivex/rxjava4/internal/operators/completable/CompletableFromSupplier.java wave7b completable operators [15:30]
2026-08-09T17:03:57Z DONE src/main/java/io/reactivex/rxjava4/internal/operators/completable/CompletableFromUnsafeSource.java wave7b completable operators [15:30]
2026-08-09T17:03:57Z DONE src/main/java/io/reactivex/rxjava4/internal/operators/completable/CompletableHide.java wave7b completable operators [15:30]
2026-08-09T17:03:57Z DONE src/main/java/io/reactivex/rxjava4/internal/operators/completable/CompletableLift.java wave7b completable operators [15:30]
2026-08-09T17:04:23Z DONE src/main/java/io/reactivex/rxjava4/internal/observers/CallbackCompletableObserver.java wave6b observers [15:30]
2026-08-09T17:04:23Z DONE src/main/java/io/reactivex/rxjava4/internal/observers/ConsumerSingleObserver.java wave6b observers [15:30]
2026-08-09T17:04:23Z DONE src/main/java/io/reactivex/rxjava4/internal/observers/DeferredScalarDisposable.java wave6b observers [15:30]
2026-08-09T17:04:23Z DONE src/main/java/io/reactivex/rxjava4/internal/observers/DeferredScalarObserver.java wave6b observers [15:30]
2026-08-09T17:04:23Z DONE src/main/java/io/reactivex/rxjava4/internal/observers/DisposableAutoReleaseMultiObserver.java wave6b observers [15:30]
2026-08-09T17:04:23Z DONE src/main/java/io/reactivex/rxjava4/internal/observers/DisposableAutoReleaseObserver.java wave6b observers [15:30]
2026-08-09T17:04:23Z DONE src/main/java/io/reactivex/rxjava4/internal/observers/DisposableLambdaObserver.java wave6b observers [15:30]
2026-08-09T17:04:23Z DONE src/main/java/io/reactivex/rxjava4/internal/observers/EmptyCompletableObserver.java wave6b observers [15:30]
2026-08-09T17:04:23Z DONE src/main/java/io/reactivex/rxjava4/internal/observers/ForEachWhileObserver.java wave6b observers [15:30]
2026-08-09T17:04:23Z DONE src/main/java/io/reactivex/rxjava4/internal/observers/FutureMultiObserver.java wave6b observers [15:30]
2026-08-09T17:04:23Z DONE src/main/java/io/reactivex/rxjava4/internal/observers/FutureObserver.java wave6b observers [15:30]
2026-08-09T17:04:23Z DONE src/main/java/io/reactivex/rxjava4/internal/observers/InnerQueuedObserver.java wave6b observers [15:30]
2026-08-09T17:04:23Z DONE src/main/java/io/reactivex/rxjava4/internal/observers/InnerQueuedObserverSupport.java wave6b observers [15:30]
2026-08-09T17:04:23Z DONE src/main/java/io/reactivex/rxjava4/internal/observers/LambdaObserver.java wave6b observers [15:30]
2026-08-09T17:04:23Z DONE src/main/java/io/reactivex/rxjava4/internal/observers/QueueDrainObserver.java wave6b observers [15:30]
2026-08-09T17:05:12Z DONE src/main/java/io/reactivex/rxjava4/internal/operators/completable/CompletableDoFinally.java wave7b [15:30] queue-fix
2026-08-09T17:05:12Z DONE src/main/java/io/reactivex/rxjava4/internal/operators/completable/CompletableDoOnEvent.java wave7b [15:30] queue-fix
2026-08-09T17:05:12Z DONE src/main/java/io/reactivex/rxjava4/internal/operators/completable/CompletableEmpty.java wave7b [15:30] queue-fix
2026-08-09T17:05:12Z DONE src/main/java/io/reactivex/rxjava4/internal/operators/completable/CompletableError.java wave7b [15:30] queue-fix
2026-08-09T17:05:12Z DONE src/main/java/io/reactivex/rxjava4/internal/operators/completable/CompletableErrorSupplier.java wave7b [15:30] queue-fix
2026-08-09T17:05:12Z DONE src/main/java/io/reactivex/rxjava4/internal/operators/completable/CompletableFromAction.java wave7b [15:30] queue-fix
2026-08-09T17:05:12Z DONE src/main/java/io/reactivex/rxjava4/internal/operators/completable/CompletableFromCallable.java wave7b [15:30] queue-fix
2026-08-09T17:05:12Z DONE src/main/java/io/reactivex/rxjava4/internal/operators/completable/CompletableFromObservable.java wave7b [15:30] queue-fix
2026-08-09T17:05:12Z DONE src/main/java/io/reactivex/rxjava4/internal/operators/completable/CompletableFromPublisher.java wave7b [15:30] queue-fix
2026-08-09T17:05:12Z DONE src/main/java/io/reactivex/rxjava4/internal/operators/completable/CompletableFromRunnable.java wave7b [15:30] queue-fix
2026-08-09T17:05:12Z DONE src/main/java/io/reactivex/rxjava4/internal/operators/completable/CompletableFromSingle.java wave7b [15:30] queue-fix
2026-08-09T17:05:12Z DONE src/main/java/io/reactivex/rxjava4/internal/operators/completable/CompletableFromSupplier.java wave7b [15:30] queue-fix
2026-08-09T17:05:12Z DONE src/main/java/io/reactivex/rxjava4/internal/operators/completable/CompletableFromUnsafeSource.java wave7b [15:30] queue-fix
2026-08-09T17:05:12Z DONE src/main/java/io/reactivex/rxjava4/internal/operators/completable/CompletableHide.java wave7b [15:30] queue-fix
2026-08-09T17:05:12Z DONE src/main/java/io/reactivex/rxjava4/internal/operators/completable/CompletableLift.java wave7b [15:30] queue-fix
2026-08-09T17:05:24Z DONE src/main/java/io/reactivex/rxjava4/internal/observers/ResumeSingleObserver.java wave7a [0:15] queue-fix
2026-08-09T17:05:24Z DONE src/main/java/io/reactivex/rxjava4/internal/observers/SafeCompletableObserver.java wave7a [0:15] queue-fix
2026-08-09T17:05:24Z DONE src/main/java/io/reactivex/rxjava4/internal/observers/SafeMaybeObserver.java wave7a [0:15] queue-fix
2026-08-09T17:05:24Z DONE src/main/java/io/reactivex/rxjava4/internal/observers/SafeSingleObserver.java wave7a [0:15] queue-fix
2026-08-09T17:05:24Z DONE src/main/java/io/reactivex/rxjava4/internal/operators/completable/CompletableAmb.java wave7a [0:15] queue-fix
2026-08-09T17:05:24Z DONE src/main/java/io/reactivex/rxjava4/internal/operators/completable/CompletableAndThenCompletable.java wave7a [0:15] queue-fix
2026-08-09T17:05:24Z DONE src/main/java/io/reactivex/rxjava4/internal/operators/completable/CompletableCache.java wave7a [0:15] queue-fix
2026-08-09T17:05:24Z DONE src/main/java/io/reactivex/rxjava4/internal/operators/completable/CompletableConcat.java wave7a [0:15] queue-fix
2026-08-09T17:05:24Z DONE src/main/java/io/reactivex/rxjava4/internal/operators/completable/CompletableConcatArray.java wave7a [0:15] queue-fix
2026-08-09T17:05:24Z DONE src/main/java/io/reactivex/rxjava4/internal/operators/completable/CompletableConcatIterable.java wave7a [0:15] queue-fix
2026-08-09T17:05:24Z DONE src/main/java/io/reactivex/rxjava4/internal/operators/completable/CompletableCreate.java wave7a [0:15] queue-fix
2026-08-09T17:05:24Z DONE src/main/java/io/reactivex/rxjava4/internal/operators/completable/CompletableDefer.java wave7a [0:15] queue-fix
2026-08-09T17:05:24Z DONE src/main/java/io/reactivex/rxjava4/internal/operators/completable/CompletableDelay.java wave7a [0:15] queue-fix
2026-08-09T17:05:24Z DONE src/main/java/io/reactivex/rxjava4/internal/operators/completable/CompletableDetach.java wave7a [0:15] queue-fix
2026-08-09T17:05:24Z DONE src/main/java/io/reactivex/rxjava4/internal/operators/completable/CompletableDisposeOn.java wave7a [0:15] queue-fix
2026-08-09T17:05:49Z DONE src/main/java/io/reactivex/rxjava4/internal/operators/completable/CompletableDoFinally.java wave7b completable operators [15:30]
2026-08-09T17:05:49Z DONE src/main/java/io/reactivex/rxjava4/internal/operators/completable/CompletableDoOnEvent.java wave7b completable operators [15:30]
2026-08-09T17:05:49Z DONE src/main/java/io/reactivex/rxjava4/internal/operators/completable/CompletableEmpty.java wave7b completable operators [15:30]
2026-08-09T17:05:49Z DONE src/main/java/io/reactivex/rxjava4/internal/operators/completable/CompletableError.java wave7b completable operators [15:30]
2026-08-09T17:05:49Z DONE src/main/java/io/reactivex/rxjava4/internal/operators/completable/CompletableErrorSupplier.java wave7b completable operators [15:30]
2026-08-09T17:05:49Z DONE src/main/java/io/reactivex/rxjava4/internal/operators/completable/CompletableFromAction.java wave7b completable operators [15:30]
2026-08-09T17:05:49Z DONE src/main/java/io/reactivex/rxjava4/internal/operators/completable/CompletableFromCallable.java wave7b completable operators [15:30]
2026-08-09T17:05:49Z DONE src/main/java/io/reactivex/rxjava4/internal/operators/completable/CompletableFromObservable.java wave7b completable operators [15:30]
2026-08-09T17:05:49Z DONE src/main/java/io/reactivex/rxjava4/internal/operators/completable/CompletableFromPublisher.java wave7b completable operators [15:30]
2026-08-09T17:05:49Z DONE src/main/java/io/reactivex/rxjava4/internal/operators/completable/CompletableFromRunnable.java wave7b completable operators [15:30]
2026-08-09T17:05:49Z DONE src/main/java/io/reactivex/rxjava4/internal/operators/completable/CompletableFromSingle.java wave7b completable operators [15:30]
2026-08-09T17:05:49Z DONE src/main/java/io/reactivex/rxjava4/internal/operators/completable/CompletableFromSupplier.java wave7b completable operators [15:30]
2026-08-09T17:05:49Z DONE src/main/java/io/reactivex/rxjava4/internal/operators/completable/CompletableFromUnsafeSource.java wave7b completable operators [15:30]
2026-08-09T17:05:49Z DONE src/main/java/io/reactivex/rxjava4/internal/operators/completable/CompletableHide.java wave7b completable operators [15:30]
2026-08-09T17:05:49Z DONE src/main/java/io/reactivex/rxjava4/internal/operators/completable/CompletableLift.java wave7b completable operators [15:30]
2026-08-09T17:06:01Z DONE src/main/java/io/reactivex/rxjava4/internal/operators/completable/CompletableDoFinally.java wave7 queue-fix after restore
2026-08-09T17:06:01Z DONE src/main/java/io/reactivex/rxjava4/internal/operators/completable/CompletableDoOnEvent.java wave7 queue-fix after restore
2026-08-09T17:06:01Z DONE src/main/java/io/reactivex/rxjava4/internal/operators/completable/CompletableEmpty.java wave7 queue-fix after restore
2026-08-09T17:06:01Z DONE src/main/java/io/reactivex/rxjava4/internal/operators/completable/CompletableError.java wave7 queue-fix after restore
2026-08-09T17:06:01Z DONE src/main/java/io/reactivex/rxjava4/internal/operators/completable/CompletableErrorSupplier.java wave7 queue-fix after restore
2026-08-09T17:06:01Z DONE src/main/java/io/reactivex/rxjava4/internal/operators/completable/CompletableFromAction.java wave7 queue-fix after restore
2026-08-09T17:06:01Z DONE src/main/java/io/reactivex/rxjava4/internal/operators/completable/CompletableFromCallable.java wave7 queue-fix after restore
2026-08-09T17:06:01Z DONE src/main/java/io/reactivex/rxjava4/internal/operators/completable/CompletableFromObservable.java wave7 queue-fix after restore
2026-08-09T17:06:01Z DONE src/main/java/io/reactivex/rxjava4/internal/operators/completable/CompletableFromPublisher.java wave7 queue-fix after restore
2026-08-09T17:06:01Z DONE src/main/java/io/reactivex/rxjava4/internal/operators/completable/CompletableFromRunnable.java wave7 queue-fix after restore
2026-08-09T17:06:01Z DONE src/main/java/io/reactivex/rxjava4/internal/operators/completable/CompletableFromSingle.java wave7 queue-fix after restore
2026-08-09T17:06:01Z DONE src/main/java/io/reactivex/rxjava4/internal/operators/completable/CompletableFromSupplier.java wave7 queue-fix after restore
2026-08-09T17:06:01Z DONE src/main/java/io/reactivex/rxjava4/internal/operators/completable/CompletableFromUnsafeSource.java wave7 queue-fix after restore
2026-08-09T17:06:01Z DONE src/main/java/io/reactivex/rxjava4/internal/operators/completable/CompletableHide.java wave7 queue-fix after restore
2026-08-09T17:06:01Z DONE src/main/java/io/reactivex/rxjava4/internal/operators/completable/CompletableLift.java wave7 queue-fix after restore
2026-08-09T17:06:10Z DONE src/main/java/io/reactivex/rxjava4/internal/observers/ResumeSingleObserver.java wave7a observers+Completable* [0:15]
2026-08-09T17:06:10Z DONE src/main/java/io/reactivex/rxjava4/internal/observers/SafeCompletableObserver.java wave7a observers+Completable* [0:15]
2026-08-09T17:06:10Z DONE src/main/java/io/reactivex/rxjava4/internal/observers/SafeMaybeObserver.java wave7a observers+Completable* [0:15]
2026-08-09T17:06:10Z DONE src/main/java/io/reactivex/rxjava4/internal/observers/SafeSingleObserver.java wave7a observers+Completable* [0:15]
2026-08-09T17:06:10Z DONE src/main/java/io/reactivex/rxjava4/internal/operators/completable/CompletableAmb.java wave7a observers+Completable* [0:15]
2026-08-09T17:06:10Z DONE src/main/java/io/reactivex/rxjava4/internal/operators/completable/CompletableAndThenCompletable.java wave7a observers+Completable* [0:15]
2026-08-09T17:06:10Z DONE src/main/java/io/reactivex/rxjava4/internal/operators/completable/CompletableCache.java wave7a observers+Completable* [0:15]
2026-08-09T17:06:10Z DONE src/main/java/io/reactivex/rxjava4/internal/operators/completable/CompletableConcat.java wave7a observers+Completable* [0:15]
2026-08-09T17:06:10Z DONE src/main/java/io/reactivex/rxjava4/internal/operators/completable/CompletableConcatArray.java wave7a observers+Completable* [0:15]
2026-08-09T17:06:10Z DONE src/main/java/io/reactivex/rxjava4/internal/operators/completable/CompletableConcatIterable.java wave7a observers+Completable* [0:15]
2026-08-09T17:06:10Z DONE src/main/java/io/reactivex/rxjava4/internal/operators/completable/CompletableCreate.java wave7a observers+Completable* [0:15]
2026-08-09T17:06:10Z DONE src/main/java/io/reactivex/rxjava4/internal/operators/completable/CompletableDefer.java wave7a observers+Completable* [0:15]
2026-08-09T17:06:10Z DONE src/main/java/io/reactivex/rxjava4/internal/operators/completable/CompletableDelay.java wave7a observers+Completable* [0:15]
2026-08-09T17:06:10Z DONE src/main/java/io/reactivex/rxjava4/internal/operators/completable/CompletableDetach.java wave7a observers+Completable* [0:15]
2026-08-09T17:06:10Z DONE src/main/java/io/reactivex/rxjava4/internal/operators/completable/CompletableDisposeOn.java wave7a observers+Completable* [0:15]
2026-08-09T17:07:51Z DONE src/main/java/io/reactivex/rxjava4/internal/operators/completable/CompletableTimer.java wave8b completable/flowable operators [15:30]
2026-08-09T17:07:51Z DONE src/main/java/io/reactivex/rxjava4/internal/operators/completable/CompletableToFlowable.java wave8b completable/flowable operators [15:30]
2026-08-09T17:07:51Z DONE src/main/java/io/reactivex/rxjava4/internal/operators/completable/CompletableToObservable.java wave8b completable/flowable operators [15:30]
2026-08-09T17:07:51Z DONE src/main/java/io/reactivex/rxjava4/internal/operators/completable/CompletableToSingle.java wave8b completable/flowable operators [15:30]
2026-08-09T17:07:51Z DONE src/main/java/io/reactivex/rxjava4/internal/operators/completable/CompletableUsing.java wave8b completable/flowable operators [15:30]
2026-08-09T17:07:51Z DONE src/main/java/io/reactivex/rxjava4/internal/operators/flowable/AbstractBackpressureThrottlingSubscriber.java wave8b completable/flowable operators [15:30]
2026-08-09T17:07:51Z DONE src/main/java/io/reactivex/rxjava4/internal/operators/flowable/AbstractFlowableWithUpstream.java wave8b completable/flowable operators [15:30]
2026-08-09T17:07:51Z DONE src/main/java/io/reactivex/rxjava4/internal/operators/flowable/BlockingFlowableIterable.java wave8b completable/flowable operators [15:30]
2026-08-09T17:07:51Z DONE src/main/java/io/reactivex/rxjava4/internal/operators/flowable/BlockingFlowableLatest.java wave8b completable/flowable operators [15:30]
2026-08-09T17:07:51Z DONE src/main/java/io/reactivex/rxjava4/internal/operators/flowable/BlockingFlowableMostRecent.java wave8b completable/flowable operators [15:30]
2026-08-09T17:07:51Z DONE src/main/java/io/reactivex/rxjava4/internal/operators/flowable/BlockingFlowableNext.java wave8b completable/flowable operators [15:30]
2026-08-09T17:07:51Z DONE src/main/java/io/reactivex/rxjava4/internal/operators/flowable/FlowableAll.java wave8b completable/flowable operators [15:30]
2026-08-09T17:07:51Z DONE src/main/java/io/reactivex/rxjava4/internal/operators/flowable/FlowableAllSingle.java wave8b completable/flowable operators [15:30]
2026-08-09T17:07:51Z DONE src/main/java/io/reactivex/rxjava4/internal/operators/flowable/FlowableAmb.java wave8b completable/flowable operators [15:30]
2026-08-09T17:07:51Z DONE src/main/java/io/reactivex/rxjava4/internal/operators/flowable/FlowableAny.java wave8b completable/flowable operators [15:30]
2026-08-09T17:07:56Z DONE src/main/java/io/reactivex/rxjava4/internal/operators/completable/CompletableMaterialize.java wave8a Completable* [0:15]
2026-08-09T17:07:56Z DONE src/main/java/io/reactivex/rxjava4/internal/operators/completable/CompletableMerge.java wave8a Completable* [0:15]
2026-08-09T17:07:56Z DONE src/main/java/io/reactivex/rxjava4/internal/operators/completable/CompletableMergeArray.java wave8a Completable* [0:15]
2026-08-09T17:07:56Z DONE src/main/java/io/reactivex/rxjava4/internal/operators/completable/CompletableMergeArrayDelayError.java wave8a Completable* [0:15]
2026-08-09T17:07:56Z DONE src/main/java/io/reactivex/rxjava4/internal/operators/completable/CompletableMergeDelayErrorIterable.java wave8a Completable* [0:15]
2026-08-09T17:07:56Z DONE src/main/java/io/reactivex/rxjava4/internal/operators/completable/CompletableMergeIterable.java wave8a Completable* [0:15]
2026-08-09T17:07:56Z DONE src/main/java/io/reactivex/rxjava4/internal/operators/completable/CompletableNever.java wave8a Completable* [0:15]
2026-08-09T17:07:56Z DONE src/main/java/io/reactivex/rxjava4/internal/operators/completable/CompletableObserveOn.java wave8a Completable* [0:15]
2026-08-09T17:07:56Z DONE src/main/java/io/reactivex/rxjava4/internal/operators/completable/CompletableOnErrorComplete.java wave8a Completable* [0:15]
2026-08-09T17:07:56Z DONE src/main/java/io/reactivex/rxjava4/internal/operators/completable/CompletableOnErrorReturn.java wave8a Completable* [0:15]
2026-08-09T17:07:56Z DONE src/main/java/io/reactivex/rxjava4/internal/operators/completable/CompletablePeek.java wave8a Completable* [0:15]
2026-08-09T17:07:56Z DONE src/main/java/io/reactivex/rxjava4/internal/operators/completable/CompletableResumeNext.java wave8a Completable* [0:15]
2026-08-09T17:07:56Z DONE src/main/java/io/reactivex/rxjava4/internal/operators/completable/CompletableSubscribeOn.java wave8a Completable* [0:15]
2026-08-09T17:07:56Z DONE src/main/java/io/reactivex/rxjava4/internal/operators/completable/CompletableTakeUntilCompletable.java wave8a Completable* [0:15]
2026-08-09T17:07:56Z DONE src/main/java/io/reactivex/rxjava4/internal/operators/completable/CompletableTimeout.java wave8a Completable* [0:15]
2026-08-09T17:08:05Z DONE src/main/java/io/reactivex/rxjava4/internal/operators/completable/CompletableMaterialize.java wave8a Completable* [0:15]
2026-08-09T17:08:05Z DONE src/main/java/io/reactivex/rxjava4/internal/operators/completable/CompletableMerge.java wave8a Completable* [0:15]
2026-08-09T17:08:05Z DONE src/main/java/io/reactivex/rxjava4/internal/operators/completable/CompletableMergeArray.java wave8a Completable* [0:15]
2026-08-09T17:08:05Z DONE src/main/java/io/reactivex/rxjava4/internal/operators/completable/CompletableMergeArrayDelayError.java wave8a Completable* [0:15]
2026-08-09T17:08:05Z DONE src/main/java/io/reactivex/rxjava4/internal/operators/completable/CompletableMergeDelayErrorIterable.java wave8a Completable* [0:15]
2026-08-09T17:08:05Z DONE src/main/java/io/reactivex/rxjava4/internal/operators/completable/CompletableMergeIterable.java wave8a Completable* [0:15]
2026-08-09T17:08:05Z DONE src/main/java/io/reactivex/rxjava4/internal/operators/completable/CompletableNever.java wave8a Completable* [0:15]
2026-08-09T17:08:05Z DONE src/main/java/io/reactivex/rxjava4/internal/operators/completable/CompletableObserveOn.java wave8a Completable* [0:15]
2026-08-09T17:08:05Z DONE src/main/java/io/reactivex/rxjava4/internal/operators/completable/CompletableOnErrorComplete.java wave8a Completable* [0:15]
2026-08-09T17:08:05Z DONE src/main/java/io/reactivex/rxjava4/internal/operators/completable/CompletableOnErrorReturn.java wave8a Completable* [0:15]
2026-08-09T17:08:05Z DONE src/main/java/io/reactivex/rxjava4/internal/operators/completable/CompletablePeek.java wave8a Completable* [0:15]
2026-08-09T17:08:05Z DONE src/main/java/io/reactivex/rxjava4/internal/operators/completable/CompletableResumeNext.java wave8a Completable* [0:15]
2026-08-09T17:08:05Z DONE src/main/java/io/reactivex/rxjava4/internal/operators/completable/CompletableSubscribeOn.java wave8a Completable* [0:15]
2026-08-09T17:08:05Z DONE src/main/java/io/reactivex/rxjava4/internal/operators/completable/CompletableTakeUntilCompletable.java wave8a Completable* [0:15]
2026-08-09T17:08:05Z DONE src/main/java/io/reactivex/rxjava4/internal/operators/completable/CompletableTimeout.java wave8a Completable* [0:15]
2026-08-09T17:08:10Z DONE src/main/java/io/reactivex/rxjava4/internal/operators/completable/CompletableMaterialize.java wave8a Completable* [0:15]
2026-08-09T17:08:13Z DONE src/main/java/io/reactivex/rxjava4/internal/operators/completable/CompletableTimer.java wave8b completable/flowable operators [15:30]
2026-08-09T17:08:13Z DONE src/main/java/io/reactivex/rxjava4/internal/operators/completable/CompletableToFlowable.java wave8b completable/flowable operators [15:30]
2026-08-09T17:08:13Z DONE src/main/java/io/reactivex/rxjava4/internal/operators/completable/CompletableToObservable.java wave8b completable/flowable operators [15:30]
2026-08-09T17:08:13Z DONE src/main/java/io/reactivex/rxjava4/internal/operators/completable/CompletableToSingle.java wave8b completable/flowable operators [15:30]
2026-08-09T17:08:13Z DONE src/main/java/io/reactivex/rxjava4/internal/operators/completable/CompletableUsing.java wave8b completable/flowable operators [15:30]
2026-08-09T17:08:13Z DONE src/main/java/io/reactivex/rxjava4/internal/operators/flowable/AbstractBackpressureThrottlingSubscriber.java wave8b completable/flowable operators [15:30]
2026-08-09T17:08:13Z DONE src/main/java/io/reactivex/rxjava4/internal/operators/flowable/AbstractFlowableWithUpstream.java wave8b completable/flowable operators [15:30]
2026-08-09T17:08:13Z DONE src/main/java/io/reactivex/rxjava4/internal/operators/flowable/BlockingFlowableIterable.java wave8b completable/flowable operators [15:30]
2026-08-09T17:08:13Z DONE src/main/java/io/reactivex/rxjava4/internal/operators/flowable/BlockingFlowableLatest.java wave8b completable/flowable operators [15:30]
2026-08-09T17:08:13Z DONE src/main/java/io/reactivex/rxjava4/internal/operators/flowable/BlockingFlowableMostRecent.java wave8b completable/flowable operators [15:30]
2026-08-09T17:08:13Z DONE src/main/java/io/reactivex/rxjava4/internal/operators/flowable/BlockingFlowableNext.java wave8b completable/flowable operators [15:30]
2026-08-09T17:08:13Z DONE src/main/java/io/reactivex/rxjava4/internal/operators/flowable/FlowableAll.java wave8b completable/flowable operators [15:30]
2026-08-09T17:08:13Z DONE src/main/java/io/reactivex/rxjava4/internal/operators/flowable/FlowableAllSingle.java wave8b completable/flowable operators [15:30]
2026-08-09T17:08:13Z DONE src/main/java/io/reactivex/rxjava4/internal/operators/flowable/FlowableAmb.java wave8b completable/flowable operators [15:30]
2026-08-09T17:08:13Z DONE src/main/java/io/reactivex/rxjava4/internal/operators/flowable/FlowableAny.java wave8b completable/flowable operators [15:30]
2026-08-09T17:08:14Z DONE src/main/java/io/reactivex/rxjava4/internal/operators/completable/CompletableMerge.java wave8a Completable* [0:15]
2026-08-09T17:08:14Z DONE src/main/java/io/reactivex/rxjava4/internal/operators/completable/CompletableMergeArray.java wave8a Completable* [0:15]
2026-08-09T17:08:14Z DONE src/main/java/io/reactivex/rxjava4/internal/operators/completable/CompletableMergeArrayDelayError.java wave8a Completable* [0:15]
2026-08-09T17:08:14Z DONE src/main/java/io/reactivex/rxjava4/internal/operators/completable/CompletableMergeDelayErrorIterable.java wave8a Completable* [0:15]
2026-08-09T17:08:14Z DONE src/main/java/io/reactivex/rxjava4/internal/operators/completable/CompletableMergeIterable.java wave8a Completable* [0:15]
2026-08-09T17:08:14Z DONE src/main/java/io/reactivex/rxjava4/internal/operators/completable/CompletableNever.java wave8a Completable* [0:15]
2026-08-09T17:08:14Z DONE src/main/java/io/reactivex/rxjava4/internal/operators/completable/CompletableObserveOn.java wave8a Completable* [0:15]
2026-08-09T17:08:14Z DONE src/main/java/io/reactivex/rxjava4/internal/operators/completable/CompletableOnErrorComplete.java wave8a Completable* [0:15]
2026-08-09T17:08:14Z DONE src/main/java/io/reactivex/rxjava4/internal/operators/completable/CompletableOnErrorReturn.java wave8a Completable* [0:15]
2026-08-09T17:08:14Z DONE src/main/java/io/reactivex/rxjava4/internal/operators/completable/CompletablePeek.java wave8a Completable* [0:15]
2026-08-09T17:08:14Z DONE src/main/java/io/reactivex/rxjava4/internal/operators/completable/CompletableResumeNext.java wave8a Completable* [0:15]
2026-08-09T17:08:14Z DONE src/main/java/io/reactivex/rxjava4/internal/operators/completable/CompletableSubscribeOn.java wave8a Completable* [0:15]
2026-08-09T17:08:14Z DONE src/main/java/io/reactivex/rxjava4/internal/operators/completable/CompletableTakeUntilCompletable.java wave8a Completable* [0:15]
2026-08-09T17:08:14Z DONE src/main/java/io/reactivex/rxjava4/internal/operators/completable/CompletableTimeout.java wave8a Completable* [0:15]
2026-08-09T17:08:55Z DONE src/main/java/io/reactivex/rxjava4/internal/operators/completable/CompletableMaterialize.java wave8a Completable* [0:15]
2026-08-09T17:08:55Z DONE src/main/java/io/reactivex/rxjava4/internal/operators/completable/CompletableMerge.java wave8a Completable* [0:15]
2026-08-09T17:08:55Z DONE src/main/java/io/reactivex/rxjava4/internal/operators/completable/CompletableMergeArray.java wave8a Completable* [0:15]
2026-08-09T17:08:55Z DONE src/main/java/io/reactivex/rxjava4/internal/operators/completable/CompletableMergeArrayDelayError.java wave8a Completable* [0:15]
2026-08-09T17:08:55Z DONE src/main/java/io/reactivex/rxjava4/internal/operators/completable/CompletableMergeDelayErrorIterable.java wave8a Completable* [0:15]
2026-08-09T17:08:55Z DONE src/main/java/io/reactivex/rxjava4/internal/operators/completable/CompletableMergeIterable.java wave8a Completable* [0:15]
2026-08-09T17:08:55Z DONE src/main/java/io/reactivex/rxjava4/internal/operators/completable/CompletableNever.java wave8a Completable* [0:15]
2026-08-09T17:08:55Z DONE src/main/java/io/reactivex/rxjava4/internal/operators/completable/CompletableObserveOn.java wave8a Completable* [0:15]
2026-08-09T17:08:55Z DONE src/main/java/io/reactivex/rxjava4/internal/operators/completable/CompletableOnErrorComplete.java wave8a Completable* [0:15]
2026-08-09T17:08:55Z DONE src/main/java/io/reactivex/rxjava4/internal/operators/completable/CompletableOnErrorReturn.java wave8a Completable* [0:15]
2026-08-09T17:08:55Z DONE src/main/java/io/reactivex/rxjava4/internal/operators/completable/CompletablePeek.java wave8a Completable* [0:15]
2026-08-09T17:08:55Z DONE src/main/java/io/reactivex/rxjava4/internal/operators/completable/CompletableResumeNext.java wave8a Completable* [0:15]
2026-08-09T17:08:55Z DONE src/main/java/io/reactivex/rxjava4/internal/operators/completable/CompletableSubscribeOn.java wave8a Completable* [0:15]
2026-08-09T17:08:55Z DONE src/main/java/io/reactivex/rxjava4/internal/operators/completable/CompletableTakeUntilCompletable.java wave8a Completable* [0:15]
2026-08-09T17:08:55Z DONE src/main/java/io/reactivex/rxjava4/internal/operators/completable/CompletableTimeout.java wave8a Completable* [0:15]
2026-08-09T17:09:06Z DONE src/main/java/io/reactivex/rxjava4/internal/operators/completable/CompletableTimer.java wave8b completable/flowable operators [15:30]
2026-08-09T17:09:06Z DONE src/main/java/io/reactivex/rxjava4/internal/operators/completable/CompletableToFlowable.java wave8b completable/flowable operators [15:30]
2026-08-09T17:09:06Z DONE src/main/java/io/reactivex/rxjava4/internal/operators/completable/CompletableToObservable.java wave8b completable/flowable operators [15:30]
2026-08-09T17:09:06Z DONE src/main/java/io/reactivex/rxjava4/internal/operators/completable/CompletableToSingle.java wave8b completable/flowable operators [15:30]
2026-08-09T17:09:06Z DONE src/main/java/io/reactivex/rxjava4/internal/operators/completable/CompletableUsing.java wave8b completable/flowable operators [15:30]
2026-08-09T17:09:06Z DONE src/main/java/io/reactivex/rxjava4/internal/operators/flowable/AbstractBackpressureThrottlingSubscriber.java wave8b completable/flowable operators [15:30]
2026-08-09T17:09:06Z DONE src/main/java/io/reactivex/rxjava4/internal/operators/flowable/AbstractFlowableWithUpstream.java wave8b completable/flowable operators [15:30]
2026-08-09T17:09:06Z DONE src/main/java/io/reactivex/rxjava4/internal/operators/flowable/BlockingFlowableIterable.java wave8b completable/flowable operators [15:30]
2026-08-09T17:09:06Z DONE src/main/java/io/reactivex/rxjava4/internal/operators/flowable/BlockingFlowableLatest.java wave8b completable/flowable operators [15:30]
2026-08-09T17:09:06Z DONE src/main/java/io/reactivex/rxjava4/internal/operators/flowable/BlockingFlowableMostRecent.java wave8b completable/flowable operators [15:30]
2026-08-09T17:09:06Z DONE src/main/java/io/reactivex/rxjava4/internal/operators/flowable/BlockingFlowableNext.java wave8b completable/flowable operators [15:30]
2026-08-09T17:09:06Z DONE src/main/java/io/reactivex/rxjava4/internal/operators/flowable/FlowableAll.java wave8b completable/flowable operators [15:30]
2026-08-09T17:09:06Z DONE src/main/java/io/reactivex/rxjava4/internal/operators/flowable/FlowableAllSingle.java wave8b completable/flowable operators [15:30]
2026-08-09T17:09:06Z DONE src/main/java/io/reactivex/rxjava4/internal/operators/flowable/FlowableAmb.java wave8b completable/flowable operators [15:30]
2026-08-09T17:09:06Z DONE src/main/java/io/reactivex/rxjava4/internal/operators/flowable/FlowableAny.java wave8b completable/flowable operators [15:30]
2026-08-09T17:09:23Z DONE src/main/java/io/reactivex/rxjava4/internal/operators/completable/CompletableMaterialize.java wave8a Completable* [0:15]
2026-08-09T17:09:23Z DONE src/main/java/io/reactivex/rxjava4/internal/operators/completable/CompletableMerge.java wave8a Completable* [0:15]
2026-08-09T17:09:23Z DONE src/main/java/io/reactivex/rxjava4/internal/operators/completable/CompletableMergeArray.java wave8a Completable* [0:15]
2026-08-09T17:09:23Z DONE src/main/java/io/reactivex/rxjava4/internal/operators/completable/CompletableMergeArrayDelayError.java wave8a Completable* [0:15]
2026-08-09T17:09:23Z DONE src/main/java/io/reactivex/rxjava4/internal/operators/completable/CompletableMergeDelayErrorIterable.java wave8a Completable* [0:15]
2026-08-09T17:09:23Z DONE src/main/java/io/reactivex/rxjava4/internal/operators/completable/CompletableMergeIterable.java wave8a Completable* [0:15]
2026-08-09T17:09:23Z DONE src/main/java/io/reactivex/rxjava4/internal/operators/completable/CompletableNever.java wave8a Completable* [0:15]
2026-08-09T17:09:23Z DONE src/main/java/io/reactivex/rxjava4/internal/operators/completable/CompletableObserveOn.java wave8a Completable* [0:15]
2026-08-09T17:09:23Z DONE src/main/java/io/reactivex/rxjava4/internal/operators/completable/CompletableOnErrorComplete.java wave8a Completable* [0:15]
2026-08-09T17:09:23Z DONE src/main/java/io/reactivex/rxjava4/internal/operators/completable/CompletableOnErrorReturn.java wave8a Completable* [0:15]
2026-08-09T17:09:23Z DONE src/main/java/io/reactivex/rxjava4/internal/operators/completable/CompletablePeek.java wave8a Completable* [0:15]
2026-08-09T17:09:23Z DONE src/main/java/io/reactivex/rxjava4/internal/operators/completable/CompletableResumeNext.java wave8a Completable* [0:15]
2026-08-09T17:09:23Z DONE src/main/java/io/reactivex/rxjava4/internal/operators/completable/CompletableSubscribeOn.java wave8a Completable* [0:15]
2026-08-09T17:09:23Z DONE src/main/java/io/reactivex/rxjava4/internal/operators/completable/CompletableTakeUntilCompletable.java wave8a Completable* [0:15]
2026-08-09T17:09:23Z DONE src/main/java/io/reactivex/rxjava4/internal/operators/completable/CompletableTimeout.java wave8a Completable* [0:15]
2026-08-09T17:09:42Z DONE src/main/java/io/reactivex/rxjava4/internal/operators/completable/CompletableTimer.java wave8b completable/flowable operators [15:30]
2026-08-09T17:09:42Z DONE src/main/java/io/reactivex/rxjava4/internal/operators/completable/CompletableToFlowable.java wave8b completable/flowable operators [15:30]
2026-08-09T17:09:42Z DONE src/main/java/io/reactivex/rxjava4/internal/operators/completable/CompletableToObservable.java wave8b completable/flowable operators [15:30]
2026-08-09T17:09:42Z DONE src/main/java/io/reactivex/rxjava4/internal/operators/completable/CompletableToSingle.java wave8b completable/flowable operators [15:30]
2026-08-09T17:09:42Z DONE src/main/java/io/reactivex/rxjava4/internal/operators/completable/CompletableUsing.java wave8b completable/flowable operators [15:30]
2026-08-09T17:09:42Z DONE src/main/java/io/reactivex/rxjava4/internal/operators/flowable/AbstractBackpressureThrottlingSubscriber.java wave8b completable/flowable operators [15:30]
2026-08-09T17:09:42Z DONE src/main/java/io/reactivex/rxjava4/internal/operators/flowable/AbstractFlowableWithUpstream.java wave8b completable/flowable operators [15:30]
2026-08-09T17:09:42Z DONE src/main/java/io/reactivex/rxjava4/internal/operators/flowable/BlockingFlowableIterable.java wave8b completable/flowable operators [15:30]
2026-08-09T17:09:42Z DONE src/main/java/io/reactivex/rxjava4/internal/operators/flowable/BlockingFlowableLatest.java wave8b completable/flowable operators [15:30]
2026-08-09T17:09:42Z DONE src/main/java/io/reactivex/rxjava4/internal/operators/flowable/BlockingFlowableMostRecent.java wave8b completable/flowable operators [15:30]
2026-08-09T17:09:42Z DONE src/main/java/io/reactivex/rxjava4/internal/operators/flowable/BlockingFlowableNext.java wave8b completable/flowable operators [15:30]
2026-08-09T17:09:42Z DONE src/main/java/io/reactivex/rxjava4/internal/operators/flowable/FlowableAll.java wave8b completable/flowable operators [15:30]
2026-08-09T17:09:42Z DONE src/main/java/io/reactivex/rxjava4/internal/operators/flowable/FlowableAllSingle.java wave8b completable/flowable operators [15:30]
2026-08-09T17:09:42Z DONE src/main/java/io/reactivex/rxjava4/internal/operators/flowable/FlowableAmb.java wave8b completable/flowable operators [15:30]
2026-08-09T17:09:42Z DONE src/main/java/io/reactivex/rxjava4/internal/operators/flowable/FlowableAny.java wave8b completable/flowable operators [15:30]
2026-08-09T17:09:44Z DONE src/main/java/io/reactivex/rxjava4/internal/operators/completable/CompletableMaterialize.java wave8a Completable* [0:15]
2026-08-09T17:09:44Z DONE src/main/java/io/reactivex/rxjava4/internal/operators/completable/CompletableMerge.java wave8a Completable* [0:15]
2026-08-09T17:09:44Z DONE src/main/java/io/reactivex/rxjava4/internal/operators/completable/CompletableMergeArray.java wave8a Completable* [0:15]
2026-08-09T17:09:44Z DONE src/main/java/io/reactivex/rxjava4/internal/operators/completable/CompletableMergeArrayDelayError.java wave8a Completable* [0:15]
2026-08-09T17:09:44Z DONE src/main/java/io/reactivex/rxjava4/internal/operators/completable/CompletableMergeDelayErrorIterable.java wave8a Completable* [0:15]
2026-08-09T17:09:44Z DONE src/main/java/io/reactivex/rxjava4/internal/operators/completable/CompletableMergeIterable.java wave8a Completable* [0:15]
2026-08-09T17:09:44Z DONE src/main/java/io/reactivex/rxjava4/internal/operators/completable/CompletableNever.java wave8a Completable* [0:15]
2026-08-09T17:09:44Z DONE src/main/java/io/reactivex/rxjava4/internal/operators/completable/CompletableObserveOn.java wave8a Completable* [0:15]
2026-08-09T17:09:44Z DONE src/main/java/io/reactivex/rxjava4/internal/operators/completable/CompletableOnErrorComplete.java wave8a Completable* [0:15]
2026-08-09T17:09:44Z DONE src/main/java/io/reactivex/rxjava4/internal/operators/completable/CompletableOnErrorReturn.java wave8a Completable* [0:15]
2026-08-09T17:09:44Z DONE src/main/java/io/reactivex/rxjava4/internal/operators/completable/CompletablePeek.java wave8a Completable* [0:15]
2026-08-09T17:09:44Z DONE src/main/java/io/reactivex/rxjava4/internal/operators/completable/CompletableResumeNext.java wave8a Completable* [0:15]
2026-08-09T17:09:44Z DONE src/main/java/io/reactivex/rxjava4/internal/operators/completable/CompletableSubscribeOn.java wave8a Completable* [0:15]
2026-08-09T17:09:44Z DONE src/main/java/io/reactivex/rxjava4/internal/operators/completable/CompletableTakeUntilCompletable.java wave8a Completable* [0:15]
2026-08-09T17:09:44Z DONE src/main/java/io/reactivex/rxjava4/internal/operators/completable/CompletableTimeout.java wave8a Completable* [0:15]
2026-08-09T17:10:03Z DONE src/main/java/io/reactivex/rxjava4/internal/operators/completable/CompletableMaterialize.java wave8a Completable* [0:15]
2026-08-09T17:10:03Z DONE src/main/java/io/reactivex/rxjava4/internal/operators/completable/CompletableMerge.java wave8a Completable* [0:15]
2026-08-09T17:10:03Z DONE src/main/java/io/reactivex/rxjava4/internal/operators/completable/CompletableMergeArray.java wave8a Completable* [0:15]
2026-08-09T17:10:03Z DONE src/main/java/io/reactivex/rxjava4/internal/operators/completable/CompletableMergeArrayDelayError.java wave8a Completable* [0:15]
2026-08-09T17:10:03Z DONE src/main/java/io/reactivex/rxjava4/internal/operators/completable/CompletableMergeDelayErrorIterable.java wave8a Completable* [0:15]
2026-08-09T17:10:03Z DONE src/main/java/io/reactivex/rxjava4/internal/operators/completable/CompletableMergeIterable.java wave8a Completable* [0:15]
2026-08-09T17:10:03Z DONE src/main/java/io/reactivex/rxjava4/internal/operators/completable/CompletableNever.java wave8a Completable* [0:15]
2026-08-09T17:10:03Z DONE src/main/java/io/reactivex/rxjava4/internal/operators/completable/CompletableObserveOn.java wave8a Completable* [0:15]
2026-08-09T17:10:03Z DONE src/main/java/io/reactivex/rxjava4/internal/operators/completable/CompletableOnErrorComplete.java wave8a Completable* [0:15]
2026-08-09T17:10:03Z DONE src/main/java/io/reactivex/rxjava4/internal/operators/completable/CompletableOnErrorReturn.java wave8a Completable* [0:15]
2026-08-09T17:10:03Z DONE src/main/java/io/reactivex/rxjava4/internal/operators/completable/CompletablePeek.java wave8a Completable* [0:15]
2026-08-09T17:10:03Z DONE src/main/java/io/reactivex/rxjava4/internal/operators/completable/CompletableResumeNext.java wave8a Completable* [0:15]
2026-08-09T17:10:03Z DONE src/main/java/io/reactivex/rxjava4/internal/operators/completable/CompletableSubscribeOn.java wave8a Completable* [0:15]
2026-08-09T17:10:03Z DONE src/main/java/io/reactivex/rxjava4/internal/operators/completable/CompletableTakeUntilCompletable.java wave8a Completable* [0:15]
2026-08-09T17:10:03Z DONE src/main/java/io/reactivex/rxjava4/internal/operators/completable/CompletableTimeout.java wave8a Completable* [0:15]
2026-08-09T17:10:28Z DONE src/main/java/io/reactivex/rxjava4/internal/operators/completable/CompletableTimer.java wave8b completable/flowable operators [15:30]
2026-08-09T17:10:28Z DONE src/main/java/io/reactivex/rxjava4/internal/operators/completable/CompletableToFlowable.java wave8b completable/flowable operators [15:30]
2026-08-09T17:10:28Z DONE src/main/java/io/reactivex/rxjava4/internal/operators/completable/CompletableToObservable.java wave8b completable/flowable operators [15:30]
2026-08-09T17:10:28Z DONE src/main/java/io/reactivex/rxjava4/internal/operators/completable/CompletableToSingle.java wave8b completable/flowable operators [15:30]
2026-08-09T17:10:28Z DONE src/main/java/io/reactivex/rxjava4/internal/operators/completable/CompletableUsing.java wave8b completable/flowable operators [15:30]
2026-08-09T17:10:28Z DONE src/main/java/io/reactivex/rxjava4/internal/operators/flowable/AbstractBackpressureThrottlingSubscriber.java wave8b completable/flowable operators [15:30]
2026-08-09T17:10:28Z DONE src/main/java/io/reactivex/rxjava4/internal/operators/flowable/AbstractFlowableWithUpstream.java wave8b completable/flowable operators [15:30]
2026-08-09T17:10:28Z DONE src/main/java/io/reactivex/rxjava4/internal/operators/flowable/BlockingFlowableIterable.java wave8b completable/flowable operators [15:30]
2026-08-09T17:10:28Z DONE src/main/java/io/reactivex/rxjava4/internal/operators/flowable/BlockingFlowableLatest.java wave8b completable/flowable operators [15:30]
2026-08-09T17:10:28Z DONE src/main/java/io/reactivex/rxjava4/internal/operators/flowable/BlockingFlowableMostRecent.java wave8b completable/flowable operators [15:30]
2026-08-09T17:10:28Z DONE src/main/java/io/reactivex/rxjava4/internal/operators/flowable/BlockingFlowableNext.java wave8b completable/flowable operators [15:30]
2026-08-09T17:10:28Z DONE src/main/java/io/reactivex/rxjava4/internal/operators/flowable/FlowableAll.java wave8b completable/flowable operators [15:30]
2026-08-09T17:10:28Z DONE src/main/java/io/reactivex/rxjava4/internal/operators/flowable/FlowableAllSingle.java wave8b completable/flowable operators [15:30]
2026-08-09T17:10:28Z DONE src/main/java/io/reactivex/rxjava4/internal/operators/flowable/FlowableAmb.java wave8b completable/flowable operators [15:30]
2026-08-09T17:10:28Z DONE src/main/java/io/reactivex/rxjava4/internal/operators/flowable/FlowableAny.java wave8b completable/flowable operators [15:30]
2026-08-09T17:10:58Z DONE src/main/java/io/reactivex/rxjava4/internal/operators/completable/CompletableTimer.java wave8b completable/flowable operators [15:30]
2026-08-09T17:10:58Z DONE src/main/java/io/reactivex/rxjava4/internal/operators/completable/CompletableToFlowable.java wave8b completable/flowable operators [15:30]
2026-08-09T17:10:58Z DONE src/main/java/io/reactivex/rxjava4/internal/operators/completable/CompletableToObservable.java wave8b completable/flowable operators [15:30]
2026-08-09T17:10:58Z DONE src/main/java/io/reactivex/rxjava4/internal/operators/completable/CompletableToSingle.java wave8b completable/flowable operators [15:30]
2026-08-09T17:10:58Z DONE src/main/java/io/reactivex/rxjava4/internal/operators/completable/CompletableUsing.java wave8b completable/flowable operators [15:30]
2026-08-09T17:10:58Z DONE src/main/java/io/reactivex/rxjava4/internal/operators/flowable/AbstractBackpressureThrottlingSubscriber.java wave8b completable/flowable operators [15:30]
2026-08-09T17:10:58Z DONE src/main/java/io/reactivex/rxjava4/internal/operators/flowable/AbstractFlowableWithUpstream.java wave8b completable/flowable operators [15:30]
2026-08-09T17:10:58Z DONE src/main/java/io/reactivex/rxjava4/internal/operators/flowable/BlockingFlowableIterable.java wave8b completable/flowable operators [15:30]
2026-08-09T17:10:58Z DONE src/main/java/io/reactivex/rxjava4/internal/operators/flowable/BlockingFlowableLatest.java wave8b completable/flowable operators [15:30]
2026-08-09T17:10:58Z DONE src/main/java/io/reactivex/rxjava4/internal/operators/flowable/BlockingFlowableMostRecent.java wave8b completable/flowable operators [15:30]
2026-08-09T17:10:58Z DONE src/main/java/io/reactivex/rxjava4/internal/operators/flowable/BlockingFlowableNext.java wave8b completable/flowable operators [15:30]
2026-08-09T17:10:58Z DONE src/main/java/io/reactivex/rxjava4/internal/operators/flowable/FlowableAll.java wave8b completable/flowable operators [15:30]
2026-08-09T17:10:58Z DONE src/main/java/io/reactivex/rxjava4/internal/operators/flowable/FlowableAllSingle.java wave8b completable/flowable operators [15:30]
2026-08-09T17:10:58Z DONE src/main/java/io/reactivex/rxjava4/internal/operators/flowable/FlowableAmb.java wave8b completable/flowable operators [15:30]
2026-08-09T17:10:58Z DONE src/main/java/io/reactivex/rxjava4/internal/operators/flowable/FlowableAny.java wave8b completable/flowable operators [15:30]
2026-08-09T17:11:59Z DONE src/main/java/io/reactivex/rxjava4/internal/operators/completable/CompletableTimer.java wave8b completable/flowable operators [15:30]
2026-08-09T17:11:59Z DONE src/main/java/io/reactivex/rxjava4/internal/operators/completable/CompletableToFlowable.java wave8b completable/flowable operators [15:30]
2026-08-09T17:11:59Z DONE src/main/java/io/reactivex/rxjava4/internal/operators/completable/CompletableToObservable.java wave8b completable/flowable operators [15:30]
2026-08-09T17:11:59Z DONE src/main/java/io/reactivex/rxjava4/internal/operators/completable/CompletableToSingle.java wave8b completable/flowable operators [15:30]
2026-08-09T17:11:59Z DONE src/main/java/io/reactivex/rxjava4/internal/operators/completable/CompletableUsing.java wave8b completable/flowable operators [15:30]
2026-08-09T17:11:59Z DONE src/main/java/io/reactivex/rxjava4/internal/operators/flowable/AbstractBackpressureThrottlingSubscriber.java wave8b completable/flowable operators [15:30]
2026-08-09T17:11:59Z DONE src/main/java/io/reactivex/rxjava4/internal/operators/flowable/AbstractFlowableWithUpstream.java wave8b completable/flowable operators [15:30]
2026-08-09T17:11:59Z DONE src/main/java/io/reactivex/rxjava4/internal/operators/flowable/BlockingFlowableIterable.java wave8b completable/flowable operators [15:30]
2026-08-09T17:11:59Z DONE src/main/java/io/reactivex/rxjava4/internal/operators/flowable/BlockingFlowableLatest.java wave8b completable/flowable operators [15:30]
2026-08-09T17:11:59Z DONE src/main/java/io/reactivex/rxjava4/internal/operators/flowable/BlockingFlowableMostRecent.java wave8b completable/flowable operators [15:30]
2026-08-09T17:11:59Z DONE src/main/java/io/reactivex/rxjava4/internal/operators/flowable/BlockingFlowableNext.java wave8b completable/flowable operators [15:30]
2026-08-09T17:11:59Z DONE src/main/java/io/reactivex/rxjava4/internal/operators/flowable/FlowableAll.java wave8b completable/flowable operators [15:30]
2026-08-09T17:11:59Z DONE src/main/java/io/reactivex/rxjava4/internal/operators/flowable/FlowableAllSingle.java wave8b completable/flowable operators [15:30]
2026-08-09T17:11:59Z DONE src/main/java/io/reactivex/rxjava4/internal/operators/flowable/FlowableAmb.java wave8b completable/flowable operators [15:30]
2026-08-09T17:11:59Z DONE src/main/java/io/reactivex/rxjava4/internal/operators/flowable/FlowableAny.java wave8b completable/flowable operators [15:30]
2026-08-09T17:16:12Z DONE src/main/java/io/reactivex/rxjava4/internal/operators/flowable/FlowableAnySingle.java wave9a Flowable* [0:15]
2026-08-09T17:16:12Z DONE src/main/java/io/reactivex/rxjava4/internal/operators/flowable/FlowableAutoConnect.java wave9a Flowable* [0:15]
2026-08-09T17:16:12Z DONE src/main/java/io/reactivex/rxjava4/internal/operators/flowable/FlowableBlockingSubscribe.java wave9a Flowable* [0:15]
2026-08-09T17:16:12Z DONE src/main/java/io/reactivex/rxjava4/internal/operators/flowable/FlowableBufferExactBoundary.java wave9a Flowable* [0:15]
2026-08-09T17:16:12Z DONE src/main/java/io/reactivex/rxjava4/internal/operators/flowable/FlowableCollect.java wave9a Flowable* [0:15]
2026-08-09T17:16:12Z DONE src/main/java/io/reactivex/rxjava4/internal/operators/flowable/FlowableCollectSingle.java wave9a Flowable* [0:15]
2026-08-09T17:16:12Z DONE src/main/java/io/reactivex/rxjava4/internal/operators/flowable/FlowableConcatArray.java wave9a Flowable* [0:15]
2026-08-09T17:16:12Z DONE src/main/java/io/reactivex/rxjava4/internal/operators/flowable/FlowableConcatMapEager.java wave9a Flowable* [0:15]
2026-08-09T17:16:12Z DONE src/main/java/io/reactivex/rxjava4/internal/operators/flowable/FlowableConcatMapEagerPublisher.java wave9a Flowable* [0:15]
2026-08-09T17:16:12Z DONE src/main/java/io/reactivex/rxjava4/internal/operators/flowable/FlowableConcatWithCompletable.java wave9a Flowable* [0:15]
2026-08-09T17:16:12Z DONE src/main/java/io/reactivex/rxjava4/internal/operators/flowable/FlowableConcatWithMaybe.java wave9a Flowable* [0:15]
2026-08-09T17:16:12Z DONE src/main/java/io/reactivex/rxjava4/internal/operators/flowable/FlowableConcatWithSingle.java wave9a Flowable* [0:15]
2026-08-09T17:16:12Z DONE src/main/java/io/reactivex/rxjava4/internal/operators/flowable/FlowableCount.java wave9a Flowable* [0:15]
2026-08-09T17:16:12Z DONE src/main/java/io/reactivex/rxjava4/internal/operators/flowable/FlowableCountSingle.java wave9a Flowable* [0:15]
2026-08-09T17:16:12Z DONE src/main/java/io/reactivex/rxjava4/internal/operators/flowable/FlowableDebounce.java wave9a Flowable* [0:15]
2026-08-09T17:16:12Z DONE src/main/java/io/reactivex/rxjava4/internal/operators/flowable/FlowableDebounceTimed.java wave9b flowable operators [15:30]
2026-08-09T17:16:12Z DONE src/main/java/io/reactivex/rxjava4/internal/operators/flowable/FlowableDefer.java wave9b flowable operators [15:30]
2026-08-09T17:16:12Z DONE src/main/java/io/reactivex/rxjava4/internal/operators/flowable/FlowableDelay.java wave9b flowable operators [15:30]
2026-08-09T17:16:12Z DONE src/main/java/io/reactivex/rxjava4/internal/operators/flowable/FlowableDelaySubscriptionOther.java wave9b flowable operators [15:30]
2026-08-09T17:16:12Z DONE src/main/java/io/reactivex/rxjava4/internal/operators/flowable/FlowableDematerialize.java wave9b flowable operators [15:30]
2026-08-09T17:16:12Z DONE src/main/java/io/reactivex/rxjava4/internal/operators/flowable/FlowableDetach.java wave9b flowable operators [15:30]
2026-08-09T17:16:12Z DONE src/main/java/io/reactivex/rxjava4/internal/operators/flowable/FlowableDistinct.java wave9b flowable operators [15:30]
2026-08-09T17:16:12Z DONE src/main/java/io/reactivex/rxjava4/internal/operators/flowable/FlowableDistinctUntilChanged.java wave9b flowable operators [15:30]
2026-08-09T17:16:12Z DONE src/main/java/io/reactivex/rxjava4/internal/operators/flowable/FlowableDoAfterNext.java wave9b flowable operators [15:30]
2026-08-09T17:16:12Z DONE src/main/java/io/reactivex/rxjava4/internal/operators/flowable/FlowableDoFinally.java wave9b flowable operators [15:30]
2026-08-09T17:16:12Z DONE src/main/java/io/reactivex/rxjava4/internal/operators/flowable/FlowableDoOnEach.java wave9b flowable operators [15:30]
2026-08-09T17:16:12Z DONE src/main/java/io/reactivex/rxjava4/internal/operators/flowable/FlowableDoOnLifecycle.java wave9b flowable operators [15:30]
2026-08-09T17:16:12Z DONE src/main/java/io/reactivex/rxjava4/internal/operators/flowable/FlowableElementAt.java wave9b flowable operators [15:30]
2026-08-09T17:16:12Z DONE src/main/java/io/reactivex/rxjava4/internal/operators/flowable/FlowableElementAtMaybe.java wave9b flowable operators [15:30]
2026-08-09T17:16:12Z DONE src/main/java/io/reactivex/rxjava4/internal/operators/flowable/FlowableElementAtMaybePublisher.java wave9b flowable operators [15:30]
2026-08-09T17:17:55Z DONE src/main/java/io/reactivex/rxjava4/internal/operators/flowable/FlowableDebounceTimed.java wave9b flowable operators [15:30]
2026-08-09T17:17:55Z DONE src/main/java/io/reactivex/rxjava4/internal/operators/flowable/FlowableDefer.java wave9b flowable operators [15:30]
2026-08-09T17:17:55Z DONE src/main/java/io/reactivex/rxjava4/internal/operators/flowable/FlowableDelay.java wave9b flowable operators [15:30]
2026-08-09T17:17:55Z DONE src/main/java/io/reactivex/rxjava4/internal/operators/flowable/FlowableDelaySubscriptionOther.java wave9b flowable operators [15:30]
2026-08-09T17:17:55Z DONE src/main/java/io/reactivex/rxjava4/internal/operators/flowable/FlowableDematerialize.java wave9b flowable operators [15:30]
2026-08-09T17:17:55Z DONE src/main/java/io/reactivex/rxjava4/internal/operators/flowable/FlowableDetach.java wave9b flowable operators [15:30]
2026-08-09T17:17:55Z DONE src/main/java/io/reactivex/rxjava4/internal/operators/flowable/FlowableDistinct.java wave9b flowable operators [15:30]
2026-08-09T17:17:55Z DONE src/main/java/io/reactivex/rxjava4/internal/operators/flowable/FlowableDistinctUntilChanged.java wave9b flowable operators [15:30]
2026-08-09T17:17:55Z DONE src/main/java/io/reactivex/rxjava4/internal/operators/flowable/FlowableDoAfterNext.java wave9b flowable operators [15:30]
2026-08-09T17:17:55Z DONE src/main/java/io/reactivex/rxjava4/internal/operators/flowable/FlowableDoFinally.java wave9b flowable operators [15:30]
2026-08-09T17:17:55Z DONE src/main/java/io/reactivex/rxjava4/internal/operators/flowable/FlowableDoOnEach.java wave9b flowable operators [15:30]
2026-08-09T17:17:55Z DONE src/main/java/io/reactivex/rxjava4/internal/operators/flowable/FlowableDoOnLifecycle.java wave9b flowable operators [15:30]
2026-08-09T17:17:55Z DONE src/main/java/io/reactivex/rxjava4/internal/operators/flowable/FlowableElementAt.java wave9b flowable operators [15:30]
2026-08-09T17:17:55Z DONE src/main/java/io/reactivex/rxjava4/internal/operators/flowable/FlowableElementAtMaybe.java wave9b flowable operators [15:30]
2026-08-09T17:17:55Z DONE src/main/java/io/reactivex/rxjava4/internal/operators/flowable/FlowableElementAtMaybePublisher.java wave9b flowable operators [15:30]
2026-08-09T17:19:29Z DONE src/main/java/io/reactivex/rxjava4/internal/operators/flowable/FlowableDebounceTimed.java wave9b flowable operators [15:30]
2026-08-09T17:19:29Z DONE src/main/java/io/reactivex/rxjava4/internal/operators/flowable/FlowableDefer.java wave9b flowable operators [15:30]
2026-08-09T17:19:29Z DONE src/main/java/io/reactivex/rxjava4/internal/operators/flowable/FlowableDelay.java wave9b flowable operators [15:30]
2026-08-09T17:19:29Z DONE src/main/java/io/reactivex/rxjava4/internal/operators/flowable/FlowableDelaySubscriptionOther.java wave9b flowable operators [15:30]
2026-08-09T17:19:29Z DONE src/main/java/io/reactivex/rxjava4/internal/operators/flowable/FlowableDematerialize.java wave9b flowable operators [15:30]
2026-08-09T17:19:29Z DONE src/main/java/io/reactivex/rxjava4/internal/operators/flowable/FlowableDetach.java wave9b flowable operators [15:30]
2026-08-09T17:19:29Z DONE src/main/java/io/reactivex/rxjava4/internal/operators/flowable/FlowableDistinct.java wave9b flowable operators [15:30]
2026-08-09T17:19:29Z DONE src/main/java/io/reactivex/rxjava4/internal/operators/flowable/FlowableDistinctUntilChanged.java wave9b flowable operators [15:30]
2026-08-09T17:19:29Z DONE src/main/java/io/reactivex/rxjava4/internal/operators/flowable/FlowableDoAfterNext.java wave9b flowable operators [15:30]
2026-08-09T17:19:29Z DONE src/main/java/io/reactivex/rxjava4/internal/operators/flowable/FlowableDoFinally.java wave9b flowable operators [15:30]
2026-08-09T17:19:29Z DONE src/main/java/io/reactivex/rxjava4/internal/operators/flowable/FlowableDoOnEach.java wave9b flowable operators [15:30]
2026-08-09T17:19:29Z DONE src/main/java/io/reactivex/rxjava4/internal/operators/flowable/FlowableDoOnLifecycle.java wave9b flowable operators [15:30]
2026-08-09T17:19:29Z DONE src/main/java/io/reactivex/rxjava4/internal/operators/flowable/FlowableElementAt.java wave9b flowable operators [15:30]
2026-08-09T17:19:29Z DONE src/main/java/io/reactivex/rxjava4/internal/operators/flowable/FlowableElementAtMaybe.java wave9b flowable operators [15:30]
2026-08-09T17:19:29Z DONE src/main/java/io/reactivex/rxjava4/internal/operators/flowable/FlowableElementAtMaybePublisher.java wave9b flowable operators [15:30]
2026-08-09T17:20:15Z DONE src/main/java/io/reactivex/rxjava4/internal/operators/flowable/FlowableDebounceTimed.java wave9b flowable operators [15:30]
2026-08-09T17:20:15Z DONE src/main/java/io/reactivex/rxjava4/internal/operators/flowable/FlowableDefer.java wave9b flowable operators [15:30]
2026-08-09T17:20:15Z DONE src/main/java/io/reactivex/rxjava4/internal/operators/flowable/FlowableDelay.java wave9b flowable operators [15:30]
2026-08-09T17:20:15Z DONE src/main/java/io/reactivex/rxjava4/internal/operators/flowable/FlowableDelaySubscriptionOther.java wave9b flowable operators [15:30]
2026-08-09T17:20:15Z DONE src/main/java/io/reactivex/rxjava4/internal/operators/flowable/FlowableDematerialize.java wave9b flowable operators [15:30]
2026-08-09T17:20:15Z DONE src/main/java/io/reactivex/rxjava4/internal/operators/flowable/FlowableDetach.java wave9b flowable operators [15:30]
2026-08-09T17:20:15Z DONE src/main/java/io/reactivex/rxjava4/internal/operators/flowable/FlowableDistinct.java wave9b flowable operators [15:30]
2026-08-09T17:20:15Z DONE src/main/java/io/reactivex/rxjava4/internal/operators/flowable/FlowableDistinctUntilChanged.java wave9b flowable operators [15:30]
2026-08-09T17:20:15Z DONE src/main/java/io/reactivex/rxjava4/internal/operators/flowable/FlowableDoAfterNext.java wave9b flowable operators [15:30]
2026-08-09T17:20:15Z DONE src/main/java/io/reactivex/rxjava4/internal/operators/flowable/FlowableDoFinally.java wave9b flowable operators [15:30]
2026-08-09T17:20:15Z DONE src/main/java/io/reactivex/rxjava4/internal/operators/flowable/FlowableDoOnEach.java wave9b flowable operators [15:30]
2026-08-09T17:20:15Z DONE src/main/java/io/reactivex/rxjava4/internal/operators/flowable/FlowableDoOnLifecycle.java wave9b flowable operators [15:30]
2026-08-09T17:20:15Z DONE src/main/java/io/reactivex/rxjava4/internal/operators/flowable/FlowableElementAt.java wave9b flowable operators [15:30]
2026-08-09T17:20:15Z DONE src/main/java/io/reactivex/rxjava4/internal/operators/flowable/FlowableElementAtMaybe.java wave9b flowable operators [15:30]
2026-08-09T17:20:15Z DONE src/main/java/io/reactivex/rxjava4/internal/operators/flowable/FlowableElementAtMaybePublisher.java wave9b flowable operators [15:30]
2026-08-09T17:22:17Z DONE src/main/java/io/reactivex/rxjava4/internal/operators/flowable/FlowableElementAtSingle.java wave10a Flowable* [0:15]
2026-08-09T17:22:17Z DONE src/main/java/io/reactivex/rxjava4/internal/operators/flowable/FlowableEmpty.java wave10a Flowable* [0:15]
2026-08-09T17:22:17Z DONE src/main/java/io/reactivex/rxjava4/internal/operators/flowable/FlowableError.java wave10a Flowable* [0:15]
2026-08-09T17:22:17Z DONE src/main/java/io/reactivex/rxjava4/internal/operators/flowable/FlowableFilter.java wave10a Flowable* [0:15]
2026-08-09T17:22:17Z DONE src/main/java/io/reactivex/rxjava4/internal/operators/flowable/FlowableFlatMapCompletable.java wave10a Flowable* [0:15]
2026-08-09T17:22:17Z DONE src/main/java/io/reactivex/rxjava4/internal/operators/flowable/FlowableFlatMapCompletableCompletable.java wave10a Flowable* [0:15]
2026-08-09T17:22:17Z DONE src/main/java/io/reactivex/rxjava4/internal/operators/flowable/FlowableFlatMapMaybePublisher.java wave10a Flowable* [0:15]
2026-08-09T17:22:17Z DONE src/main/java/io/reactivex/rxjava4/internal/operators/flowable/FlowableFlatMapSingle.java wave10a Flowable* [0:15]
2026-08-09T17:22:17Z DONE src/main/java/io/reactivex/rxjava4/internal/operators/flowable/FlowableFlatMapSinglePublisher.java wave10a Flowable* [0:15]
2026-08-09T17:22:17Z DONE src/main/java/io/reactivex/rxjava4/internal/operators/flowable/FlowableFromAction.java wave10a Flowable* [0:15]
2026-08-09T17:22:17Z DONE src/main/java/io/reactivex/rxjava4/internal/operators/flowable/FlowableFromArray.java wave10a Flowable* [0:15]
2026-08-09T17:22:17Z DONE src/main/java/io/reactivex/rxjava4/internal/operators/flowable/FlowableFromCallable.java wave10a Flowable* [0:15]
2026-08-09T17:22:17Z DONE src/main/java/io/reactivex/rxjava4/internal/operators/flowable/FlowableFromCompletable.java wave10a Flowable* [0:15]
2026-08-09T17:22:17Z DONE src/main/java/io/reactivex/rxjava4/internal/operators/flowable/FlowableFromFuture.java wave10a Flowable* [0:15]
2026-08-09T17:22:17Z DONE src/main/java/io/reactivex/rxjava4/internal/operators/flowable/FlowableFromObservable.java wave10a Flowable* [0:15]
2026-08-09T17:22:19Z DONE src/main/java/io/reactivex/rxjava4/internal/operators/flowable/FlowableFromPublisher.java wave10b Flowable* [15:30]
2026-08-09T17:22:19Z DONE src/main/java/io/reactivex/rxjava4/internal/operators/flowable/FlowableFromRunnable.java wave10b Flowable* [15:30]
2026-08-09T17:22:19Z DONE src/main/java/io/reactivex/rxjava4/internal/operators/flowable/FlowableFromSupplier.java wave10b Flowable* [15:30]
2026-08-09T17:22:19Z DONE src/main/java/io/reactivex/rxjava4/internal/operators/flowable/FlowableGenerate.java wave10b Flowable* [15:30]
2026-08-09T17:22:19Z DONE src/main/java/io/reactivex/rxjava4/internal/operators/flowable/FlowableHide.java wave10b Flowable* [15:30]
2026-08-09T17:22:19Z DONE src/main/java/io/reactivex/rxjava4/internal/operators/flowable/FlowableIgnoreElements.java wave10b Flowable* [15:30]
2026-08-09T17:22:19Z DONE src/main/java/io/reactivex/rxjava4/internal/operators/flowable/FlowableIgnoreElementsCompletable.java wave10b Flowable* [15:30]
2026-08-09T17:22:19Z DONE src/main/java/io/reactivex/rxjava4/internal/operators/flowable/FlowableInternalHelper.java wave10b Flowable* [15:30]
2026-08-09T17:22:19Z DONE src/main/java/io/reactivex/rxjava4/internal/operators/flowable/FlowableInterval.java wave10b Flowable* [15:30]
2026-08-09T17:22:19Z DONE src/main/java/io/reactivex/rxjava4/internal/operators/flowable/FlowableIntervalRange.java wave10b Flowable* [15:30]
2026-08-09T17:22:19Z DONE src/main/java/io/reactivex/rxjava4/internal/operators/flowable/FlowableJust.java wave10b Flowable* [15:30]
2026-08-09T17:22:19Z DONE src/main/java/io/reactivex/rxjava4/internal/operators/flowable/FlowableLastMaybe.java wave10b Flowable* [15:30]
2026-08-09T17:22:19Z DONE src/main/java/io/reactivex/rxjava4/internal/operators/flowable/FlowableLastSingle.java wave10b Flowable* [15:30]
2026-08-09T17:22:19Z DONE src/main/java/io/reactivex/rxjava4/internal/operators/flowable/FlowableLift.java wave10b Flowable* [15:30]
2026-08-09T17:22:19Z DONE src/main/java/io/reactivex/rxjava4/internal/operators/flowable/FlowableMap.java wave10b Flowable* [15:30]
2026-08-09T17:25:18Z DONE src/main/java/io/reactivex/rxjava4/internal/operators/flowable/FlowableOnErrorNext.java wave11b Flowable* [15:30]
2026-08-09T17:25:18Z DONE src/main/java/io/reactivex/rxjava4/internal/operators/flowable/FlowableOnErrorReturn.java wave11b Flowable* [15:30]
2026-08-09T17:25:18Z DONE src/main/java/io/reactivex/rxjava4/internal/operators/flowable/FlowableRange.java wave11b Flowable* [15:30]
2026-08-09T17:25:18Z DONE src/main/java/io/reactivex/rxjava4/internal/operators/flowable/FlowableRangeLong.java wave11b Flowable* [15:30]
2026-08-09T17:25:18Z DONE src/main/java/io/reactivex/rxjava4/internal/operators/flowable/FlowableReduce.java wave11b Flowable* [15:30]
2026-08-09T17:25:18Z DONE src/main/java/io/reactivex/rxjava4/internal/operators/flowable/FlowableReduceMaybe.java wave11b Flowable* [15:30]
2026-08-09T17:25:18Z DONE src/main/java/io/reactivex/rxjava4/internal/operators/flowable/FlowableReduceSeedSingle.java wave11b Flowable* [15:30]
2026-08-09T17:25:18Z DONE src/main/java/io/reactivex/rxjava4/internal/operators/flowable/FlowableReduceWithSingle.java wave11b Flowable* [15:30]
2026-08-09T17:25:18Z DONE src/main/java/io/reactivex/rxjava4/internal/operators/flowable/FlowableRefCount.java wave11b Flowable* [15:30]
2026-08-09T17:25:18Z DONE src/main/java/io/reactivex/rxjava4/internal/operators/flowable/FlowableRepeat.java wave11b Flowable* [15:30]
2026-08-09T17:25:18Z DONE src/main/java/io/reactivex/rxjava4/internal/operators/flowable/FlowableRepeatUntil.java wave11b Flowable* [15:30]
2026-08-09T17:25:18Z DONE src/main/java/io/reactivex/rxjava4/internal/operators/flowable/FlowableRepeatWhen.java wave11b Flowable* [15:30]
2026-08-09T17:25:18Z DONE src/main/java/io/reactivex/rxjava4/internal/operators/flowable/FlowableRetryBiPredicate.java wave11b Flowable* [15:30]
2026-08-09T17:25:18Z DONE src/main/java/io/reactivex/rxjava4/internal/operators/flowable/FlowableRetryPredicate.java wave11b Flowable* [15:30]
2026-08-09T17:25:18Z DONE src/main/java/io/reactivex/rxjava4/internal/operators/flowable/FlowableRetryWhen.java wave11b Flowable* [15:30]
2026-08-09T17:25:33Z DONE src/main/java/io/reactivex/rxjava4/internal/operators/flowable/FlowableMapNotification.java wave11a Flowable* [0:15]
2026-08-09T17:25:33Z DONE src/main/java/io/reactivex/rxjava4/internal/operators/flowable/FlowableMapPublisher.java wave11a Flowable* [0:15]
2026-08-09T17:25:33Z DONE src/main/java/io/reactivex/rxjava4/internal/operators/flowable/FlowableMaterialize.java wave11a Flowable* [0:15]
2026-08-09T17:25:33Z DONE src/main/java/io/reactivex/rxjava4/internal/operators/flowable/FlowableMergeWithCompletable.java wave11a Flowable* [0:15]
2026-08-09T17:25:33Z DONE src/main/java/io/reactivex/rxjava4/internal/operators/flowable/FlowableMergeWithMaybe.java wave11a Flowable* [0:15]
2026-08-09T17:25:33Z DONE src/main/java/io/reactivex/rxjava4/internal/operators/flowable/FlowableMergeWithSingle.java wave11a Flowable* [0:15]
2026-08-09T17:25:33Z DONE src/main/java/io/reactivex/rxjava4/internal/operators/flowable/FlowableNever.java wave11a Flowable* [0:15]
2026-08-09T17:25:33Z DONE src/main/java/io/reactivex/rxjava4/internal/operators/flowable/FlowableOnBackpressureBuffer.java wave11a Flowable* [0:15]
2026-08-09T17:25:33Z DONE src/main/java/io/reactivex/rxjava4/internal/operators/flowable/FlowableOnBackpressureBufferStrategy.java wave11a Flowable* [0:15]
2026-08-09T17:25:33Z DONE src/main/java/io/reactivex/rxjava4/internal/operators/flowable/FlowableOnBackpressureDrop.java wave11a Flowable* [0:15]
2026-08-09T17:25:33Z DONE src/main/java/io/reactivex/rxjava4/internal/operators/flowable/FlowableOnBackpressureError.java wave11a Flowable* [0:15]
2026-08-09T17:25:33Z DONE src/main/java/io/reactivex/rxjava4/internal/operators/flowable/FlowableOnBackpressureLatest.java wave11a Flowable* [0:15]
2026-08-09T17:25:33Z DONE src/main/java/io/reactivex/rxjava4/internal/operators/flowable/FlowableOnBackpressureReduce.java wave11a Flowable* [0:15]
2026-08-09T17:25:33Z DONE src/main/java/io/reactivex/rxjava4/internal/operators/flowable/FlowableOnBackpressureReduceWith.java wave11a Flowable* [0:15]
2026-08-09T17:25:33Z DONE src/main/java/io/reactivex/rxjava4/internal/operators/flowable/FlowableOnErrorComplete.java wave11a Flowable* [0:15]
2026-08-09T17:25:58Z DONE src/main/java/io/reactivex/rxjava4/internal/operators/flowable/FlowableMapNotification.java wave11a Flowable* [0:15]
2026-08-09T17:25:58Z DONE src/main/java/io/reactivex/rxjava4/internal/operators/flowable/FlowableMapPublisher.java wave11a Flowable* [0:15]
2026-08-09T17:25:58Z DONE src/main/java/io/reactivex/rxjava4/internal/operators/flowable/FlowableMaterialize.java wave11a Flowable* [0:15]
2026-08-09T17:25:58Z DONE src/main/java/io/reactivex/rxjava4/internal/operators/flowable/FlowableMergeWithCompletable.java wave11a Flowable* [0:15]
2026-08-09T17:25:58Z DONE src/main/java/io/reactivex/rxjava4/internal/operators/flowable/FlowableMergeWithMaybe.java wave11a Flowable* [0:15]
2026-08-09T17:25:58Z DONE src/main/java/io/reactivex/rxjava4/internal/operators/flowable/FlowableMergeWithSingle.java wave11a Flowable* [0:15]
2026-08-09T17:25:58Z DONE src/main/java/io/reactivex/rxjava4/internal/operators/flowable/FlowableNever.java wave11a Flowable* [0:15]
2026-08-09T17:25:58Z DONE src/main/java/io/reactivex/rxjava4/internal/operators/flowable/FlowableOnBackpressureBuffer.java wave11a Flowable* [0:15]
2026-08-09T17:25:58Z DONE src/main/java/io/reactivex/rxjava4/internal/operators/flowable/FlowableOnBackpressureBufferStrategy.java wave11a Flowable* [0:15]
2026-08-09T17:25:58Z DONE src/main/java/io/reactivex/rxjava4/internal/operators/flowable/FlowableOnBackpressureDrop.java wave11a Flowable* [0:15]
2026-08-09T17:25:58Z DONE src/main/java/io/reactivex/rxjava4/internal/operators/flowable/FlowableOnBackpressureError.java wave11a Flowable* [0:15]
2026-08-09T17:25:58Z DONE src/main/java/io/reactivex/rxjava4/internal/operators/flowable/FlowableOnBackpressureLatest.java wave11a Flowable* [0:15]
2026-08-09T17:25:58Z DONE src/main/java/io/reactivex/rxjava4/internal/operators/flowable/FlowableOnBackpressureReduce.java wave11a Flowable* [0:15]
2026-08-09T17:25:58Z DONE src/main/java/io/reactivex/rxjava4/internal/operators/flowable/FlowableOnBackpressureReduceWith.java wave11a Flowable* [0:15]
2026-08-09T17:25:58Z DONE src/main/java/io/reactivex/rxjava4/internal/operators/flowable/FlowableOnErrorComplete.java wave11a Flowable* [0:15]
2026-08-09T17:27:25Z DONE src/main/java/io/reactivex/rxjava4/internal/operators/flowable/FlowableSkipWhile.java wave12b Flowable* [15:30]
2026-08-09T17:27:25Z DONE src/main/java/io/reactivex/rxjava4/internal/operators/flowable/FlowableSubscribeOn.java wave12b Flowable* [15:30]
2026-08-09T17:27:25Z DONE src/main/java/io/reactivex/rxjava4/internal/operators/flowable/FlowableSwitchIfEmpty.java wave12b Flowable* [15:30]
2026-08-09T17:27:25Z DONE src/main/java/io/reactivex/rxjava4/internal/operators/flowable/FlowableTake.java wave12b Flowable* [15:30]
2026-08-09T17:27:25Z DONE src/main/java/io/reactivex/rxjava4/internal/operators/flowable/FlowableTakeLast.java wave12b Flowable* [15:30]
2026-08-09T17:27:25Z DONE src/main/java/io/reactivex/rxjava4/internal/operators/flowable/FlowableTakeLastOne.java wave12b Flowable* [15:30]
2026-08-09T17:27:25Z DONE src/main/java/io/reactivex/rxjava4/internal/operators/flowable/FlowableTakeLastTimed.java wave12b Flowable* [15:30]
2026-08-09T17:27:25Z DONE src/main/java/io/reactivex/rxjava4/internal/operators/flowable/FlowableTakePublisher.java wave12b Flowable* [15:30]
2026-08-09T17:27:25Z DONE src/main/java/io/reactivex/rxjava4/internal/operators/flowable/FlowableTakeUntil.java wave12b Flowable* [15:30]
2026-08-09T17:27:25Z DONE src/main/java/io/reactivex/rxjava4/internal/operators/flowable/FlowableTakeUntilPredicate.java wave12b Flowable* [15:30]
2026-08-09T17:27:25Z DONE src/main/java/io/reactivex/rxjava4/internal/operators/flowable/FlowableTakeWhile.java wave12b Flowable* [15:30]
2026-08-09T17:27:25Z DONE src/main/java/io/reactivex/rxjava4/internal/operators/flowable/FlowableThrottleFirstTimed.java wave12b Flowable* [15:30]
2026-08-09T17:27:25Z DONE src/main/java/io/reactivex/rxjava4/internal/operators/flowable/FlowableThrottleLatest.java wave12b Flowable* [15:30]
2026-08-09T17:27:25Z DONE src/main/java/io/reactivex/rxjava4/internal/operators/flowable/FlowableTimeInterval.java wave12b Flowable* [15:30]
2026-08-09T17:27:25Z DONE src/main/java/io/reactivex/rxjava4/internal/operators/flowable/FlowableTimeout.java wave12b Flowable* [15:30]
2026-08-09T17:27:26Z DONE src/main/java/io/reactivex/rxjava4/internal/operators/flowable/FlowableSamplePublisher.java wave12a Flowable* [0:15]
2026-08-09T17:27:26Z DONE src/main/java/io/reactivex/rxjava4/internal/operators/flowable/FlowableSampleTimed.java wave12a Flowable* [0:15]
2026-08-09T17:27:26Z DONE src/main/java/io/reactivex/rxjava4/internal/operators/flowable/FlowableScalarXMap.java wave12a Flowable* [0:15]
2026-08-09T17:27:26Z DONE src/main/java/io/reactivex/rxjava4/internal/operators/flowable/FlowableScan.java wave12a Flowable* [0:15]
2026-08-09T17:27:26Z DONE src/main/java/io/reactivex/rxjava4/internal/operators/flowable/FlowableScanSeed.java wave12a Flowable* [0:15]
2026-08-09T17:27:26Z DONE src/main/java/io/reactivex/rxjava4/internal/operators/flowable/FlowableSequenceEqual.java wave12a Flowable* [0:15]
2026-08-09T17:27:26Z DONE src/main/java/io/reactivex/rxjava4/internal/operators/flowable/FlowableSequenceEqualSingle.java wave12a Flowable* [0:15]
2026-08-09T17:27:26Z DONE src/main/java/io/reactivex/rxjava4/internal/operators/flowable/FlowableSerialized.java wave12a Flowable* [0:15]
2026-08-09T17:27:26Z DONE src/main/java/io/reactivex/rxjava4/internal/operators/flowable/FlowableSingle.java wave12a Flowable* [0:15]
2026-08-09T17:27:26Z DONE src/main/java/io/reactivex/rxjava4/internal/operators/flowable/FlowableSingleMaybe.java wave12a Flowable* [0:15]
2026-08-09T17:27:26Z DONE src/main/java/io/reactivex/rxjava4/internal/operators/flowable/FlowableSingleSingle.java wave12a Flowable* [0:15]
2026-08-09T17:27:26Z DONE src/main/java/io/reactivex/rxjava4/internal/operators/flowable/FlowableSkip.java wave12a Flowable* [0:15]
2026-08-09T17:27:26Z DONE src/main/java/io/reactivex/rxjava4/internal/operators/flowable/FlowableSkipLast.java wave12a Flowable* [0:15]
2026-08-09T17:27:26Z DONE src/main/java/io/reactivex/rxjava4/internal/operators/flowable/FlowableSkipLastTimed.java wave12a Flowable* [0:15]
2026-08-09T17:27:26Z DONE src/main/java/io/reactivex/rxjava4/internal/operators/flowable/FlowableSkipUntil.java wave12a Flowable* [0:15]
2026-08-09T17:30:48Z DONE src/main/java/io/reactivex/rxjava4/internal/operators/maybe/MaybeConcatArray.java wave13b Maybe* [15:30]
2026-08-09T17:30:48Z DONE src/main/java/io/reactivex/rxjava4/internal/operators/maybe/MaybeConcatArrayDelayError.java wave13b Maybe* [15:30]
2026-08-09T17:30:48Z DONE src/main/java/io/reactivex/rxjava4/internal/operators/maybe/MaybeConcatIterable.java wave13b Maybe* [15:30]
2026-08-09T17:30:48Z DONE src/main/java/io/reactivex/rxjava4/internal/operators/maybe/MaybeContains.java wave13b Maybe* [15:30]
2026-08-09T17:30:48Z DONE src/main/java/io/reactivex/rxjava4/internal/operators/maybe/MaybeCount.java wave13b Maybe* [15:30]
2026-08-09T17:30:48Z DONE src/main/java/io/reactivex/rxjava4/internal/operators/maybe/MaybeCreate.java wave13b Maybe* [15:30]
2026-08-09T17:30:48Z DONE src/main/java/io/reactivex/rxjava4/internal/operators/maybe/MaybeDefer.java wave13b Maybe* [15:30]
2026-08-09T17:30:48Z DONE src/main/java/io/reactivex/rxjava4/internal/operators/maybe/MaybeDelay.java wave13b Maybe* [15:30]
2026-08-09T17:30:48Z DONE src/main/java/io/reactivex/rxjava4/internal/operators/maybe/MaybeDelayOtherPublisher.java wave13b Maybe* [15:30]
2026-08-09T17:30:48Z DONE src/main/java/io/reactivex/rxjava4/internal/operators/maybe/MaybeDelaySubscriptionOtherPublisher.java wave13b Maybe* [15:30]
2026-08-09T17:30:48Z DONE src/main/java/io/reactivex/rxjava4/internal/operators/maybe/MaybeDelayWithCompletable.java wave13b Maybe* [15:30]
2026-08-09T17:30:48Z DONE src/main/java/io/reactivex/rxjava4/internal/operators/maybe/MaybeDematerialize.java wave13b Maybe* [15:30]
2026-08-09T17:30:48Z DONE src/main/java/io/reactivex/rxjava4/internal/operators/maybe/MaybeDetach.java wave13b Maybe* [15:30]
2026-08-09T17:30:48Z DONE src/main/java/io/reactivex/rxjava4/internal/operators/maybe/MaybeDoAfterSuccess.java wave13b Maybe* [15:30]
2026-08-09T17:30:48Z DONE src/main/java/io/reactivex/rxjava4/internal/operators/maybe/MaybeDoFinally.java wave13b Maybe* [15:30]
2026-08-09T17:30:50Z DONE src/main/java/io/reactivex/rxjava4/internal/operators/flowable/FlowableTimeoutTimed.java wave13a Flowable*/Maybe* [0:15]
2026-08-09T17:30:50Z DONE src/main/java/io/reactivex/rxjava4/internal/operators/flowable/FlowableTimer.java wave13a Flowable*/Maybe* [0:15]
2026-08-09T17:30:50Z DONE src/main/java/io/reactivex/rxjava4/internal/operators/flowable/FlowableToList.java wave13a Flowable*/Maybe* [0:15]
2026-08-09T17:30:50Z DONE src/main/java/io/reactivex/rxjava4/internal/operators/flowable/FlowableToListSingle.java wave13a Flowable*/Maybe* [0:15]
2026-08-09T17:30:50Z DONE src/main/java/io/reactivex/rxjava4/internal/operators/flowable/FlowableUnsubscribeOn.java wave13a Flowable*/Maybe* [0:15]
2026-08-09T17:30:50Z DONE src/main/java/io/reactivex/rxjava4/internal/operators/flowable/FlowableUsing.java wave13a Flowable*/Maybe* [0:15]
2026-08-09T17:30:50Z DONE src/main/java/io/reactivex/rxjava4/internal/operators/flowable/FlowableWindowBoundary.java wave13a Flowable*/Maybe* [0:15]
2026-08-09T17:30:50Z DONE src/main/java/io/reactivex/rxjava4/internal/operators/flowable/FlowableWindowSubscribeIntercept.java wave13a Flowable*/Maybe* [0:15]
2026-08-09T17:30:50Z DONE src/main/java/io/reactivex/rxjava4/internal/operators/flowable/FlowableWithLatestFrom.java wave13a Flowable*/Maybe* [0:15]
2026-08-09T17:30:50Z DONE src/main/java/io/reactivex/rxjava4/internal/operators/flowable/FlowableWithLatestFromMany.java wave13a Flowable*/Maybe* [0:15]
2026-08-09T17:30:50Z DONE src/main/java/io/reactivex/rxjava4/internal/operators/flowable/FlowableZipIterable.java wave13a Flowable*/Maybe* [0:15]
2026-08-09T17:30:50Z DONE src/main/java/io/reactivex/rxjava4/internal/operators/maybe/AbstractMaybeWithUpstream.java wave13a Flowable*/Maybe* [0:15]
2026-08-09T17:30:50Z DONE src/main/java/io/reactivex/rxjava4/internal/operators/maybe/MaybeAmb.java wave13a Flowable*/Maybe* [0:15]
2026-08-09T17:30:50Z DONE src/main/java/io/reactivex/rxjava4/internal/operators/maybe/MaybeCache.java wave13a Flowable*/Maybe* [0:15]
2026-08-09T17:30:50Z DONE src/main/java/io/reactivex/rxjava4/internal/operators/maybe/MaybeCallbackObserver.java wave13a Flowable*/Maybe* [0:15]
2026-08-09T17:34:49Z DONE src/main/java/io/reactivex/rxjava4/internal/operators/maybe/MaybeFlatten.java wave14b Maybe* [15:30]
2026-08-09T17:34:49Z DONE src/main/java/io/reactivex/rxjava4/internal/operators/maybe/MaybeFromAction.java wave14b Maybe* [15:30]
2026-08-09T17:34:49Z DONE src/main/java/io/reactivex/rxjava4/internal/operators/maybe/MaybeFromCallable.java wave14b Maybe* [15:30]
2026-08-09T17:34:49Z DONE src/main/java/io/reactivex/rxjava4/internal/operators/maybe/MaybeFromCompletable.java wave14b Maybe* [15:30]
2026-08-09T17:34:49Z DONE src/main/java/io/reactivex/rxjava4/internal/operators/maybe/MaybeFromFuture.java wave14b Maybe* [15:30]
2026-08-09T17:34:49Z DONE src/main/java/io/reactivex/rxjava4/internal/operators/maybe/MaybeFromRunnable.java wave14b Maybe* [15:30]
2026-08-09T17:34:49Z DONE src/main/java/io/reactivex/rxjava4/internal/operators/maybe/MaybeFromSingle.java wave14b Maybe* [15:30]
2026-08-09T17:34:49Z DONE src/main/java/io/reactivex/rxjava4/internal/operators/maybe/MaybeFromSupplier.java wave14b Maybe* [15:30]
2026-08-09T17:34:49Z DONE src/main/java/io/reactivex/rxjava4/internal/operators/maybe/MaybeHide.java wave14b Maybe* [15:30]
2026-08-09T17:34:49Z DONE src/main/java/io/reactivex/rxjava4/internal/operators/maybe/MaybeIgnoreElement.java wave14b Maybe* [15:30]
2026-08-09T17:34:49Z DONE src/main/java/io/reactivex/rxjava4/internal/operators/maybe/MaybeIgnoreElementCompletable.java wave14b Maybe* [15:30]
2026-08-09T17:34:49Z DONE src/main/java/io/reactivex/rxjava4/internal/operators/maybe/MaybeIsEmpty.java wave14b Maybe* [15:30]
2026-08-09T17:34:49Z DONE src/main/java/io/reactivex/rxjava4/internal/operators/maybe/MaybeIsEmptySingle.java wave14b Maybe* [15:30]
2026-08-09T17:34:49Z DONE src/main/java/io/reactivex/rxjava4/internal/operators/maybe/MaybeJust.java wave14b Maybe* [15:30]
2026-08-09T17:34:49Z DONE src/main/java/io/reactivex/rxjava4/internal/operators/maybe/MaybeLift.java wave14b Maybe* [15:30]
2026-08-09T17:34:53Z DONE src/main/java/io/reactivex/rxjava4/internal/operators/maybe/MaybeDoOnEvent.java wave14a Maybe* [0:15]
2026-08-09T17:34:53Z DONE src/main/java/io/reactivex/rxjava4/internal/operators/maybe/MaybeDoOnLifecycle.java wave14a Maybe* [0:15]
2026-08-09T17:34:53Z DONE src/main/java/io/reactivex/rxjava4/internal/operators/maybe/MaybeDoOnTerminate.java wave14a Maybe* [0:15]
2026-08-09T17:34:53Z DONE src/main/java/io/reactivex/rxjava4/internal/operators/maybe/MaybeEmpty.java wave14a Maybe* [0:15]
2026-08-09T17:34:53Z DONE src/main/java/io/reactivex/rxjava4/internal/operators/maybe/MaybeEqualSingle.java wave14a Maybe* [0:15]
2026-08-09T17:34:53Z DONE src/main/java/io/reactivex/rxjava4/internal/operators/maybe/MaybeError.java wave14a Maybe* [0:15]
2026-08-09T17:34:53Z DONE src/main/java/io/reactivex/rxjava4/internal/operators/maybe/MaybeErrorCallable.java wave14a Maybe* [0:15]
2026-08-09T17:34:53Z DONE src/main/java/io/reactivex/rxjava4/internal/operators/maybe/MaybeFilter.java wave14a Maybe* [0:15]
2026-08-09T17:34:53Z DONE src/main/java/io/reactivex/rxjava4/internal/operators/maybe/MaybeFilterSingle.java wave14a Maybe* [0:15]
2026-08-09T17:34:53Z DONE src/main/java/io/reactivex/rxjava4/internal/operators/maybe/MaybeFlatMapBiSelector.java wave14a Maybe* [0:15]
2026-08-09T17:34:53Z DONE src/main/java/io/reactivex/rxjava4/internal/operators/maybe/MaybeFlatMapCompletable.java wave14a Maybe* [0:15]
2026-08-09T17:34:53Z DONE src/main/java/io/reactivex/rxjava4/internal/operators/maybe/MaybeFlatMapIterableFlowable.java wave14a Maybe* [0:15]
2026-08-09T17:34:53Z DONE src/main/java/io/reactivex/rxjava4/internal/operators/maybe/MaybeFlatMapIterableObservable.java wave14a Maybe* [0:15]
2026-08-09T17:34:53Z DONE src/main/java/io/reactivex/rxjava4/internal/operators/maybe/MaybeFlatMapNotification.java wave14a Maybe* [0:15]
2026-08-09T17:34:53Z DONE src/main/java/io/reactivex/rxjava4/internal/operators/maybe/MaybeFlatMapSingle.java wave14a Maybe* [0:15]
2026-08-09T17:39:56Z DONE src/main/java/io/reactivex/rxjava4/internal/operators/maybe/MaybeMap.java wave15a
2026-08-09T17:39:56Z DONE src/main/java/io/reactivex/rxjava4/internal/operators/maybe/MaybeMaterialize.java wave15a
2026-08-09T17:39:56Z DONE src/main/java/io/reactivex/rxjava4/internal/operators/maybe/MaybeNever.java wave15a
2026-08-09T17:39:56Z DONE src/main/java/io/reactivex/rxjava4/internal/operators/maybe/MaybeObserveOn.java wave15a
2026-08-09T17:39:56Z DONE src/main/java/io/reactivex/rxjava4/internal/operators/maybe/MaybeOnErrorComplete.java wave15a
2026-08-09T17:39:56Z DONE src/main/java/io/reactivex/rxjava4/internal/operators/maybe/MaybeOnErrorNext.java wave15a
2026-08-09T17:39:56Z DONE src/main/java/io/reactivex/rxjava4/internal/operators/maybe/MaybeOnErrorReturn.java wave15a
2026-08-09T17:39:56Z DONE src/main/java/io/reactivex/rxjava4/internal/operators/maybe/MaybePeek.java wave15a
2026-08-09T17:39:56Z DONE src/main/java/io/reactivex/rxjava4/internal/operators/maybe/MaybeSubscribeOn.java wave15a
2026-08-09T17:39:56Z DONE src/main/java/io/reactivex/rxjava4/internal/operators/maybe/MaybeSwitchIfEmpty.java wave15a
2026-08-09T17:39:56Z DONE src/main/java/io/reactivex/rxjava4/internal/operators/maybe/MaybeSwitchIfEmptySingle.java wave15a
2026-08-09T17:39:56Z DONE src/main/java/io/reactivex/rxjava4/internal/operators/maybe/MaybeTakeUntilMaybe.java wave15a
2026-08-09T17:39:56Z DONE src/main/java/io/reactivex/rxjava4/internal/operators/maybe/MaybeTakeUntilPublisher.java wave15a
2026-08-09T17:39:56Z DONE src/main/java/io/reactivex/rxjava4/internal/operators/maybe/MaybeTimeInterval.java wave15a
2026-08-09T17:39:56Z DONE src/main/java/io/reactivex/rxjava4/internal/operators/maybe/MaybeTimeoutMaybe.java wave15a
2026-08-09T17:39:59Z DONE src/main/java/io/reactivex/rxjava4/internal/operators/maybe/MaybeTimeoutPublisher.java wave15b
2026-08-09T17:39:59Z DONE src/main/java/io/reactivex/rxjava4/internal/operators/maybe/MaybeTimer.java wave15b
2026-08-09T17:39:59Z DONE src/main/java/io/reactivex/rxjava4/internal/operators/maybe/MaybeToFlowable.java wave15b
2026-08-09T17:39:59Z DONE src/main/java/io/reactivex/rxjava4/internal/operators/maybe/MaybeToObservable.java wave15b
2026-08-09T17:39:59Z DONE src/main/java/io/reactivex/rxjava4/internal/operators/maybe/MaybeToPublisher.java wave15b
2026-08-09T17:39:59Z DONE src/main/java/io/reactivex/rxjava4/internal/operators/maybe/MaybeToSingle.java wave15b
2026-08-09T17:39:59Z DONE src/main/java/io/reactivex/rxjava4/internal/operators/maybe/MaybeUnsafeCreate.java wave15b
2026-08-09T17:39:59Z DONE src/main/java/io/reactivex/rxjava4/internal/operators/maybe/MaybeUnsubscribeOn.java wave15b
2026-08-09T17:39:59Z DONE src/main/java/io/reactivex/rxjava4/internal/operators/maybe/MaybeUsing.java wave15b
2026-08-09T17:39:59Z DONE src/main/java/io/reactivex/rxjava4/internal/operators/maybe/MaybeZipArray.java wave15b
2026-08-09T17:39:59Z DONE src/main/java/io/reactivex/rxjava4/internal/operators/maybe/MaybeZipIterable.java wave15b
2026-08-09T17:39:59Z DONE src/main/java/io/reactivex/rxjava4/internal/operators/mixed/CompletableAndThenObservable.java wave15b
2026-08-09T17:39:59Z DONE src/main/java/io/reactivex/rxjava4/internal/operators/mixed/CompletableAndThenPublisher.java wave15b
2026-08-09T17:39:59Z DONE src/main/java/io/reactivex/rxjava4/internal/operators/mixed/ConcatMapXMainObserver.java wave15b
2026-08-09T17:39:59Z DONE src/main/java/io/reactivex/rxjava4/internal/operators/mixed/ConcatMapXMainSubscriber.java wave15b
2026-08-09T17:45:05Z DONE src/main/java/io/reactivex/rxjava4/internal/operators/mixed/ObservableConcatMapMaybe.java wave16b
2026-08-09T17:45:05Z DONE src/main/java/io/reactivex/rxjava4/internal/operators/mixed/ObservableConcatMapSingle.java wave16b
2026-08-09T17:45:05Z DONE src/main/java/io/reactivex/rxjava4/internal/operators/mixed/ObservableSwitchMapCompletable.java wave16b
2026-08-09T17:45:05Z DONE src/main/java/io/reactivex/rxjava4/internal/operators/mixed/ObservableSwitchMapMaybe.java wave16b
2026-08-09T17:45:05Z DONE src/main/java/io/reactivex/rxjava4/internal/operators/mixed/ObservableSwitchMapSingle.java wave16b
2026-08-09T17:45:05Z DONE src/main/java/io/reactivex/rxjava4/internal/operators/mixed/ScalarXMapZHelper.java wave16b
2026-08-09T17:45:05Z DONE src/main/java/io/reactivex/rxjava4/internal/operators/mixed/SingleFlatMapObservable.java wave16b
2026-08-09T17:45:05Z DONE src/main/java/io/reactivex/rxjava4/internal/operators/observable/AbstractObservableWithUpstream.java wave16b
2026-08-09T17:45:05Z DONE src/main/java/io/reactivex/rxjava4/internal/operators/observable/BlockingObservableIterable.java wave16b
2026-08-09T17:45:05Z DONE src/main/java/io/reactivex/rxjava4/internal/operators/observable/BlockingObservableLatest.java wave16b
2026-08-09T17:45:05Z DONE src/main/java/io/reactivex/rxjava4/internal/operators/observable/BlockingObservableMostRecent.java wave16b
2026-08-09T17:45:05Z DONE src/main/java/io/reactivex/rxjava4/internal/operators/observable/BlockingObservableNext.java wave16b
2026-08-09T17:45:05Z DONE src/main/java/io/reactivex/rxjava4/internal/operators/observable/ObservableAll.java wave16b
2026-08-09T17:45:05Z DONE src/main/java/io/reactivex/rxjava4/internal/operators/observable/ObservableAllSingle.java wave16b
2026-08-09T17:45:05Z DONE src/main/java/io/reactivex/rxjava4/internal/operators/observable/ObservableAmb.java wave16b
2026-08-09T17:45:53Z DONE src/main/java/io/reactivex/rxjava4/internal/operators/mixed/FlowableConcatMapCompletable.java wave16a
2026-08-09T17:45:53Z DONE src/main/java/io/reactivex/rxjava4/internal/operators/mixed/FlowableConcatMapMaybe.java wave16a
2026-08-09T17:45:53Z DONE src/main/java/io/reactivex/rxjava4/internal/operators/mixed/FlowableConcatMapMaybePublisher.java wave16a
2026-08-09T17:45:53Z DONE src/main/java/io/reactivex/rxjava4/internal/operators/mixed/FlowableConcatMapSingle.java wave16a
2026-08-09T17:45:53Z DONE src/main/java/io/reactivex/rxjava4/internal/operators/mixed/FlowableConcatMapSinglePublisher.java wave16a
2026-08-09T17:45:53Z DONE src/main/java/io/reactivex/rxjava4/internal/operators/mixed/FlowableSwitchMapCompletable.java wave16a
2026-08-09T17:45:53Z DONE src/main/java/io/reactivex/rxjava4/internal/operators/mixed/FlowableSwitchMapCompletablePublisher.java wave16a
2026-08-09T17:45:53Z DONE src/main/java/io/reactivex/rxjava4/internal/operators/mixed/FlowableSwitchMapMaybe.java wave16a
2026-08-09T17:45:53Z DONE src/main/java/io/reactivex/rxjava4/internal/operators/mixed/FlowableSwitchMapMaybePublisher.java wave16a
2026-08-09T17:45:53Z DONE src/main/java/io/reactivex/rxjava4/internal/operators/mixed/FlowableSwitchMapSingle.java wave16a
2026-08-09T17:45:53Z DONE src/main/java/io/reactivex/rxjava4/internal/operators/mixed/FlowableSwitchMapSinglePublisher.java wave16a
2026-08-09T17:45:53Z DONE src/main/java/io/reactivex/rxjava4/internal/operators/mixed/MaterializeSingleObserver.java wave16a
2026-08-09T17:45:53Z DONE src/main/java/io/reactivex/rxjava4/internal/operators/mixed/MaybeFlatMapObservable.java wave16a
2026-08-09T17:45:53Z DONE src/main/java/io/reactivex/rxjava4/internal/operators/mixed/MaybeFlatMapPublisher.java wave16a
2026-08-09T17:45:53Z DONE src/main/java/io/reactivex/rxjava4/internal/operators/mixed/ObservableConcatMapCompletable.java wave16a
2026-08-09T17:50:30Z DONE src/main/java/io/reactivex/rxjava4/internal/operators/observable/ObservableCreate.java wave17b
2026-08-09T17:50:30Z DONE src/main/java/io/reactivex/rxjava4/internal/operators/observable/ObservableDebounce.java wave17b
2026-08-09T17:50:30Z DONE src/main/java/io/reactivex/rxjava4/internal/operators/observable/ObservableDebounceTimed.java wave17b
2026-08-09T17:50:30Z DONE src/main/java/io/reactivex/rxjava4/internal/operators/observable/ObservableDefer.java wave17b
2026-08-09T17:50:30Z DONE src/main/java/io/reactivex/rxjava4/internal/operators/observable/ObservableDelay.java wave17b
2026-08-09T17:50:30Z DONE src/main/java/io/reactivex/rxjava4/internal/operators/observable/ObservableDelaySubscriptionOther.java wave17b
2026-08-09T17:50:30Z DONE src/main/java/io/reactivex/rxjava4/internal/operators/observable/ObservableDematerialize.java wave17b
2026-08-09T17:50:30Z DONE src/main/java/io/reactivex/rxjava4/internal/operators/observable/ObservableDetach.java wave17b
2026-08-09T17:50:30Z DONE src/main/java/io/reactivex/rxjava4/internal/operators/observable/ObservableDistinct.java wave17b
2026-08-09T17:50:30Z DONE src/main/java/io/reactivex/rxjava4/internal/operators/observable/ObservableDistinctUntilChanged.java wave17b
2026-08-09T17:50:30Z DONE src/main/java/io/reactivex/rxjava4/internal/operators/observable/ObservableDoAfterNext.java wave17b
2026-08-09T17:50:30Z DONE src/main/java/io/reactivex/rxjava4/internal/operators/observable/ObservableDoFinally.java wave17b
2026-08-09T17:50:30Z DONE src/main/java/io/reactivex/rxjava4/internal/operators/observable/ObservableDoOnEach.java wave17b
2026-08-09T17:50:30Z DONE src/main/java/io/reactivex/rxjava4/internal/operators/observable/ObservableDoOnLifecycle.java wave17b
2026-08-09T17:50:30Z DONE src/main/java/io/reactivex/rxjava4/internal/operators/observable/ObservableElementAt.java wave17b
2026-08-09T17:52:33Z DONE src/main/java/io/reactivex/rxjava4/internal/operators/observable/ObservableAny.java wave17a
2026-08-09T17:52:33Z DONE src/main/java/io/reactivex/rxjava4/internal/operators/observable/ObservableAnySingle.java wave17a
2026-08-09T17:52:33Z DONE src/main/java/io/reactivex/rxjava4/internal/operators/observable/ObservableAutoConnect.java wave17a
2026-08-09T17:52:33Z DONE src/main/java/io/reactivex/rxjava4/internal/operators/observable/ObservableBlockingSubscribe.java wave17a
2026-08-09T17:52:33Z DONE src/main/java/io/reactivex/rxjava4/internal/operators/observable/ObservableBuffer.java wave17a
2026-08-09T17:52:33Z DONE src/main/java/io/reactivex/rxjava4/internal/operators/observable/ObservableBufferBoundary.java wave17a
2026-08-09T17:52:33Z DONE src/main/java/io/reactivex/rxjava4/internal/operators/observable/ObservableBufferExactBoundary.java wave17a
2026-08-09T17:52:33Z DONE src/main/java/io/reactivex/rxjava4/internal/operators/observable/ObservableCollect.java wave17a
2026-08-09T17:52:33Z DONE src/main/java/io/reactivex/rxjava4/internal/operators/observable/ObservableCollectSingle.java wave17a
2026-08-09T17:52:33Z DONE src/main/java/io/reactivex/rxjava4/internal/operators/observable/ObservableCombineLatest.java wave17a
2026-08-09T17:52:33Z DONE src/main/java/io/reactivex/rxjava4/internal/operators/observable/ObservableConcatWithCompletable.java wave17a
2026-08-09T17:52:33Z DONE src/main/java/io/reactivex/rxjava4/internal/operators/observable/ObservableConcatWithMaybe.java wave17a
2026-08-09T17:52:33Z DONE src/main/java/io/reactivex/rxjava4/internal/operators/observable/ObservableConcatWithSingle.java wave17a
2026-08-09T17:52:33Z DONE src/main/java/io/reactivex/rxjava4/internal/operators/observable/ObservableCount.java wave17a
2026-08-09T17:52:33Z DONE src/main/java/io/reactivex/rxjava4/internal/operators/observable/ObservableCountSingle.java wave17a
2026-08-09T17:55:39Z DONE src/main/java/io/reactivex/rxjava4/internal/operators/observable/ObservableElementAtMaybe.java wave18a
2026-08-09T17:55:39Z DONE src/main/java/io/reactivex/rxjava4/internal/operators/observable/ObservableElementAtSingle.java wave18a
2026-08-09T17:55:39Z DONE src/main/java/io/reactivex/rxjava4/internal/operators/observable/ObservableEmpty.java wave18a
2026-08-09T17:55:39Z DONE src/main/java/io/reactivex/rxjava4/internal/operators/observable/ObservableError.java wave18a
2026-08-09T17:55:39Z DONE src/main/java/io/reactivex/rxjava4/internal/operators/observable/ObservableFilter.java wave18a
2026-08-09T17:55:39Z DONE src/main/java/io/reactivex/rxjava4/internal/operators/observable/ObservableFlatMapCompletable.java wave18a
2026-08-09T17:55:39Z DONE src/main/java/io/reactivex/rxjava4/internal/operators/observable/ObservableFlatMapCompletableCompletable.java wave18a
2026-08-09T17:55:39Z DONE src/main/java/io/reactivex/rxjava4/internal/operators/observable/ObservableFlatMapMaybe.java wave18a
2026-08-09T17:55:39Z DONE src/main/java/io/reactivex/rxjava4/internal/operators/observable/ObservableFlatMapSingle.java wave18a
2026-08-09T17:55:39Z DONE src/main/java/io/reactivex/rxjava4/internal/operators/observable/ObservableFlattenIterable.java wave18a
2026-08-09T17:55:39Z DONE src/main/java/io/reactivex/rxjava4/internal/operators/observable/ObservableFromAction.java wave18a
2026-08-09T17:55:39Z DONE src/main/java/io/reactivex/rxjava4/internal/operators/observable/ObservableFromArray.java wave18a
2026-08-09T17:55:39Z DONE src/main/java/io/reactivex/rxjava4/internal/operators/observable/ObservableFromCallable.java wave18a
2026-08-09T17:55:39Z DONE src/main/java/io/reactivex/rxjava4/internal/operators/observable/ObservableFromCompletable.java wave18a
2026-08-09T17:55:39Z DONE src/main/java/io/reactivex/rxjava4/internal/operators/observable/ObservableFromFuture.java wave18a
2026-08-09T17:56:04Z DONE src/main/java/io/reactivex/rxjava4/internal/operators/observable/ObservableFromIterable.java wave18b
2026-08-09T17:56:04Z DONE src/main/java/io/reactivex/rxjava4/internal/operators/observable/ObservableFromPublisher.java wave18b
2026-08-09T17:56:04Z DONE src/main/java/io/reactivex/rxjava4/internal/operators/observable/ObservableFromRunnable.java wave18b
2026-08-09T17:56:04Z DONE src/main/java/io/reactivex/rxjava4/internal/operators/observable/ObservableFromSupplier.java wave18b
2026-08-09T17:56:04Z DONE src/main/java/io/reactivex/rxjava4/internal/operators/observable/ObservableFromUnsafeSource.java wave18b
2026-08-09T17:56:04Z DONE src/main/java/io/reactivex/rxjava4/internal/operators/observable/ObservableGenerate.java wave18b
2026-08-09T17:56:04Z DONE src/main/java/io/reactivex/rxjava4/internal/operators/observable/ObservableGroupBy.java wave18b
2026-08-09T17:56:04Z DONE src/main/java/io/reactivex/rxjava4/internal/operators/observable/ObservableHide.java wave18b
2026-08-09T17:56:04Z DONE src/main/java/io/reactivex/rxjava4/internal/operators/observable/ObservableIgnoreElements.java wave18b
2026-08-09T17:56:04Z DONE src/main/java/io/reactivex/rxjava4/internal/operators/observable/ObservableIgnoreElementsCompletable.java wave18b
2026-08-09T17:56:04Z DONE src/main/java/io/reactivex/rxjava4/internal/operators/observable/ObservableInternalHelper.java wave18b
2026-08-09T17:56:04Z DONE src/main/java/io/reactivex/rxjava4/internal/operators/observable/ObservableInterval.java wave18b
2026-08-09T17:56:04Z DONE src/main/java/io/reactivex/rxjava4/internal/operators/observable/ObservableIntervalRange.java wave18b
2026-08-09T17:56:04Z DONE src/main/java/io/reactivex/rxjava4/internal/operators/observable/ObservableJoin.java wave18b
2026-08-09T17:56:04Z DONE src/main/java/io/reactivex/rxjava4/internal/operators/observable/ObservableJust.java wave18b
2026-08-09T18:00:04Z DONE src/main/java/io/reactivex/rxjava4/internal/operators/observable/ObservablePublishSelector.java wave19b
2026-08-09T18:00:04Z DONE src/main/java/io/reactivex/rxjava4/internal/operators/observable/ObservableRange.java wave19b
2026-08-09T18:00:04Z DONE src/main/java/io/reactivex/rxjava4/internal/operators/observable/ObservableRangeLong.java wave19b
2026-08-09T18:00:04Z DONE src/main/java/io/reactivex/rxjava4/internal/operators/observable/ObservableReduceMaybe.java wave19b
2026-08-09T18:00:04Z DONE src/main/java/io/reactivex/rxjava4/internal/operators/observable/ObservableReduceSeedSingle.java wave19b
2026-08-09T18:00:04Z DONE src/main/java/io/reactivex/rxjava4/internal/operators/observable/ObservableReduceWithSingle.java wave19b
2026-08-09T18:00:04Z DONE src/main/java/io/reactivex/rxjava4/internal/operators/observable/ObservableRefCount.java wave19b
2026-08-09T18:00:04Z DONE src/main/java/io/reactivex/rxjava4/internal/operators/observable/ObservableRepeat.java wave19b
2026-08-09T18:00:04Z DONE src/main/java/io/reactivex/rxjava4/internal/operators/observable/ObservableRepeatUntil.java wave19b
2026-08-09T18:00:04Z DONE src/main/java/io/reactivex/rxjava4/internal/operators/observable/ObservableRepeatWhen.java wave19b
2026-08-09T18:00:04Z DONE src/main/java/io/reactivex/rxjava4/internal/operators/observable/ObservableRetryBiPredicate.java wave19b
2026-08-09T18:00:04Z DONE src/main/java/io/reactivex/rxjava4/internal/operators/observable/ObservableRetryPredicate.java wave19b
2026-08-09T18:00:04Z DONE src/main/java/io/reactivex/rxjava4/internal/operators/observable/ObservableRetryWhen.java wave19b
2026-08-09T18:00:04Z DONE src/main/java/io/reactivex/rxjava4/internal/operators/observable/ObservableSampleTimed.java wave19b
2026-08-09T18:00:04Z DONE src/main/java/io/reactivex/rxjava4/internal/operators/observable/ObservableSampleWithObservable.java wave19b
2026-08-09T18:00:11Z DONE src/main/java/io/reactivex/rxjava4/internal/operators/observable/ObservableLastMaybe.java wave19a [0:15]
2026-08-09T18:00:11Z DONE src/main/java/io/reactivex/rxjava4/internal/operators/observable/ObservableLastSingle.java wave19a [0:15]
2026-08-09T18:00:11Z DONE src/main/java/io/reactivex/rxjava4/internal/operators/observable/ObservableLift.java wave19a [0:15]
2026-08-09T18:00:11Z DONE src/main/java/io/reactivex/rxjava4/internal/operators/observable/ObservableMap.java wave19a [0:15]
2026-08-09T18:00:11Z DONE src/main/java/io/reactivex/rxjava4/internal/operators/observable/ObservableMapNotification.java wave19a [0:15]
2026-08-09T18:00:11Z DONE src/main/java/io/reactivex/rxjava4/internal/operators/observable/ObservableMaterialize.java wave19a [0:15]
2026-08-09T18:00:11Z DONE src/main/java/io/reactivex/rxjava4/internal/operators/observable/ObservableMergeWithCompletable.java wave19a [0:15]
2026-08-09T18:00:11Z DONE src/main/java/io/reactivex/rxjava4/internal/operators/observable/ObservableMergeWithMaybe.java wave19a [0:15]
2026-08-09T18:00:11Z DONE src/main/java/io/reactivex/rxjava4/internal/operators/observable/ObservableMergeWithSingle.java wave19a [0:15]
2026-08-09T18:00:11Z DONE src/main/java/io/reactivex/rxjava4/internal/operators/observable/ObservableNever.java wave19a [0:15]
2026-08-09T18:00:11Z DONE src/main/java/io/reactivex/rxjava4/internal/operators/observable/ObservableObserveOn.java wave19a [0:15]
2026-08-09T18:00:11Z DONE src/main/java/io/reactivex/rxjava4/internal/operators/observable/ObservableOnErrorComplete.java wave19a [0:15]
2026-08-09T18:00:11Z DONE src/main/java/io/reactivex/rxjava4/internal/operators/observable/ObservableOnErrorNext.java wave19a [0:15]
2026-08-09T18:00:11Z DONE src/main/java/io/reactivex/rxjava4/internal/operators/observable/ObservableOnErrorReturn.java wave19a [0:15]
2026-08-09T18:00:11Z DONE src/main/java/io/reactivex/rxjava4/internal/operators/observable/ObservablePublish.java wave19a [0:15]
2026-08-09T18:03:10Z DONE src/main/java/io/reactivex/rxjava4/internal/operators/observable/ObservableScalarXMap.java wave20a [0:15]
2026-08-09T18:03:10Z DONE src/main/java/io/reactivex/rxjava4/internal/operators/observable/ObservableScan.java wave20a [0:15]
2026-08-09T18:03:10Z DONE src/main/java/io/reactivex/rxjava4/internal/operators/observable/ObservableScanSeed.java wave20a [0:15]
2026-08-09T18:03:10Z DONE src/main/java/io/reactivex/rxjava4/internal/operators/observable/ObservableSequenceEqual.java wave20a [0:15]
2026-08-09T18:03:10Z DONE src/main/java/io/reactivex/rxjava4/internal/operators/observable/ObservableSequenceEqualSingle.java wave20a [0:15]
2026-08-09T18:03:10Z DONE src/main/java/io/reactivex/rxjava4/internal/operators/observable/ObservableSerialized.java wave20a [0:15]
2026-08-09T18:03:10Z DONE src/main/java/io/reactivex/rxjava4/internal/operators/observable/ObservableSingleMaybe.java wave20a [0:15]
2026-08-09T18:03:10Z DONE src/main/java/io/reactivex/rxjava4/internal/operators/observable/ObservableSingleSingle.java wave20a [0:15]
2026-08-09T18:03:10Z DONE src/main/java/io/reactivex/rxjava4/internal/operators/observable/ObservableSkip.java wave20a [0:15]
2026-08-09T18:03:10Z DONE src/main/java/io/reactivex/rxjava4/internal/operators/observable/ObservableSkipLast.java wave20a [0:15]
2026-08-09T18:03:10Z DONE src/main/java/io/reactivex/rxjava4/internal/operators/observable/ObservableSkipLastTimed.java wave20a [0:15]
2026-08-09T18:03:10Z DONE src/main/java/io/reactivex/rxjava4/internal/operators/observable/ObservableSkipUntil.java wave20a [0:15]
2026-08-09T18:03:10Z DONE src/main/java/io/reactivex/rxjava4/internal/operators/observable/ObservableSkipWhile.java wave20a [0:15]
2026-08-09T18:03:10Z DONE src/main/java/io/reactivex/rxjava4/internal/operators/observable/ObservableSubscribeOn.java wave20a [0:15]
2026-08-09T18:03:10Z DONE src/main/java/io/reactivex/rxjava4/internal/operators/observable/ObservableSwitchIfEmpty.java wave20a [0:15]
2026-08-09T18:03:22Z DONE src/main/java/io/reactivex/rxjava4/internal/operators/observable/ObservableSwitchMap.java wave20b
2026-08-09T18:03:22Z DONE src/main/java/io/reactivex/rxjava4/internal/operators/observable/ObservableTake.java wave20b
2026-08-09T18:03:22Z DONE src/main/java/io/reactivex/rxjava4/internal/operators/observable/ObservableTakeLast.java wave20b
2026-08-09T18:03:22Z DONE src/main/java/io/reactivex/rxjava4/internal/operators/observable/ObservableTakeLastOne.java wave20b
2026-08-09T18:03:22Z DONE src/main/java/io/reactivex/rxjava4/internal/operators/observable/ObservableTakeLastTimed.java wave20b
2026-08-09T18:03:22Z DONE src/main/java/io/reactivex/rxjava4/internal/operators/observable/ObservableTakeUntil.java wave20b
2026-08-09T18:03:22Z DONE src/main/java/io/reactivex/rxjava4/internal/operators/observable/ObservableTakeUntilPredicate.java wave20b
2026-08-09T18:03:22Z DONE src/main/java/io/reactivex/rxjava4/internal/operators/observable/ObservableTakeWhile.java wave20b
2026-08-09T18:03:22Z DONE src/main/java/io/reactivex/rxjava4/internal/operators/observable/ObservableThrottleFirstTimed.java wave20b
2026-08-09T18:03:22Z DONE src/main/java/io/reactivex/rxjava4/internal/operators/observable/ObservableThrottleLatest.java wave20b
2026-08-09T18:03:22Z DONE src/main/java/io/reactivex/rxjava4/internal/operators/observable/ObservableTimeInterval.java wave20b
2026-08-09T18:03:22Z DONE src/main/java/io/reactivex/rxjava4/internal/operators/observable/ObservableTimeout.java wave20b
2026-08-09T18:03:22Z DONE src/main/java/io/reactivex/rxjava4/internal/operators/observable/ObservableTimeoutTimed.java wave20b
2026-08-09T18:03:22Z DONE src/main/java/io/reactivex/rxjava4/internal/operators/observable/ObservableTimer.java wave20b
2026-08-09T18:03:22Z DONE src/main/java/io/reactivex/rxjava4/internal/operators/observable/ObservableToList.java wave20b
2026-08-09T18:06:34Z DONE src/main/java/io/reactivex/rxjava4/internal/operators/observable/ObservableToListSingle.java wave21a [0:15]
2026-08-09T18:06:34Z DONE src/main/java/io/reactivex/rxjava4/internal/operators/observable/ObservableUnsubscribeOn.java wave21a [0:15]
2026-08-09T18:06:34Z DONE src/main/java/io/reactivex/rxjava4/internal/operators/observable/ObservableUsing.java wave21a [0:15]
2026-08-09T18:06:34Z DONE src/main/java/io/reactivex/rxjava4/internal/operators/observable/ObservableWindow.java wave21a [0:15]
2026-08-09T18:06:34Z DONE src/main/java/io/reactivex/rxjava4/internal/operators/observable/ObservableWindowBoundary.java wave21a [0:15]
2026-08-09T18:06:34Z DONE src/main/java/io/reactivex/rxjava4/internal/operators/observable/ObservableWindowSubscribeIntercept.java wave21a [0:15]
2026-08-09T18:06:34Z DONE src/main/java/io/reactivex/rxjava4/internal/operators/observable/ObservableWithLatestFrom.java wave21a [0:15]
2026-08-09T18:06:34Z DONE src/main/java/io/reactivex/rxjava4/internal/operators/observable/ObservableWithLatestFromMany.java wave21a [0:15]
2026-08-09T18:06:34Z DONE src/main/java/io/reactivex/rxjava4/internal/operators/observable/ObservableZip.java wave21a [0:15]
2026-08-09T18:06:34Z DONE src/main/java/io/reactivex/rxjava4/internal/operators/observable/ObservableZipIterable.java wave21a [0:15]
2026-08-09T18:06:34Z DONE src/main/java/io/reactivex/rxjava4/internal/operators/observable/ObserverResourceWrapper.java wave21a [0:15]
2026-08-09T18:06:34Z DONE src/main/java/io/reactivex/rxjava4/internal/operators/parallel/ParallelCollect.java wave21a [0:15]
2026-08-09T18:06:34Z DONE src/main/java/io/reactivex/rxjava4/internal/operators/parallel/ParallelConcatMap.java wave21a [0:15]
2026-08-09T18:06:34Z DONE src/main/java/io/reactivex/rxjava4/internal/operators/parallel/ParallelDoOnNextTry.java wave21a [0:15]
2026-08-09T18:06:34Z DONE src/main/java/io/reactivex/rxjava4/internal/operators/parallel/ParallelFilter.java wave21a [0:15]
2026-08-09T18:07:27Z DONE src/main/java/io/reactivex/rxjava4/internal/operators/parallel/ParallelFilterTry.java wave21b [15:30]
2026-08-09T18:07:27Z DONE src/main/java/io/reactivex/rxjava4/internal/operators/parallel/ParallelFlatMap.java wave21b [15:30]
2026-08-09T18:07:27Z DONE src/main/java/io/reactivex/rxjava4/internal/operators/parallel/ParallelFlatMapIterable.java wave21b [15:30]
2026-08-09T18:07:27Z DONE src/main/java/io/reactivex/rxjava4/internal/operators/parallel/ParallelFromArray.java wave21b [15:30]
2026-08-09T18:07:27Z DONE src/main/java/io/reactivex/rxjava4/internal/operators/parallel/ParallelMap.java wave21b [15:30]
2026-08-09T18:07:27Z DONE src/main/java/io/reactivex/rxjava4/internal/operators/parallel/ParallelMapTry.java wave21b [15:30]
2026-08-09T18:07:27Z DONE src/main/java/io/reactivex/rxjava4/internal/operators/parallel/ParallelPeek.java wave21b [15:30]
2026-08-09T18:07:27Z DONE src/main/java/io/reactivex/rxjava4/internal/operators/parallel/ParallelReduce.java wave21b [15:30]
2026-08-09T18:07:27Z DONE src/main/java/io/reactivex/rxjava4/internal/operators/parallel/ParallelReduceFull.java wave21b [15:30]
2026-08-09T18:07:27Z DONE src/main/java/io/reactivex/rxjava4/internal/operators/parallel/ParallelSortedJoin.java wave21b [15:30]
2026-08-09T18:07:27Z DONE src/main/java/io/reactivex/rxjava4/internal/operators/single/SingleAmb.java wave21b [15:30]
2026-08-09T18:07:27Z DONE src/main/java/io/reactivex/rxjava4/internal/operators/single/SingleCache.java wave21b [15:30]
2026-08-09T18:07:27Z DONE src/main/java/io/reactivex/rxjava4/internal/operators/single/SingleContains.java wave21b [15:30]
2026-08-09T18:07:27Z DONE src/main/java/io/reactivex/rxjava4/internal/operators/single/SingleCreate.java wave21b [15:30]
2026-08-09T18:07:27Z DONE src/main/java/io/reactivex/rxjava4/internal/operators/single/SingleDefer.java wave21b [15:30]
2026-08-09T18:10:41Z DONE src/main/java/io/reactivex/rxjava4/internal/operators/single/SingleDelay.java wave22a [0:15]
2026-08-09T18:10:41Z DONE src/main/java/io/reactivex/rxjava4/internal/operators/single/SingleDelayWithCompletable.java wave22a [0:15]
2026-08-09T18:10:41Z DONE src/main/java/io/reactivex/rxjava4/internal/operators/single/SingleDelayWithObservable.java wave22a [0:15]
2026-08-09T18:10:41Z DONE src/main/java/io/reactivex/rxjava4/internal/operators/single/SingleDelayWithPublisher.java wave22a [0:15]
2026-08-09T18:10:41Z DONE src/main/java/io/reactivex/rxjava4/internal/operators/single/SingleDelayWithSingle.java wave22a [0:15]
2026-08-09T18:10:41Z DONE src/main/java/io/reactivex/rxjava4/internal/operators/single/SingleDematerialize.java wave22a [0:15]
2026-08-09T18:10:41Z DONE src/main/java/io/reactivex/rxjava4/internal/operators/single/SingleDetach.java wave22a [0:15]
2026-08-09T18:10:41Z DONE src/main/java/io/reactivex/rxjava4/internal/operators/single/SingleDoAfterSuccess.java wave22a [0:15]
2026-08-09T18:10:41Z DONE src/main/java/io/reactivex/rxjava4/internal/operators/single/SingleDoAfterTerminate.java wave22a [0:15]
2026-08-09T18:10:41Z DONE src/main/java/io/reactivex/rxjava4/internal/operators/single/SingleDoFinally.java wave22a [0:15]
2026-08-09T18:10:41Z DONE src/main/java/io/reactivex/rxjava4/internal/operators/single/SingleDoOnDispose.java wave22a [0:15]
2026-08-09T18:10:41Z DONE src/main/java/io/reactivex/rxjava4/internal/operators/single/SingleDoOnError.java wave22a [0:15]
2026-08-09T18:10:41Z DONE src/main/java/io/reactivex/rxjava4/internal/operators/single/SingleDoOnEvent.java wave22a [0:15]
2026-08-09T18:10:41Z DONE src/main/java/io/reactivex/rxjava4/internal/operators/single/SingleDoOnLifecycle.java wave22a [0:15]
2026-08-09T18:10:41Z DONE src/main/java/io/reactivex/rxjava4/internal/operators/single/SingleDoOnSubscribe.java wave22a [0:15]
2026-08-09T18:10:53Z DONE src/main/java/io/reactivex/rxjava4/internal/operators/single/SingleDoOnSuccess.java wave22b
2026-08-09T18:10:53Z DONE src/main/java/io/reactivex/rxjava4/internal/operators/single/SingleDoOnTerminate.java wave22b
2026-08-09T18:10:53Z DONE src/main/java/io/reactivex/rxjava4/internal/operators/single/SingleEquals.java wave22b
2026-08-09T18:10:53Z DONE src/main/java/io/reactivex/rxjava4/internal/operators/single/SingleError.java wave22b
2026-08-09T18:10:53Z DONE src/main/java/io/reactivex/rxjava4/internal/operators/single/SingleFlatMap.java wave22b
2026-08-09T18:10:53Z DONE src/main/java/io/reactivex/rxjava4/internal/operators/single/SingleFlatMapBiSelector.java wave22b
2026-08-09T18:10:53Z DONE src/main/java/io/reactivex/rxjava4/internal/operators/single/SingleFlatMapCompletable.java wave22b
2026-08-09T18:10:53Z DONE src/main/java/io/reactivex/rxjava4/internal/operators/single/SingleFlatMapIterableFlowable.java wave22b
2026-08-09T18:10:53Z DONE src/main/java/io/reactivex/rxjava4/internal/operators/single/SingleFlatMapIterableObservable.java wave22b
2026-08-09T18:10:53Z DONE src/main/java/io/reactivex/rxjava4/internal/operators/single/SingleFlatMapMaybe.java wave22b
2026-08-09T18:10:53Z DONE src/main/java/io/reactivex/rxjava4/internal/operators/single/SingleFlatMapNotification.java wave22b
2026-08-09T18:10:53Z DONE src/main/java/io/reactivex/rxjava4/internal/operators/single/SingleFlatMapPublisher.java wave22b
2026-08-09T18:10:53Z DONE src/main/java/io/reactivex/rxjava4/internal/operators/single/SingleFromCallable.java wave22b
2026-08-09T18:10:53Z DONE src/main/java/io/reactivex/rxjava4/internal/operators/single/SingleFromPublisher.java wave22b
2026-08-09T18:10:53Z DONE src/main/java/io/reactivex/rxjava4/internal/operators/single/SingleFromSupplier.java wave22b
2026-08-09T18:14:12Z DONE src/main/java/io/reactivex/rxjava4/internal/operators/single/SingleTimeout.java wave23b
2026-08-09T18:14:12Z DONE src/main/java/io/reactivex/rxjava4/internal/operators/single/SingleTimer.java wave23b
2026-08-09T18:14:12Z DONE src/main/java/io/reactivex/rxjava4/internal/operators/single/SingleToFlowable.java wave23b
2026-08-09T18:14:12Z DONE src/main/java/io/reactivex/rxjava4/internal/operators/single/SingleToObservable.java wave23b
2026-08-09T18:14:12Z DONE src/main/java/io/reactivex/rxjava4/internal/operators/single/SingleUnsubscribeOn.java wave23b
2026-08-09T18:14:12Z DONE src/main/java/io/reactivex/rxjava4/internal/operators/single/SingleUsing.java wave23b
2026-08-09T18:14:12Z DONE src/main/java/io/reactivex/rxjava4/internal/operators/single/SingleZipArray.java wave23b
2026-08-09T18:14:12Z DONE src/main/java/io/reactivex/rxjava4/internal/operators/single/SingleZipIterable.java wave23b
2026-08-09T18:14:12Z DONE src/main/java/io/reactivex/rxjava4/internal/operators/streamable/IsEnumerableStreamable.java wave23b
2026-08-09T18:14:12Z DONE src/main/java/io/reactivex/rxjava4/internal/operators/streamable/IsIndexableStreamable.java wave23b
2026-08-09T18:14:12Z DONE src/main/java/io/reactivex/rxjava4/internal/operators/streamable/IsSynchronousStreamable.java wave23b
2026-08-09T18:14:12Z DONE src/main/java/io/reactivex/rxjava4/internal/operators/streamable/StageResumable.java wave23b
2026-08-09T18:14:12Z DONE src/main/java/io/reactivex/rxjava4/internal/operators/streamable/StreamSinkLambda.java wave23b
2026-08-09T18:14:12Z DONE src/main/java/io/reactivex/rxjava4/internal/operators/streamable/StreamSinkWithCancellation.java wave23b
2026-08-09T18:14:12Z DONE src/main/java/io/reactivex/rxjava4/internal/operators/streamable/StreamableBlocking.java wave23b
2026-08-09T18:14:14Z DONE src/main/java/io/reactivex/rxjava4/internal/operators/single/SingleFromUnsafeSource.java wave23a [0:15]
2026-08-09T18:14:14Z DONE src/main/java/io/reactivex/rxjava4/internal/operators/single/SingleHide.java wave23a [0:15]
2026-08-09T18:14:14Z DONE src/main/java/io/reactivex/rxjava4/internal/operators/single/SingleInternalHelper.java wave23a [0:15]
2026-08-09T18:14:14Z DONE src/main/java/io/reactivex/rxjava4/internal/operators/single/SingleJust.java wave23a [0:15]
2026-08-09T18:14:14Z DONE src/main/java/io/reactivex/rxjava4/internal/operators/single/SingleLift.java wave23a [0:15]
2026-08-09T18:14:14Z DONE src/main/java/io/reactivex/rxjava4/internal/operators/single/SingleMap.java wave23a [0:15]
2026-08-09T18:14:14Z DONE src/main/java/io/reactivex/rxjava4/internal/operators/single/SingleMaterialize.java wave23a [0:15]
2026-08-09T18:14:14Z DONE src/main/java/io/reactivex/rxjava4/internal/operators/single/SingleNever.java wave23a [0:15]
2026-08-09T18:14:14Z DONE src/main/java/io/reactivex/rxjava4/internal/operators/single/SingleObserveOn.java wave23a [0:15]
2026-08-09T18:14:14Z DONE src/main/java/io/reactivex/rxjava4/internal/operators/single/SingleOnErrorComplete.java wave23a [0:15]
2026-08-09T18:14:14Z DONE src/main/java/io/reactivex/rxjava4/internal/operators/single/SingleOnErrorReturn.java wave23a [0:15]
2026-08-09T18:14:14Z DONE src/main/java/io/reactivex/rxjava4/internal/operators/single/SingleResumeNext.java wave23a [0:15]
2026-08-09T18:14:14Z DONE src/main/java/io/reactivex/rxjava4/internal/operators/single/SingleSubscribeOn.java wave23a [0:15]
2026-08-09T18:14:14Z DONE src/main/java/io/reactivex/rxjava4/internal/operators/single/SingleTakeUntil.java wave23a [0:15]
2026-08-09T18:14:14Z DONE src/main/java/io/reactivex/rxjava4/internal/operators/single/SingleTimeInterval.java wave23a [0:15]
2026-08-09T18:17:44Z DONE src/main/java/io/reactivex/rxjava4/internal/operators/streamable/StreamableRepeat.java wave24a [0:15]
2026-08-09T18:17:44Z DONE src/main/java/io/reactivex/rxjava4/internal/operators/streamable/StreamableRetry.java wave24a [0:15]
2026-08-09T18:17:44Z DONE src/main/java/io/reactivex/rxjava4/internal/operators/streamable/StreamableSingleFlattenAs.java wave24a [0:15]
2026-08-09T18:17:44Z DONE src/main/java/io/reactivex/rxjava4/internal/operators/streamable/StreamableSkip.java wave24a [0:15]
2026-08-09T18:17:44Z DONE src/main/java/io/reactivex/rxjava4/internal/operators/streamable/StreamableTake.java wave24a [0:15]
2026-08-09T18:17:44Z DONE src/main/java/io/reactivex/rxjava4/internal/operators/streamable/StreamableTakeUntil.java wave24a [0:15]
2026-08-09T18:17:44Z DONE src/main/java/io/reactivex/rxjava4/internal/operators/streamable/StreamableTakeWhile.java wave24a [0:15]
2026-08-09T18:17:44Z DONE src/main/java/io/reactivex/rxjava4/internal/operators/streamable/StreamableTimeout.java wave24a [0:15]
2026-08-09T18:17:44Z DONE src/main/java/io/reactivex/rxjava4/internal/operators/streamable/StreamableTimer.java wave24a [0:15]
2026-08-09T18:17:44Z DONE src/main/java/io/reactivex/rxjava4/internal/operators/streamable/StreamableToObservable.java wave24a [0:15]
2026-08-09T18:17:44Z DONE src/main/java/io/reactivex/rxjava4/internal/operators/streamable/StreamableUsing.java wave24a [0:15]
2026-08-09T18:17:44Z DONE src/main/java/io/reactivex/rxjava4/internal/operators/streamable/StreamableZip.java wave24a [0:15]
2026-08-09T18:17:44Z DONE src/main/java/io/reactivex/rxjava4/internal/queue/MpscLinkedQueue.java wave24a [0:15]
2026-08-09T18:17:44Z DONE src/main/java/io/reactivex/rxjava4/internal/schedulers/AbstractDirectTask.java wave24a [0:15]
2026-08-09T18:17:44Z DONE src/main/java/io/reactivex/rxjava4/internal/schedulers/CachedScheduler.java wave24a [0:15]
2026-08-09T18:18:12Z DONE src/main/java/io/reactivex/rxjava4/internal/schedulers/ComputationScheduler.java wave24b [15:30]
2026-08-09T18:18:12Z DONE src/main/java/io/reactivex/rxjava4/internal/schedulers/DisposeOnCancel.java wave24b [15:30]
2026-08-09T18:18:12Z DONE src/main/java/io/reactivex/rxjava4/internal/schedulers/ImmediateThinScheduler.java wave24b [15:30]
2026-08-09T18:18:12Z DONE src/main/java/io/reactivex/rxjava4/internal/schedulers/InstantPeriodicTask.java wave24b [15:30]
2026-08-09T18:18:12Z DONE src/main/java/io/reactivex/rxjava4/internal/schedulers/NewThreadScheduler.java wave24b [15:30]
2026-08-09T18:18:12Z DONE src/main/java/io/reactivex/rxjava4/internal/schedulers/NewThreadWorker.java wave24b [15:30]
2026-08-09T18:18:12Z DONE src/main/java/io/reactivex/rxjava4/internal/schedulers/NonBlockingThread.java wave24b [15:30]
2026-08-09T18:18:12Z DONE src/main/java/io/reactivex/rxjava4/internal/schedulers/RxThreadFactory.java wave24b [15:30]
2026-08-09T18:18:12Z DONE src/main/java/io/reactivex/rxjava4/internal/schedulers/ScheduledDirectPeriodicTask.java wave24b [15:30]
2026-08-09T18:18:12Z DONE src/main/java/io/reactivex/rxjava4/internal/schedulers/ScheduledDirectTask.java wave24b [15:30]
2026-08-09T18:18:12Z DONE src/main/java/io/reactivex/rxjava4/internal/schedulers/ScheduledRunnable.java wave24b [15:30]
2026-08-09T18:18:12Z DONE src/main/java/io/reactivex/rxjava4/internal/schedulers/SchedulerMultiWorkerSupport.java wave24b [15:30]
2026-08-09T18:18:12Z DONE src/main/java/io/reactivex/rxjava4/internal/schedulers/SchedulerPoolFactory.java wave24b [15:30]
2026-08-09T18:18:12Z DONE src/main/java/io/reactivex/rxjava4/internal/schedulers/SchedulerToExecutorService.java wave24b [15:30]
2026-08-09T18:18:12Z DONE src/main/java/io/reactivex/rxjava4/internal/schedulers/SharedScheduler.java wave24b [15:30]
2026-08-09T18:21:39Z DONE src/main/java/io/reactivex/rxjava4/internal/schedulers/SingleScheduler.java wave25a [0:15]
2026-08-09T18:21:39Z DONE src/main/java/io/reactivex/rxjava4/internal/schedulers/TrampolineScheduler.java wave25a [0:15]
2026-08-09T18:21:39Z DONE src/main/java/io/reactivex/rxjava4/internal/subscribers/BasicFuseableConditionalSubscriber.java wave25a [0:15]
2026-08-09T18:21:39Z DONE src/main/java/io/reactivex/rxjava4/internal/subscribers/BasicFuseableSubscriber.java wave25a [0:15]
2026-08-09T18:21:39Z DONE src/main/java/io/reactivex/rxjava4/internal/subscribers/BlockingBaseSubscriber.java wave25a [0:15]
2026-08-09T18:21:39Z DONE src/main/java/io/reactivex/rxjava4/internal/subscribers/BlockingFirstSubscriber.java wave25a [0:15]
2026-08-09T18:21:39Z DONE src/main/java/io/reactivex/rxjava4/internal/subscribers/BlockingLastSubscriber.java wave25a [0:15]
2026-08-09T18:21:39Z DONE src/main/java/io/reactivex/rxjava4/internal/subscribers/BlockingSubscriber.java wave25a [0:15]
2026-08-09T18:21:39Z DONE src/main/java/io/reactivex/rxjava4/internal/subscribers/BoundedSubscriber.java wave25a [0:15]
2026-08-09T18:21:39Z DONE src/main/java/io/reactivex/rxjava4/internal/subscribers/DeferredScalarSubscriber.java wave25a [0:15]
2026-08-09T18:21:39Z DONE src/main/java/io/reactivex/rxjava4/internal/subscribers/DisposableAutoReleaseSubscriber.java wave25a [0:15]
2026-08-09T18:21:39Z DONE src/main/java/io/reactivex/rxjava4/internal/subscribers/ForEachWhileSubscriber.java wave25a [0:15]
2026-08-09T18:21:39Z DONE src/main/java/io/reactivex/rxjava4/internal/subscribers/FutureSubscriber.java wave25a [0:15]
2026-08-09T18:21:39Z DONE src/main/java/io/reactivex/rxjava4/internal/subscribers/InnerQueuedSubscriber.java wave25a [0:15]
2026-08-09T18:21:39Z DONE src/main/java/io/reactivex/rxjava4/internal/subscribers/InnerQueuedSubscriberSupport.java wave25a [0:15]
2026-08-09T18:22:37Z DONE src/main/java/io/reactivex/rxjava4/internal/subscribers/LambdaSubscriber.java wave25b [15:30]
2026-08-09T18:22:37Z DONE src/main/java/io/reactivex/rxjava4/internal/subscribers/QueueDrainSubscriber.java wave25b [15:30]
2026-08-09T18:22:37Z DONE src/main/java/io/reactivex/rxjava4/internal/subscribers/SinglePostCompleteSubscriber.java wave25b [15:30]
2026-08-09T18:22:37Z DONE src/main/java/io/reactivex/rxjava4/internal/subscribers/StrictSubscriber.java wave25b [15:30]
2026-08-09T18:22:37Z DONE src/main/java/io/reactivex/rxjava4/internal/subscribers/SubscriberResourceWrapper.java wave25b [15:30]
2026-08-09T18:22:37Z DONE src/main/java/io/reactivex/rxjava4/internal/subscriptions/ArrayCompositeSubscription.java wave25b [15:30]
2026-08-09T18:22:37Z DONE src/main/java/io/reactivex/rxjava4/internal/subscriptions/AsyncSubscription.java wave25b [15:30]
2026-08-09T18:22:37Z DONE src/main/java/io/reactivex/rxjava4/internal/subscriptions/BasicIntQueueSubscription.java wave25b [15:30]
2026-08-09T18:22:37Z DONE src/main/java/io/reactivex/rxjava4/internal/subscriptions/BasicQueueSubscription.java wave25b [15:30]
2026-08-09T18:22:37Z DONE src/main/java/io/reactivex/rxjava4/internal/subscriptions/BooleanSubscription.java wave25b [15:30]
2026-08-09T18:22:37Z DONE src/main/java/io/reactivex/rxjava4/internal/subscriptions/DeferredScalarSubscription.java wave25b [15:30]
2026-08-09T18:22:37Z DONE src/main/java/io/reactivex/rxjava4/internal/subscriptions/EmptySubscription.java wave25b [15:30]
2026-08-09T18:22:37Z DONE src/main/java/io/reactivex/rxjava4/internal/subscriptions/ScalarSubscription.java wave25b [15:30]
2026-08-09T18:22:37Z DONE src/main/java/io/reactivex/rxjava4/internal/subscriptions/SubscriptionArbiter.java wave25b [15:30]
2026-08-09T18:22:37Z DONE src/main/java/io/reactivex/rxjava4/internal/subscriptions/SubscriptionHelper.java wave25b [15:30]
2026-08-09T18:25:24Z DONE src/main/java/io/reactivex/rxjava4/internal/util/AppendOnlyLinkedArrayList.java wave26a [0:15]
2026-08-09T18:25:24Z DONE src/main/java/io/reactivex/rxjava4/internal/util/ArrayListSupplier.java wave26a [0:15]
2026-08-09T18:25:24Z DONE src/main/java/io/reactivex/rxjava4/internal/util/AtomicThrowable.java wave26a [0:15]
2026-08-09T18:25:24Z DONE src/main/java/io/reactivex/rxjava4/internal/util/BackpressureHelper.java wave26a [0:15]
2026-08-09T18:25:24Z DONE src/main/java/io/reactivex/rxjava4/internal/util/BlockingHelper.java wave26a [0:15]
2026-08-09T18:25:24Z DONE src/main/java/io/reactivex/rxjava4/internal/util/BlockingIgnoringReceiver.java wave26a [0:15]
2026-08-09T18:25:24Z DONE src/main/java/io/reactivex/rxjava4/internal/util/ConnectConsumer.java wave26a [0:15]
2026-08-09T18:25:24Z DONE src/main/java/io/reactivex/rxjava4/internal/util/EmptyComponent.java wave26a [0:15]
2026-08-09T18:25:24Z DONE src/main/java/io/reactivex/rxjava4/internal/util/EndConsumerHelper.java wave26a [0:15]
2026-08-09T18:25:24Z DONE src/main/java/io/reactivex/rxjava4/internal/util/ExceptionHelper.java wave26a [0:15]
2026-08-09T18:25:24Z DONE src/main/java/io/reactivex/rxjava4/internal/util/HalfSerializer.java wave26a [0:15]
2026-08-09T18:25:24Z DONE src/main/java/io/reactivex/rxjava4/internal/util/HashMapSupplier.java wave26a [0:15]
2026-08-09T18:25:24Z DONE src/main/java/io/reactivex/rxjava4/internal/util/LinkedArrayList.java wave26a [0:15]
2026-08-09T18:25:24Z DONE src/main/java/io/reactivex/rxjava4/internal/util/ListAddBiConsumer.java wave26a [0:15]
2026-08-09T18:25:24Z DONE src/main/java/io/reactivex/rxjava4/internal/util/MergerBiFunction.java wave26a [0:15]
2026-08-09T18:25:47Z DONE src/main/java/io/reactivex/rxjava4/internal/util/NotificationLite.java wave26b [15:30]
2026-08-09T18:25:47Z DONE src/main/java/io/reactivex/rxjava4/internal/util/ObservableQueueDrain.java wave26b [15:30]
2026-08-09T18:25:47Z DONE src/main/java/io/reactivex/rxjava4/internal/util/OpenHashSet.java wave26b [15:30]
2026-08-09T18:25:47Z DONE src/main/java/io/reactivex/rxjava4/internal/util/Pow2.java wave26b [15:30]
2026-08-09T18:25:47Z DONE src/main/java/io/reactivex/rxjava4/internal/util/QueueDrain.java wave26b [15:30]
2026-08-09T18:25:47Z DONE src/main/java/io/reactivex/rxjava4/internal/util/SorterFunction.java wave26b [15:30]
2026-08-09T18:25:47Z DONE src/main/java/io/reactivex/rxjava4/internal/util/SuppressAnimalSniffer.java wave26b [15:30]
2026-08-09T18:25:47Z DONE src/main/java/io/reactivex/rxjava4/internal/util/VolatileSizeArrayList.java wave26b [15:30]
2026-08-09T18:25:47Z DONE src/main/java/io/reactivex/rxjava4/internal/virtual/FlowableVirtualCreateExecutor.java wave26b [15:30]
2026-08-09T18:25:47Z DONE src/main/java/io/reactivex/rxjava4/internal/virtual/FlowableVirtualTransformExecutor.java wave26b [15:30]
2026-08-09T18:25:47Z DONE src/main/java/io/reactivex/rxjava4/internal/virtual/VirtualResumable.java wave26b [15:30]
2026-08-09T18:25:47Z DONE src/main/java/io/reactivex/rxjava4/observers/DefaultObserver.java wave26b [15:30]
2026-08-09T18:25:47Z DONE src/main/java/io/reactivex/rxjava4/observers/DisposableCompletableObserver.java wave26b [15:30]
2026-08-09T18:25:47Z DONE src/main/java/io/reactivex/rxjava4/observers/DisposableMaybeObserver.java wave26b [15:30]
2026-08-09T18:25:47Z DONE src/main/java/io/reactivex/rxjava4/observers/DisposableObserver.java wave26b [15:30]
2026-08-09T18:28:55Z DONE src/main/java/io/reactivex/rxjava4/operators/QueueFuseable.java wave27b [15:30]
2026-08-09T18:28:55Z DONE src/main/java/io/reactivex/rxjava4/operators/QueueSubscription.java wave27b [15:30]
2026-08-09T18:28:55Z DONE src/main/java/io/reactivex/rxjava4/operators/ScalarSupplier.java wave27b [15:30]
2026-08-09T18:28:55Z DONE src/main/java/io/reactivex/rxjava4/operators/SimplePlainQueue.java wave27b [15:30]
2026-08-09T18:28:55Z DONE src/main/java/io/reactivex/rxjava4/operators/SimpleQueue.java wave27b [15:30]
2026-08-09T18:28:55Z DONE src/main/java/io/reactivex/rxjava4/operators/SpscArrayQueue.java wave27b [15:30]
2026-08-09T18:28:55Z DONE src/main/java/io/reactivex/rxjava4/operators/SpscLinkedArrayQueue.java wave27b [15:30]
2026-08-09T18:28:55Z DONE src/main/java/io/reactivex/rxjava4/operators/package-info.java wave27b [15:30]
2026-08-09T18:28:55Z DONE src/main/java/io/reactivex/rxjava4/parallel/ParallelFailureHandling.java wave27b [15:30]
2026-08-09T18:28:55Z DONE src/main/java/io/reactivex/rxjava4/parallel/ParallelFlowableConverter.java wave27b [15:30]
2026-08-09T18:28:55Z DONE src/main/java/io/reactivex/rxjava4/parallel/ParallelTransformer.java wave27b [15:30]
2026-08-09T18:28:55Z DONE src/main/java/io/reactivex/rxjava4/parallel/package-info.java wave27b [15:30]
2026-08-09T18:28:55Z DONE src/main/java/io/reactivex/rxjava4/plugins/package-info.java wave27b [15:30]
2026-08-09T18:28:55Z DONE src/main/java/io/reactivex/rxjava4/processors/AsyncProcessor.java wave27b [15:30]
2026-08-09T18:28:55Z DONE src/main/java/io/reactivex/rxjava4/processors/DispatchStreamProcessor.java wave27b [15:30]
2026-08-09T18:31:48Z DONE src/main/java/io/reactivex/rxjava4/processors/FlowableProcessor.java wave28a [0:15]
2026-08-09T18:31:48Z DONE src/main/java/io/reactivex/rxjava4/processors/SerializedProcessor.java wave28a [0:15]
2026-08-09T18:31:48Z DONE src/main/java/io/reactivex/rxjava4/processors/package-info.java wave28a [0:15]
2026-08-09T18:31:48Z DONE src/main/java/io/reactivex/rxjava4/schedulers/BlockingScheduler.java wave28a [0:15]
2026-08-09T18:31:48Z DONE src/main/java/io/reactivex/rxjava4/schedulers/SchedulerRunnableIntrospection.java wave28a [0:15]
2026-08-09T18:31:48Z DONE src/main/java/io/reactivex/rxjava4/schedulers/TestScheduler.java wave28a [0:15]
2026-08-09T18:31:48Z DONE src/main/java/io/reactivex/rxjava4/schedulers/Timed.java wave28a [0:15]
2026-08-09T18:31:48Z DONE src/main/java/io/reactivex/rxjava4/schedulers/package-info.java wave28a [0:15]
2026-08-09T18:31:48Z DONE src/main/java/io/reactivex/rxjava4/subjects/AsyncSubject.java wave28a [0:15]
2026-08-09T18:31:48Z DONE src/main/java/io/reactivex/rxjava4/subjects/CompletableSubject.java wave28a [0:15]
2026-08-09T18:31:48Z DONE src/main/java/io/reactivex/rxjava4/subjects/MaybeSubject.java wave28a [0:15]
2026-08-09T18:31:48Z DONE src/main/java/io/reactivex/rxjava4/subjects/PublishSubject.java wave28a [0:15]
2026-08-09T18:31:48Z DONE src/main/java/io/reactivex/rxjava4/subjects/SerializedSubject.java wave28a [0:15]
2026-08-09T18:31:48Z DONE src/main/java/io/reactivex/rxjava4/subjects/SingleSubject.java wave28a [0:15]
2026-08-09T18:31:48Z DONE src/main/java/io/reactivex/rxjava4/subjects/Subject.java wave28a [0:15]
2026-08-09T18:31:55Z DONE src/main/java/io/reactivex/rxjava4/subjects/package-info.java wave28b [15:30]
2026-08-09T18:31:55Z DONE src/main/java/io/reactivex/rxjava4/subscribers/DefaultSubscriber.java wave28b [15:30]
2026-08-09T18:31:55Z DONE src/main/java/io/reactivex/rxjava4/subscribers/DisposableSubscriber.java wave28b [15:30]
2026-08-09T18:31:55Z DONE src/main/java/io/reactivex/rxjava4/subscribers/ResourceSubscriber.java wave28b [15:30]
2026-08-09T18:31:55Z DONE src/main/java/io/reactivex/rxjava4/subscribers/SafeSubscriber.java wave28b [15:30]
2026-08-09T18:31:55Z DONE src/main/java/io/reactivex/rxjava4/subscribers/SerializedSubscriber.java wave28b [15:30]
2026-08-09T18:31:55Z DONE src/main/java/io/reactivex/rxjava4/subscribers/TestSubscriber.java wave28b [15:30]
2026-08-09T18:31:55Z DONE src/main/java/io/reactivex/rxjava4/subscribers/package-info.java wave28b [15:30]
2026-08-09T18:31:55Z DONE src/main/module/module-info.java wave28b [15:30]
2026-08-09T18:31:55Z DONE src/jmh/java/io/reactivex/rxjava4/core/BinaryFlatMapPerf.java wave28b [15:30]
2026-08-09T18:31:55Z DONE src/jmh/java/io/reactivex/rxjava4/core/BlockingGetPerf.java wave28b [15:30]
2026-08-09T18:31:55Z DONE src/jmh/java/io/reactivex/rxjava4/core/BlockingPerf.java wave28b [15:30]
2026-08-09T18:31:55Z DONE src/jmh/java/io/reactivex/rxjava4/core/CallableAsyncPerf.java wave28b [15:30]
2026-08-09T18:31:55Z DONE src/jmh/java/io/reactivex/rxjava4/core/EachTypeFlatMapPerf.java wave28b [15:30]
2026-08-09T18:31:55Z DONE src/jmh/java/io/reactivex/rxjava4/core/FlatMapJustPerf.java wave28b [15:30]
2026-08-09T18:34:26Z DONE src/jmh/java/io/reactivex/rxjava4/core/FlattenCrossMapPerf.java wave29a [0:15]
2026-08-09T18:34:26Z DONE src/jmh/java/io/reactivex/rxjava4/core/FlattenJustPerf.java wave29a [0:15]
2026-08-09T18:34:26Z DONE src/jmh/java/io/reactivex/rxjava4/core/FlattenRangePerf.java wave29a [0:15]
2026-08-09T18:34:26Z DONE src/jmh/java/io/reactivex/rxjava4/core/FlowableFlatMapCompletableAsyncPerf.java wave29a [0:15]
2026-08-09T18:34:26Z DONE src/jmh/java/io/reactivex/rxjava4/core/FlowableFlatMapCompletableSyncPerf.java wave29a [0:15]
2026-08-09T18:34:26Z DONE src/jmh/java/io/reactivex/rxjava4/core/InputWithIncrementingInteger.java wave29a [0:15]
2026-08-09T18:34:26Z DONE src/jmh/java/io/reactivex/rxjava4/core/JustAsyncPerf.java wave29a [0:15]
2026-08-09T18:34:26Z DONE src/jmh/java/io/reactivex/rxjava4/core/LatchedSingleObserver.java wave29a [0:15]
2026-08-09T18:34:26Z DONE src/jmh/java/io/reactivex/rxjava4/core/MemoryPerf.java wave29a [0:15]
2026-08-09T18:34:26Z DONE src/jmh/java/io/reactivex/rxjava4/core/ObservableFlatMapPerf.java wave29a [0:15]
2026-08-09T18:34:26Z DONE src/jmh/java/io/reactivex/rxjava4/core/OperatorFlatMapPerf.java wave29a [0:15]
2026-08-09T18:34:26Z DONE src/jmh/java/io/reactivex/rxjava4/core/OperatorMergePerf.java wave29a [0:15]
2026-08-09T18:34:26Z DONE src/jmh/java/io/reactivex/rxjava4/core/PerfAsyncConsumer.java wave29a [0:15]
2026-08-09T18:34:26Z DONE src/jmh/java/io/reactivex/rxjava4/core/PerfBoundedSubscriber.java wave29a [0:15]
2026-08-09T18:34:26Z DONE src/jmh/java/io/reactivex/rxjava4/core/PerfConsumer.java wave29a [0:15]
2026-08-09T18:35:11Z DONE src/jmh/java/io/reactivex/rxjava4/core/PerfInteropConsumer.java wave29b [15:30]
2026-08-09T18:35:11Z DONE src/jmh/java/io/reactivex/rxjava4/core/PerfObserver.java wave29b [15:30]
2026-08-09T18:35:11Z DONE src/jmh/java/io/reactivex/rxjava4/core/PerfSubscriber.java wave29b [15:30]
2026-08-09T18:35:11Z DONE src/jmh/java/io/reactivex/rxjava4/core/PublishProcessorPerf.java wave29b [15:30]
2026-08-09T18:35:11Z DONE src/jmh/java/io/reactivex/rxjava4/core/RangePerf.java wave29b [15:30]
2026-08-09T18:35:11Z DONE src/jmh/java/io/reactivex/rxjava4/core/ReducePerf.java wave29b [15:30]
2026-08-09T18:35:11Z DONE src/jmh/java/io/reactivex/rxjava4/core/RxVsStreamPerf.java wave29b [15:30]
2026-08-09T18:35:11Z DONE src/jmh/java/io/reactivex/rxjava4/core/StrictPerf.java wave29b [15:30]
2026-08-09T18:35:11Z DONE src/jmh/java/io/reactivex/rxjava4/core/TakeUntilPerf.java wave29b [15:30]
2026-08-09T18:35:11Z DONE src/jmh/java/io/reactivex/rxjava4/core/ToFlowablePerf.java wave29b [15:30]
2026-08-09T18:35:11Z DONE src/jmh/java/io/reactivex/rxjava4/core/XMapYPerf.java wave29b [15:30]
2026-08-09T18:35:11Z DONE src/jmh/java/io/reactivex/rxjava4/parallel/ParallelPerf.java wave29b [15:30]
2026-08-09T18:35:11Z DONE src/jmh/java/io/reactivex/rxjava4/streamable/StreamableCollectPerf.java wave29b [15:30]
2026-08-09T18:35:11Z DONE src/jmh/java/io/reactivex/rxjava4/streamable/StreamableConcatIterablePerf.java wave29b [15:30]
2026-08-09T18:35:11Z DONE src/jmh/java/io/reactivex/rxjava4/streamable/StreamableFilterPerf.java wave29b [15:30]
2026-08-09T18:39:24Z DONE src/jmh/java/io/reactivex/rxjava4/xmapz/FlowableSwitchMapMaybePerf.java wave30b
2026-08-09T18:39:24Z DONE src/jmh/java/io/reactivex/rxjava4/xmapz/FlowableSwitchMapSinglePerf.java wave30b
2026-08-09T18:39:24Z DONE src/jmh/java/io/reactivex/rxjava4/xmapz/ObservableConcatMapCompletablePerf.java wave30b
2026-08-09T18:39:24Z DONE src/jmh/java/io/reactivex/rxjava4/xmapz/ObservableConcatMapMaybeEmptyPerf.java wave30b
2026-08-09T18:39:24Z DONE src/jmh/java/io/reactivex/rxjava4/xmapz/ObservableConcatMapMaybePerf.java wave30b
2026-08-09T18:39:24Z DONE src/jmh/java/io/reactivex/rxjava4/xmapz/ObservableConcatMapSinglePerf.java wave30b
2026-08-09T18:39:24Z DONE src/jmh/java/io/reactivex/rxjava4/xmapz/ObservableFlatMapCompletablePerf.java wave30b
2026-08-09T18:39:24Z DONE src/jmh/java/io/reactivex/rxjava4/xmapz/ObservableFlatMapMaybeEmptyPerf.java wave30b
2026-08-09T18:39:24Z DONE src/jmh/java/io/reactivex/rxjava4/xmapz/ObservableFlatMapMaybePerf.java wave30b
2026-08-09T18:39:24Z DONE src/jmh/java/io/reactivex/rxjava4/xmapz/ObservableFlatMapSinglePerf.java wave30b
2026-08-09T18:39:24Z DONE src/jmh/java/io/reactivex/rxjava4/xmapz/ObservableSwitchMapCompletablePerf.java wave30b
2026-08-09T18:39:24Z DONE src/jmh/java/io/reactivex/rxjava4/xmapz/ObservableSwitchMapMaybeEmptyPerf.java wave30b
2026-08-09T18:39:24Z DONE src/jmh/java/io/reactivex/rxjava4/xmapz/ObservableSwitchMapMaybePerf.java wave30b
2026-08-09T18:39:24Z DONE src/jmh/java/io/reactivex/rxjava4/xmapz/ObservableSwitchMapSinglePerf.java wave30b
2026-08-09T18:40:27Z DONE src/jmh/java/io/reactivex/rxjava4/streamable/StreamableLastAsSinglePerf.java wave30a
2026-08-09T18:40:27Z DONE src/jmh/java/io/reactivex/rxjava4/streamable/StreamableMapOptionalPerf.java wave30a
2026-08-09T18:40:27Z DONE src/jmh/java/io/reactivex/rxjava4/streamable/StreamableMapPerf.java wave30a
2026-08-09T18:40:27Z DONE src/jmh/java/io/reactivex/rxjava4/streamable/StreamableSkipPerf.java wave30a
2026-08-09T18:40:27Z DONE src/jmh/java/io/reactivex/rxjava4/xmapz/FlowableConcatMapCompletablePerf.java wave30a
2026-08-09T18:40:27Z DONE src/jmh/java/io/reactivex/rxjava4/xmapz/FlowableConcatMapMaybeEmptyPerf.java wave30a
2026-08-09T18:40:27Z DONE src/jmh/java/io/reactivex/rxjava4/xmapz/FlowableConcatMapMaybePerf.java wave30a
2026-08-09T18:40:27Z DONE src/jmh/java/io/reactivex/rxjava4/xmapz/FlowableConcatMapSinglePerf.java wave30a
2026-08-09T18:40:27Z DONE src/jmh/java/io/reactivex/rxjava4/xmapz/FlowableFlatMapCompletablePerf.java wave30a
2026-08-09T18:40:27Z DONE src/jmh/java/io/reactivex/rxjava4/xmapz/FlowableFlatMapMaybeEmptyPerf.java wave30a
2026-08-09T18:40:27Z DONE src/jmh/java/io/reactivex/rxjava4/xmapz/FlowableFlatMapMaybePerf.java wave30a
2026-08-09T18:40:27Z DONE src/jmh/java/io/reactivex/rxjava4/xmapz/FlowableFlatMapSinglePerf.java wave30a
2026-08-09T18:40:27Z DONE src/jmh/java/io/reactivex/rxjava4/xmapz/FlowableSwitchMapCompletablePerf.java wave30a
2026-08-09T18:40:27Z DONE src/jmh/java/io/reactivex/rxjava4/xmapz/FlowableSwitchMapMaybeEmptyPerf.java wave30a
2026-08-09T18:43:04Z DONE src/main/java/io/reactivex/rxjava4/internal/operators/flowable/FlowableGroupBy.java wave31b mega [15:30]
2026-08-09T18:43:04Z DONE src/main/java/io/reactivex/rxjava4/internal/operators/flowable/FlowableGroupJoin.java wave31b mega [15:30]
2026-08-09T18:43:04Z DONE src/main/java/io/reactivex/rxjava4/internal/operators/flowable/FlowableJoin.java wave31b mega [15:30]
2026-08-09T18:43:04Z DONE src/main/java/io/reactivex/rxjava4/internal/operators/flowable/FlowableObserveOn.java wave31b mega [15:30]
2026-08-09T18:43:04Z DONE src/main/java/io/reactivex/rxjava4/internal/operators/flowable/FlowablePublish.java wave31b mega [15:30]
2026-08-09T18:43:04Z DONE src/main/java/io/reactivex/rxjava4/internal/operators/flowable/FlowablePublishMulticast.java wave31b mega [15:30]
2026-08-09T18:43:04Z DONE src/main/java/io/reactivex/rxjava4/internal/operators/flowable/FlowableReplay.java wave31b mega [15:30]
2026-08-09T18:43:04Z DONE src/main/java/io/reactivex/rxjava4/internal/operators/flowable/FlowableSwitchMap.java wave31b mega [15:30]
2026-08-09T18:43:04Z DONE src/main/java/io/reactivex/rxjava4/internal/operators/flowable/FlowableWindow.java wave31b mega [15:30]
2026-08-09T18:43:04Z DONE src/main/java/io/reactivex/rxjava4/internal/operators/flowable/FlowableWindowBoundarySelector.java wave31b mega [15:30]
2026-08-09T18:43:04Z DONE src/main/java/io/reactivex/rxjava4/internal/operators/flowable/FlowableWindowTimed.java wave31b mega [15:30]
2026-08-09T18:43:04Z DONE src/main/java/io/reactivex/rxjava4/internal/operators/flowable/FlowableZip.java wave31b mega [15:30]
2026-08-09T18:43:04Z DONE src/main/java/io/reactivex/rxjava4/internal/operators/maybe/MaybeMergeArray.java wave31b mega [15:30]
2026-08-09T18:43:04Z DONE src/main/java/io/reactivex/rxjava4/internal/operators/observable/ObservableBufferTimed.java wave31b mega [15:30]
2026-08-09T18:43:04Z DONE src/main/java/io/reactivex/rxjava4/internal/operators/observable/ObservableCache.java wave31b mega [15:30]
2026-08-09T18:45:00Z DONE src/main/java/io/reactivex/rxjava4/core/Scheduler.java wave31a mega [0:15]
2026-08-09T18:45:00Z DONE src/main/java/io/reactivex/rxjava4/core/Streamable.java wave31a mega [0:15]
2026-08-09T18:45:00Z DONE src/main/java/io/reactivex/rxjava4/internal/functions/Functions.java wave31a mega [0:15]
2026-08-09T18:45:00Z DONE src/main/java/io/reactivex/rxjava4/internal/operators/flowable/FlowableBuffer.java wave31a mega [0:15]
2026-08-09T18:45:00Z DONE src/main/java/io/reactivex/rxjava4/internal/operators/flowable/FlowableBufferBoundary.java wave31a mega [0:15]
2026-08-09T18:45:00Z DONE src/main/java/io/reactivex/rxjava4/internal/operators/flowable/FlowableBufferTimed.java wave31a mega [0:15]
2026-08-09T18:45:00Z DONE src/main/java/io/reactivex/rxjava4/internal/operators/flowable/FlowableCache.java wave31a mega [0:15]
2026-08-09T18:45:00Z DONE src/main/java/io/reactivex/rxjava4/internal/operators/flowable/FlowableCombineLatest.java wave31a mega [0:15]
2026-08-09T18:45:00Z DONE src/main/java/io/reactivex/rxjava4/internal/operators/flowable/FlowableConcatMap.java wave31a mega [0:15]
2026-08-09T18:45:00Z DONE src/main/java/io/reactivex/rxjava4/internal/operators/flowable/FlowableConcatMapScheduler.java wave31a mega [0:15]
2026-08-09T18:45:00Z DONE src/main/java/io/reactivex/rxjava4/internal/operators/flowable/FlowableCreate.java wave31a mega [0:15]
2026-08-09T18:45:00Z DONE src/main/java/io/reactivex/rxjava4/internal/operators/flowable/FlowableFlatMap.java wave31a mega [0:15]
2026-08-09T18:45:00Z DONE src/main/java/io/reactivex/rxjava4/internal/operators/flowable/FlowableFlatMapMaybe.java wave31a mega [0:15]
2026-08-09T18:45:00Z DONE src/main/java/io/reactivex/rxjava4/internal/operators/flowable/FlowableFlattenIterable.java wave31a mega [0:15]
2026-08-09T18:45:00Z DONE src/main/java/io/reactivex/rxjava4/internal/operators/flowable/FlowableFromIterable.java wave31a mega [0:15]
2026-08-09T18:47:00Z DONE src/main/java/io/reactivex/rxjava4/internal/operators/parallel/ParallelRunOn.java wave32b mega [10:20]
2026-08-09T18:47:00Z DONE src/main/java/io/reactivex/rxjava4/internal/operators/streamable/StreamableHelper.java wave32b mega [10:20]
2026-08-09T18:47:00Z DONE src/main/java/io/reactivex/rxjava4/internal/schedulers/BlockingCurrentThreadScheduler.java wave32b mega [10:20]
2026-08-09T18:47:00Z DONE src/main/java/io/reactivex/rxjava4/internal/schedulers/DeferredExecutorScheduler.java wave32b mega [10:20]
2026-08-09T18:47:00Z DONE src/main/java/io/reactivex/rxjava4/internal/schedulers/ExecutorScheduler.java wave32b mega [10:20]
2026-08-09T18:47:00Z DONE src/main/java/io/reactivex/rxjava4/internal/schedulers/ParallelScheduler.java wave32b mega [10:20]
2026-08-09T18:47:00Z DONE src/main/java/io/reactivex/rxjava4/internal/util/QueueDrainHelper.java wave32b mega [10:20]
2026-08-09T18:47:00Z DONE src/main/java/io/reactivex/rxjava4/observers/BaseTestConsumer.java wave32b mega [10:20]
2026-08-09T18:47:00Z DONE src/main/java/io/reactivex/rxjava4/parallel/ParallelFlowable.java wave32b mega [10:20]
2026-08-09T18:47:00Z DONE src/main/java/io/reactivex/rxjava4/plugins/RxJavaPlugins.java wave32b mega [10:20]
