2026-08-09T16:44:09Z DONE core/spring-boot/src/main/java/org/springframework/boot/context/config/LocationResourceLoader.java wave6a-restored-marks
2026-08-09T16:44:09Z DONE core/spring-boot/src/main/java/org/springframework/boot/context/config/Profiles.java wave6a-restored-marks
2026-08-09T16:44:09Z DONE core/spring-boot/src/main/java/org/springframework/boot/context/config/ProfilesValidator.java wave6a-restored-marks
2026-08-09T16:44:09Z DONE core/spring-boot/src/main/java/org/springframework/boot/context/config/StandardConfigDataLoader.java wave6a-restored-marks
2026-08-09T16:44:09Z DONE core/spring-boot/src/main/java/org/springframework/boot/context/config/StandardConfigDataLocationResolver.java wave6a-restored-marks
2026-08-09T16:44:09Z DONE core/spring-boot/src/main/java/org/springframework/boot/context/config/StandardConfigDataReference.java wave6a-restored-marks
2026-08-09T16:44:09Z DONE core/spring-boot/src/main/java/org/springframework/boot/context/config/StandardConfigDataResource.java wave6a-restored-marks
2026-08-09T16:44:09Z DONE core/spring-boot/src/main/java/org/springframework/boot/context/config/SystemEnvironmentConfigDataLoader.java wave6a-restored-marks
2026-08-09T16:44:09Z DONE core/spring-boot/src/main/java/org/springframework/boot/context/config/SystemEnvironmentConfigDataLocationResolver.java wave6a-restored-marks
2026-08-09T16:44:09Z DONE core/spring-boot/src/main/java/org/springframework/boot/context/config/SystemEnvironmentConfigDataResource.java wave6a-restored-marks
2026-08-09T16:44:09Z DONE core/spring-boot/src/main/java/org/springframework/boot/context/config/UnsupportedConfigDataLocationException.java wave6a-restored-marks
2026-08-09T16:44:09Z DONE core/spring-boot/src/main/java/org/springframework/boot/context/event/ApplicationContextInitializedEvent.java wave6a-restored-marks
2026-08-09T16:44:09Z DONE core/spring-boot/src/main/java/org/springframework/boot/context/event/ApplicationEnvironmentPreparedEvent.java wave6a-restored-marks
2026-08-09T16:44:09Z DONE core/spring-boot/src/main/java/org/springframework/boot/context/event/ApplicationFailedEvent.java wave6a-restored-marks
2026-08-09T16:44:09Z DONE core/spring-boot/src/main/java/org/springframework/boot/context/event/ApplicationPreparedEvent.java wave6a-restored-marks
2026-08-09T16:44:09Z DONE core/spring-boot/src/main/java/org/springframework/boot/context/event/ApplicationReadyEvent.java wave6a-restored-marks
2026-08-09T16:44:09Z DONE core/spring-boot/src/main/java/org/springframework/boot/context/event/ApplicationStartedEvent.java wave6a-restored-marks
2026-08-09T16:44:09Z DONE core/spring-boot/src/main/java/org/springframework/boot/context/event/ApplicationStartingEvent.java wave6a-restored-marks
2026-08-09T16:44:09Z DONE core/spring-boot/src/main/java/org/springframework/boot/context/event/EventPublishingRunListener.java wave6a-restored-marks
2026-08-09T16:44:09Z DONE core/spring-boot/src/main/java/org/springframework/boot/context/event/SpringApplicationEvent.java wave6a-restored-marks
2026-08-09T16:50:49Z DONE core/spring-boot/src/main/java/org/springframework/boot/context/properties/bind/ValueObjectBinder.java wave8a
2026-08-09T16:50:49Z DONE core/spring-boot/src/main/java/org/springframework/boot/context/properties/bind/handler/IgnoreErrorsBindHandler.java wave8a
2026-08-09T16:50:49Z DONE core/spring-boot/src/main/java/org/springframework/boot/context/properties/bind/handler/IgnoreTopLevelConverterNotFoundBindHandler.java wave8a
2026-08-09T16:50:49Z DONE core/spring-boot/src/main/java/org/springframework/boot/context/properties/bind/handler/NoUnboundElementsBindHandler.java wave8a
2026-08-09T16:50:49Z DONE core/spring-boot/src/main/java/org/springframework/boot/context/properties/bind/validation/BindValidationException.java wave8a
2026-08-09T16:50:49Z DONE core/spring-boot/src/main/java/org/springframework/boot/context/properties/bind/validation/OriginTrackedFieldError.java wave8a
2026-08-09T16:50:49Z DONE core/spring-boot/src/main/java/org/springframework/boot/context/properties/bind/validation/ValidationBindHandler.java wave8a
2026-08-09T16:50:49Z DONE core/spring-boot/src/main/java/org/springframework/boot/context/properties/bind/validation/ValidationErrors.java wave8a
2026-08-09T16:50:49Z DONE core/spring-boot/src/main/java/org/springframework/boot/context/properties/source/AliasedConfigurationPropertySource.java wave8a
2026-08-09T16:50:49Z DONE core/spring-boot/src/main/java/org/springframework/boot/context/properties/source/AliasedIterableConfigurationPropertySource.java wave8a
2026-08-09T16:50:49Z DONE core/spring-boot/src/main/java/org/springframework/boot/context/properties/source/CachingConfigurationPropertySource.java wave8a
2026-08-09T16:50:49Z DONE core/spring-boot/src/main/java/org/springframework/boot/context/properties/source/ConfigurationProperty.java wave8a
2026-08-09T16:50:49Z DONE core/spring-boot/src/main/java/org/springframework/boot/context/properties/source/ConfigurationPropertyCaching.java wave8a
2026-08-09T16:50:49Z DONE core/spring-boot/src/main/java/org/springframework/boot/context/properties/source/ConfigurationPropertyNameAliases.java wave8a
2026-08-09T16:50:49Z DONE core/spring-boot/src/main/java/org/springframework/boot/context/properties/source/ConfigurationPropertySource.java wave8a
2026-08-09T16:50:49Z DONE core/spring-boot/src/main/java/org/springframework/boot/context/properties/source/ConfigurationPropertySources.java wave8a
2026-08-09T16:50:49Z DONE core/spring-boot/src/main/java/org/springframework/boot/context/properties/source/ConfigurationPropertySourcesCaching.java wave8a
2026-08-09T16:50:49Z DONE core/spring-boot/src/main/java/org/springframework/boot/context/properties/source/ConfigurationPropertySourcesPropertyResolver.java wave8a
2026-08-09T16:50:49Z DONE core/spring-boot/src/main/java/org/springframework/boot/context/properties/source/ConfigurationPropertySourcesPropertySource.java wave8a
2026-08-09T16:50:49Z DONE core/spring-boot/src/main/java/org/springframework/boot/context/properties/source/ConfigurationPropertyState.java wave8a
2026-08-09T16:55:40Z DONE core/spring-boot/src/main/java/org/springframework/boot/context/properties/bind/ValueObjectBinder.java wave8a bind/source [0:20] queue-fix
2026-08-09T16:55:40Z DONE core/spring-boot/src/main/java/org/springframework/boot/context/properties/bind/handler/IgnoreErrorsBindHandler.java wave8a bind/source [0:20] queue-fix
2026-08-09T16:55:40Z DONE core/spring-boot/src/main/java/org/springframework/boot/context/properties/bind/handler/IgnoreTopLevelConverterNotFoundBindHandler.java wave8a bind/source [0:20] queue-fix
2026-08-09T16:55:40Z DONE core/spring-boot/src/main/java/org/springframework/boot/context/properties/bind/handler/NoUnboundElementsBindHandler.java wave8a bind/source [0:20] queue-fix
2026-08-09T16:55:40Z DONE core/spring-boot/src/main/java/org/springframework/boot/context/properties/bind/validation/BindValidationException.java wave8a bind/source [0:20] queue-fix
2026-08-09T16:55:40Z DONE core/spring-boot/src/main/java/org/springframework/boot/context/properties/bind/validation/OriginTrackedFieldError.java wave8a bind/source [0:20] queue-fix
2026-08-09T16:55:40Z DONE core/spring-boot/src/main/java/org/springframework/boot/context/properties/bind/validation/ValidationBindHandler.java wave8a bind/source [0:20] queue-fix
2026-08-09T16:55:40Z DONE core/spring-boot/src/main/java/org/springframework/boot/context/properties/bind/validation/ValidationErrors.java wave8a bind/source [0:20] queue-fix
2026-08-09T16:55:40Z DONE core/spring-boot/src/main/java/org/springframework/boot/context/properties/source/AliasedConfigurationPropertySource.java wave8a bind/source [0:20] queue-fix
2026-08-09T16:55:40Z DONE core/spring-boot/src/main/java/org/springframework/boot/context/properties/source/AliasedIterableConfigurationPropertySource.java wave8a bind/source [0:20] queue-fix
2026-08-09T16:55:40Z DONE core/spring-boot/src/main/java/org/springframework/boot/context/properties/source/CachingConfigurationPropertySource.java wave8a bind/source [0:20] queue-fix
2026-08-09T16:55:40Z DONE core/spring-boot/src/main/java/org/springframework/boot/context/properties/source/ConfigurationProperty.java wave8a bind/source [0:20] queue-fix
2026-08-09T16:55:40Z DONE core/spring-boot/src/main/java/org/springframework/boot/context/properties/source/ConfigurationPropertyCaching.java wave8a bind/source [0:20] queue-fix
2026-08-09T16:55:40Z DONE core/spring-boot/src/main/java/org/springframework/boot/context/properties/source/ConfigurationPropertyNameAliases.java wave8a bind/source [0:20] queue-fix
2026-08-09T16:55:40Z DONE core/spring-boot/src/main/java/org/springframework/boot/context/properties/source/ConfigurationPropertySource.java wave8a bind/source [0:20] queue-fix
2026-08-09T16:55:40Z DONE core/spring-boot/src/main/java/org/springframework/boot/context/properties/source/ConfigurationPropertySources.java wave8a bind/source [0:20] queue-fix
2026-08-09T16:55:40Z DONE core/spring-boot/src/main/java/org/springframework/boot/context/properties/source/ConfigurationPropertySourcesCaching.java wave8a bind/source [0:20] queue-fix
2026-08-09T16:55:40Z DONE core/spring-boot/src/main/java/org/springframework/boot/context/properties/source/ConfigurationPropertySourcesPropertyResolver.java wave8a bind/source [0:20] queue-fix
2026-08-09T16:55:40Z DONE core/spring-boot/src/main/java/org/springframework/boot/context/properties/source/ConfigurationPropertySourcesPropertySource.java wave8a bind/source [0:20] queue-fix
2026-08-09T16:55:40Z DONE core/spring-boot/src/main/java/org/springframework/boot/context/properties/source/ConfigurationPropertyState.java wave8a bind/source [0:20] queue-fix
2026-08-09T16:55:42Z DONE core/spring-boot/src/main/java/org/springframework/boot/convert/CollectionToDelimitedStringConverter.java wave9a convert [0:20]
2026-08-09T16:55:42Z DONE core/spring-boot/src/main/java/org/springframework/boot/convert/DataSizeUnit.java wave9a convert [0:20]
2026-08-09T16:55:42Z DONE core/spring-boot/src/main/java/org/springframework/boot/convert/DelimitedStringToArrayConverter.java wave9a convert [0:20]
2026-08-09T16:55:42Z DONE core/spring-boot/src/main/java/org/springframework/boot/convert/DelimitedStringToCollectionConverter.java wave9a convert [0:20]
2026-08-09T16:55:42Z DONE core/spring-boot/src/main/java/org/springframework/boot/convert/Delimiter.java wave9a convert [0:20]
2026-08-09T16:55:42Z DONE core/spring-boot/src/main/java/org/springframework/boot/convert/DurationFormat.java wave9a convert [0:20]
2026-08-09T16:55:42Z DONE core/spring-boot/src/main/java/org/springframework/boot/convert/DurationStyle.java wave9a convert [0:20]
2026-08-09T16:55:42Z DONE core/spring-boot/src/main/java/org/springframework/boot/convert/DurationToNumberConverter.java wave9a convert [0:20]
2026-08-09T16:55:42Z DONE core/spring-boot/src/main/java/org/springframework/boot/convert/DurationToStringConverter.java wave9a convert [0:20]
2026-08-09T16:55:42Z DONE core/spring-boot/src/main/java/org/springframework/boot/convert/DurationUnit.java wave9a convert [0:20]
2026-08-09T16:55:42Z DONE core/spring-boot/src/main/java/org/springframework/boot/convert/InetAddressFormatter.java wave9a convert [0:20]
2026-08-09T16:55:42Z DONE core/spring-boot/src/main/java/org/springframework/boot/convert/InputStreamSourceToByteArrayConverter.java wave9a convert [0:20]
2026-08-09T16:55:42Z DONE core/spring-boot/src/main/java/org/springframework/boot/convert/IsoOffsetFormatter.java wave9a convert [0:20]
2026-08-09T16:55:42Z DONE core/spring-boot/src/main/java/org/springframework/boot/convert/LenientBooleanToEnumConverterFactory.java wave9a convert [0:20]
2026-08-09T16:55:42Z DONE core/spring-boot/src/main/java/org/springframework/boot/convert/LenientObjectToEnumConverterFactory.java wave9a convert [0:20]
2026-08-09T16:55:42Z DONE core/spring-boot/src/main/java/org/springframework/boot/convert/LenientStringToEnumConverterFactory.java wave9a convert [0:20]
2026-08-09T16:55:42Z DONE core/spring-boot/src/main/java/org/springframework/boot/convert/NumberToDataSizeConverter.java wave9a convert [0:20]
2026-08-09T16:55:42Z DONE core/spring-boot/src/main/java/org/springframework/boot/convert/NumberToDurationConverter.java wave9a convert [0:20]
2026-08-09T16:55:42Z DONE core/spring-boot/src/main/java/org/springframework/boot/convert/NumberToPeriodConverter.java wave9a convert [0:20]
2026-08-09T16:55:42Z DONE core/spring-boot/src/main/java/org/springframework/boot/convert/PeriodFormat.java wave9a convert [0:20]
2026-08-09T16:55:59Z DONE core/spring-boot/src/main/java/org/springframework/boot/convert/PeriodStyle.java wave9b convert/diagnostics [20:40]
2026-08-09T16:55:59Z DONE core/spring-boot/src/main/java/org/springframework/boot/convert/PeriodToStringConverter.java wave9b convert/diagnostics [20:40]
2026-08-09T16:55:59Z DONE core/spring-boot/src/main/java/org/springframework/boot/convert/PeriodUnit.java wave9b convert/diagnostics [20:40]
2026-08-09T16:55:59Z DONE core/spring-boot/src/main/java/org/springframework/boot/convert/StringToDataSizeConverter.java wave9b convert/diagnostics [20:40]
2026-08-09T16:55:59Z DONE core/spring-boot/src/main/java/org/springframework/boot/convert/StringToDurationConverter.java wave9b convert/diagnostics [20:40]
2026-08-09T16:55:59Z DONE core/spring-boot/src/main/java/org/springframework/boot/convert/StringToFileConverter.java wave9b convert/diagnostics [20:40]
2026-08-09T16:55:59Z DONE core/spring-boot/src/main/java/org/springframework/boot/convert/StringToPeriodConverter.java wave9b convert/diagnostics [20:40]
2026-08-09T16:55:59Z DONE core/spring-boot/src/main/java/org/springframework/boot/diagnostics/AbstractFailureAnalyzer.java wave9b convert/diagnostics [20:40]
2026-08-09T16:55:59Z DONE core/spring-boot/src/main/java/org/springframework/boot/diagnostics/FailureAnalysis.java wave9b convert/diagnostics [20:40]
2026-08-09T16:55:59Z DONE core/spring-boot/src/main/java/org/springframework/boot/diagnostics/FailureAnalysisReporter.java wave9b convert/diagnostics [20:40]
2026-08-09T16:55:59Z DONE core/spring-boot/src/main/java/org/springframework/boot/diagnostics/FailureAnalyzedException.java wave9b convert/diagnostics [20:40]
2026-08-09T16:55:59Z DONE core/spring-boot/src/main/java/org/springframework/boot/diagnostics/FailureAnalyzer.java wave9b convert/diagnostics [20:40]
2026-08-09T16:55:59Z DONE core/spring-boot/src/main/java/org/springframework/boot/diagnostics/FailureAnalyzers.java wave9b convert/diagnostics [20:40]
2026-08-09T16:55:59Z DONE core/spring-boot/src/main/java/org/springframework/boot/diagnostics/LoggingFailureAnalysisReporter.java wave9b convert/diagnostics [20:40]
2026-08-09T16:55:59Z DONE core/spring-boot/src/main/java/org/springframework/boot/diagnostics/analyzer/AbstractInjectionFailureAnalyzer.java wave9b convert/diagnostics [20:40]
2026-08-09T16:55:59Z DONE core/spring-boot/src/main/java/org/springframework/boot/diagnostics/analyzer/AotInitializerNotFoundFailureAnalyzer.java wave9b convert/diagnostics [20:40]
2026-08-09T16:55:59Z DONE core/spring-boot/src/main/java/org/springframework/boot/diagnostics/analyzer/BeanCurrentlyInCreationFailureAnalyzer.java wave9b convert/diagnostics [20:40]
2026-08-09T16:55:59Z DONE core/spring-boot/src/main/java/org/springframework/boot/diagnostics/analyzer/BeanDefinitionOverrideFailureAnalyzer.java wave9b convert/diagnostics [20:40]
2026-08-09T16:55:59Z DONE core/spring-boot/src/main/java/org/springframework/boot/diagnostics/analyzer/BeanNotOfRequiredTypeFailureAnalyzer.java wave9b convert/diagnostics [20:40]
2026-08-09T16:55:59Z DONE core/spring-boot/src/main/java/org/springframework/boot/diagnostics/analyzer/BindFailureAnalyzer.java wave9b convert/diagnostics [20:40]
2026-08-09T16:59:21Z DONE core/spring-boot/src/main/java/org/springframework/boot/env/RandomValuePropertySource.java wave10b env/info/io/json [20:40]
2026-08-09T16:59:21Z DONE core/spring-boot/src/main/java/org/springframework/boot/env/YamlPropertySourceLoader.java wave10b env/info/io/json [20:40]
2026-08-09T16:59:21Z DONE core/spring-boot/src/main/java/org/springframework/boot/info/BuildProperties.java wave10b env/info/io/json [20:40]
2026-08-09T16:59:21Z DONE core/spring-boot/src/main/java/org/springframework/boot/info/GitProperties.java wave10b env/info/io/json [20:40]
2026-08-09T16:59:21Z DONE core/spring-boot/src/main/java/org/springframework/boot/info/InfoProperties.java wave10b env/info/io/json [20:40]
2026-08-09T16:59:21Z DONE core/spring-boot/src/main/java/org/springframework/boot/info/JavaInfo.java wave10b env/info/io/json [20:40]
2026-08-09T16:59:21Z DONE core/spring-boot/src/main/java/org/springframework/boot/info/OsInfo.java wave10b env/info/io/json [20:40]
2026-08-09T16:59:21Z DONE core/spring-boot/src/main/java/org/springframework/boot/info/ProcessInfo.java wave10b env/info/io/json [20:40]
2026-08-09T16:59:21Z DONE core/spring-boot/src/main/java/org/springframework/boot/info/SslInfo.java wave10b env/info/io/json [20:40]
2026-08-09T16:59:21Z DONE core/spring-boot/src/main/java/org/springframework/boot/io/ApplicationResourceLoader.java wave10b env/info/io/json [20:40]
2026-08-09T16:59:21Z DONE core/spring-boot/src/main/java/org/springframework/boot/io/Base64ProtocolResolver.java wave10b env/info/io/json [20:40]
2026-08-09T16:59:21Z DONE core/spring-boot/src/main/java/org/springframework/boot/io/ClassPathResourceFilePathResolver.java wave10b env/info/io/json [20:40]
2026-08-09T16:59:21Z DONE core/spring-boot/src/main/java/org/springframework/boot/io/ProtocolResolverApplicationContextInitializer.java wave10b env/info/io/json [20:40]
2026-08-09T16:59:21Z DONE core/spring-boot/src/main/java/org/springframework/boot/json/AbstractJsonParser.java wave10b env/info/io/json [20:40]
2026-08-09T16:59:21Z DONE core/spring-boot/src/main/java/org/springframework/boot/json/AppendableByteArray.java wave10b env/info/io/json [20:40]
2026-08-09T16:59:21Z DONE core/spring-boot/src/main/java/org/springframework/boot/json/BasicJsonParser.java wave10b env/info/io/json [20:40]
2026-08-09T16:59:21Z DONE core/spring-boot/src/main/java/org/springframework/boot/json/GsonJsonParser.java wave10b env/info/io/json [20:40]
2026-08-09T16:59:21Z DONE core/spring-boot/src/main/java/org/springframework/boot/json/JacksonJsonParser.java wave10b env/info/io/json [20:40]
2026-08-09T16:59:21Z DONE core/spring-boot/src/main/java/org/springframework/boot/json/JsonParseException.java wave10b env/info/io/json [20:40]
2026-08-09T16:59:21Z DONE core/spring-boot/src/main/java/org/springframework/boot/json/JsonParser.java wave10b env/info/io/json [20:40]
2026-08-09T16:59:26Z DONE core/spring-boot/src/main/java/org/springframework/boot/diagnostics/analyzer/BindValidationFailureAnalyzer.java wave10a [0:20]
2026-08-09T16:59:26Z DONE core/spring-boot/src/main/java/org/springframework/boot/diagnostics/analyzer/InvalidConfigurationPropertyNameFailureAnalyzer.java wave10a [0:20]
2026-08-09T16:59:26Z DONE core/spring-boot/src/main/java/org/springframework/boot/diagnostics/analyzer/InvalidConfigurationPropertyValueFailureAnalyzer.java wave10a [0:20]
2026-08-09T16:59:26Z DONE core/spring-boot/src/main/java/org/springframework/boot/diagnostics/analyzer/MissingParameterNamesFailureAnalyzer.java wave10a [0:20]
2026-08-09T16:59:26Z DONE core/spring-boot/src/main/java/org/springframework/boot/diagnostics/analyzer/MutuallyExclusiveConfigurationPropertiesFailureAnalyzer.java wave10a [0:20]
2026-08-09T16:59:26Z DONE core/spring-boot/src/main/java/org/springframework/boot/diagnostics/analyzer/NoSuchMethodFailureAnalyzer.java wave10a [0:20]
2026-08-09T16:59:26Z DONE core/spring-boot/src/main/java/org/springframework/boot/diagnostics/analyzer/NoUniqueBeanDefinitionFailureAnalyzer.java wave10a [0:20]
2026-08-09T16:59:26Z DONE core/spring-boot/src/main/java/org/springframework/boot/diagnostics/analyzer/PatternParseFailureAnalyzer.java wave10a [0:20]
2026-08-09T16:59:26Z DONE core/spring-boot/src/main/java/org/springframework/boot/diagnostics/analyzer/UnboundConfigurationPropertyFailureAnalyzer.java wave10a [0:20]
2026-08-09T16:59:26Z DONE core/spring-boot/src/main/java/org/springframework/boot/diagnostics/analyzer/ValidationExceptionFailureAnalyzer.java wave10a [0:20]
2026-08-09T16:59:26Z DONE core/spring-boot/src/main/java/org/springframework/boot/env/ConfigTreePropertySource.java wave10a [0:20]
2026-08-09T16:59:26Z DONE core/spring-boot/src/main/java/org/springframework/boot/env/DefaultPropertiesPropertySource.java wave10a [0:20]
2026-08-09T16:59:26Z DONE core/spring-boot/src/main/java/org/springframework/boot/env/EnvironmentPostProcessor.java wave10a [0:20]
2026-08-09T16:59:26Z DONE core/spring-boot/src/main/java/org/springframework/boot/env/OriginTrackedMapPropertySource.java wave10a [0:20]
2026-08-09T16:59:26Z DONE core/spring-boot/src/main/java/org/springframework/boot/env/OriginTrackedPropertiesLoader.java wave10a [0:20]
2026-08-09T16:59:26Z DONE core/spring-boot/src/main/java/org/springframework/boot/env/OriginTrackedYamlLoader.java wave10a [0:20]
2026-08-09T16:59:26Z DONE core/spring-boot/src/main/java/org/springframework/boot/env/PropertiesPropertySourceLoader.java wave10a [0:20]
2026-08-09T16:59:26Z DONE core/spring-boot/src/main/java/org/springframework/boot/env/PropertySourceInfo.java wave10a [0:20]
2026-08-09T16:59:26Z DONE core/spring-boot/src/main/java/org/springframework/boot/env/PropertySourceLoader.java wave10a [0:20]
2026-08-09T16:59:26Z DONE core/spring-boot/src/main/java/org/springframework/boot/env/PropertySourceRuntimeHints.java wave10a [0:20]
2026-08-09T16:59:34Z DONE core/spring-boot/src/main/java/org/springframework/boot/diagnostics/analyzer/BindValidationFailureAnalyzer.java wave10a [0:20]
2026-08-09T16:59:34Z DONE core/spring-boot/src/main/java/org/springframework/boot/diagnostics/analyzer/InvalidConfigurationPropertyNameFailureAnalyzer.java wave10a [0:20]
2026-08-09T16:59:34Z DONE core/spring-boot/src/main/java/org/springframework/boot/diagnostics/analyzer/InvalidConfigurationPropertyValueFailureAnalyzer.java wave10a [0:20]
2026-08-09T16:59:34Z DONE core/spring-boot/src/main/java/org/springframework/boot/diagnostics/analyzer/MissingParameterNamesFailureAnalyzer.java wave10a [0:20]
2026-08-09T16:59:34Z DONE core/spring-boot/src/main/java/org/springframework/boot/diagnostics/analyzer/MutuallyExclusiveConfigurationPropertiesFailureAnalyzer.java wave10a [0:20]
2026-08-09T16:59:34Z DONE core/spring-boot/src/main/java/org/springframework/boot/diagnostics/analyzer/NoSuchMethodFailureAnalyzer.java wave10a [0:20]
2026-08-09T16:59:34Z DONE core/spring-boot/src/main/java/org/springframework/boot/diagnostics/analyzer/NoUniqueBeanDefinitionFailureAnalyzer.java wave10a [0:20]
2026-08-09T16:59:34Z DONE core/spring-boot/src/main/java/org/springframework/boot/diagnostics/analyzer/PatternParseFailureAnalyzer.java wave10a [0:20]
2026-08-09T16:59:34Z DONE core/spring-boot/src/main/java/org/springframework/boot/diagnostics/analyzer/UnboundConfigurationPropertyFailureAnalyzer.java wave10a [0:20]
2026-08-09T16:59:34Z DONE core/spring-boot/src/main/java/org/springframework/boot/diagnostics/analyzer/ValidationExceptionFailureAnalyzer.java wave10a [0:20]
2026-08-09T16:59:34Z DONE core/spring-boot/src/main/java/org/springframework/boot/env/ConfigTreePropertySource.java wave10a [0:20]
2026-08-09T16:59:34Z DONE core/spring-boot/src/main/java/org/springframework/boot/env/DefaultPropertiesPropertySource.java wave10a [0:20]
2026-08-09T16:59:34Z DONE core/spring-boot/src/main/java/org/springframework/boot/env/EnvironmentPostProcessor.java wave10a [0:20]
2026-08-09T16:59:34Z DONE core/spring-boot/src/main/java/org/springframework/boot/env/OriginTrackedMapPropertySource.java wave10a [0:20]
2026-08-09T16:59:34Z DONE core/spring-boot/src/main/java/org/springframework/boot/env/OriginTrackedPropertiesLoader.java wave10a [0:20]
2026-08-09T16:59:34Z DONE core/spring-boot/src/main/java/org/springframework/boot/env/OriginTrackedYamlLoader.java wave10a [0:20]
2026-08-09T16:59:34Z DONE core/spring-boot/src/main/java/org/springframework/boot/env/PropertiesPropertySourceLoader.java wave10a [0:20]
2026-08-09T16:59:34Z DONE core/spring-boot/src/main/java/org/springframework/boot/env/PropertySourceInfo.java wave10a [0:20]
2026-08-09T16:59:34Z DONE core/spring-boot/src/main/java/org/springframework/boot/env/PropertySourceLoader.java wave10a [0:20]
2026-08-09T16:59:34Z DONE core/spring-boot/src/main/java/org/springframework/boot/env/PropertySourceRuntimeHints.java wave10a [0:20]
2026-08-09T17:00:28Z DONE core/spring-boot/src/main/java/org/springframework/boot/diagnostics/analyzer/BindValidationFailureAnalyzer.java wave10a [0:20]
2026-08-09T17:00:28Z DONE core/spring-boot/src/main/java/org/springframework/boot/diagnostics/analyzer/InvalidConfigurationPropertyNameFailureAnalyzer.java wave10a [0:20]
2026-08-09T17:00:28Z DONE core/spring-boot/src/main/java/org/springframework/boot/diagnostics/analyzer/InvalidConfigurationPropertyValueFailureAnalyzer.java wave10a [0:20]
2026-08-09T17:00:28Z DONE core/spring-boot/src/main/java/org/springframework/boot/diagnostics/analyzer/MissingParameterNamesFailureAnalyzer.java wave10a [0:20]
2026-08-09T17:00:28Z DONE core/spring-boot/src/main/java/org/springframework/boot/diagnostics/analyzer/MutuallyExclusiveConfigurationPropertiesFailureAnalyzer.java wave10a [0:20]
2026-08-09T17:00:28Z DONE core/spring-boot/src/main/java/org/springframework/boot/diagnostics/analyzer/NoSuchMethodFailureAnalyzer.java wave10a [0:20]
2026-08-09T17:00:28Z DONE core/spring-boot/src/main/java/org/springframework/boot/diagnostics/analyzer/NoUniqueBeanDefinitionFailureAnalyzer.java wave10a [0:20]
2026-08-09T17:00:28Z DONE core/spring-boot/src/main/java/org/springframework/boot/diagnostics/analyzer/PatternParseFailureAnalyzer.java wave10a [0:20]
2026-08-09T17:00:28Z DONE core/spring-boot/src/main/java/org/springframework/boot/diagnostics/analyzer/UnboundConfigurationPropertyFailureAnalyzer.java wave10a [0:20]
2026-08-09T17:00:28Z DONE core/spring-boot/src/main/java/org/springframework/boot/diagnostics/analyzer/ValidationExceptionFailureAnalyzer.java wave10a [0:20]
2026-08-09T17:00:28Z DONE core/spring-boot/src/main/java/org/springframework/boot/env/ConfigTreePropertySource.java wave10a [0:20]
2026-08-09T17:00:28Z DONE core/spring-boot/src/main/java/org/springframework/boot/env/DefaultPropertiesPropertySource.java wave10a [0:20]
2026-08-09T17:00:28Z DONE core/spring-boot/src/main/java/org/springframework/boot/env/EnvironmentPostProcessor.java wave10a [0:20]
2026-08-09T17:00:28Z DONE core/spring-boot/src/main/java/org/springframework/boot/env/OriginTrackedMapPropertySource.java wave10a [0:20]
2026-08-09T17:00:28Z DONE core/spring-boot/src/main/java/org/springframework/boot/env/OriginTrackedPropertiesLoader.java wave10a [0:20]
2026-08-09T17:00:28Z DONE core/spring-boot/src/main/java/org/springframework/boot/env/OriginTrackedYamlLoader.java wave10a [0:20]
2026-08-09T17:00:28Z DONE core/spring-boot/src/main/java/org/springframework/boot/env/PropertiesPropertySourceLoader.java wave10a [0:20]
2026-08-09T17:00:28Z DONE core/spring-boot/src/main/java/org/springframework/boot/env/PropertySourceInfo.java wave10a [0:20]
2026-08-09T17:00:28Z DONE core/spring-boot/src/main/java/org/springframework/boot/env/PropertySourceLoader.java wave10a [0:20]
2026-08-09T17:00:28Z DONE core/spring-boot/src/main/java/org/springframework/boot/env/PropertySourceRuntimeHints.java wave10a [0:20]
2026-08-09T17:00:35Z DONE core/spring-boot/src/main/java/org/springframework/boot/env/RandomValuePropertySource.java wave10b env/info/io/json [20:40]
2026-08-09T17:00:35Z DONE core/spring-boot/src/main/java/org/springframework/boot/env/YamlPropertySourceLoader.java wave10b env/info/io/json [20:40]
2026-08-09T17:00:35Z DONE core/spring-boot/src/main/java/org/springframework/boot/info/BuildProperties.java wave10b env/info/io/json [20:40]
2026-08-09T17:00:35Z DONE core/spring-boot/src/main/java/org/springframework/boot/info/GitProperties.java wave10b env/info/io/json [20:40]
2026-08-09T17:00:35Z DONE core/spring-boot/src/main/java/org/springframework/boot/info/InfoProperties.java wave10b env/info/io/json [20:40]
2026-08-09T17:00:35Z DONE core/spring-boot/src/main/java/org/springframework/boot/info/JavaInfo.java wave10b env/info/io/json [20:40]
2026-08-09T17:00:35Z DONE core/spring-boot/src/main/java/org/springframework/boot/info/OsInfo.java wave10b env/info/io/json [20:40]
2026-08-09T17:00:35Z DONE core/spring-boot/src/main/java/org/springframework/boot/info/ProcessInfo.java wave10b env/info/io/json [20:40]
2026-08-09T17:00:35Z DONE core/spring-boot/src/main/java/org/springframework/boot/info/SslInfo.java wave10b env/info/io/json [20:40]
2026-08-09T17:00:35Z DONE core/spring-boot/src/main/java/org/springframework/boot/io/ApplicationResourceLoader.java wave10b env/info/io/json [20:40]
2026-08-09T17:00:35Z DONE core/spring-boot/src/main/java/org/springframework/boot/io/Base64ProtocolResolver.java wave10b env/info/io/json [20:40]
2026-08-09T17:00:35Z DONE core/spring-boot/src/main/java/org/springframework/boot/io/ClassPathResourceFilePathResolver.java wave10b env/info/io/json [20:40]
2026-08-09T17:00:35Z DONE core/spring-boot/src/main/java/org/springframework/boot/io/ProtocolResolverApplicationContextInitializer.java wave10b env/info/io/json [20:40]
2026-08-09T17:00:35Z DONE core/spring-boot/src/main/java/org/springframework/boot/json/AbstractJsonParser.java wave10b env/info/io/json [20:40]
2026-08-09T17:00:35Z DONE core/spring-boot/src/main/java/org/springframework/boot/json/AppendableByteArray.java wave10b env/info/io/json [20:40]
2026-08-09T17:00:35Z DONE core/spring-boot/src/main/java/org/springframework/boot/json/BasicJsonParser.java wave10b env/info/io/json [20:40]
2026-08-09T17:00:35Z DONE core/spring-boot/src/main/java/org/springframework/boot/json/GsonJsonParser.java wave10b env/info/io/json [20:40]
2026-08-09T17:00:35Z DONE core/spring-boot/src/main/java/org/springframework/boot/json/JacksonJsonParser.java wave10b env/info/io/json [20:40]
2026-08-09T17:00:35Z DONE core/spring-boot/src/main/java/org/springframework/boot/json/JsonParseException.java wave10b env/info/io/json [20:40]
2026-08-09T17:00:35Z DONE core/spring-boot/src/main/java/org/springframework/boot/json/JsonParser.java wave10b env/info/io/json [20:40]
2026-08-09T17:03:14Z DONE core/spring-boot/src/main/java/org/springframework/boot/diagnostics/analyzer/BindValidationFailureAnalyzer.java wave10a [0:20]
2026-08-09T17:03:14Z DONE core/spring-boot/src/main/java/org/springframework/boot/diagnostics/analyzer/InvalidConfigurationPropertyNameFailureAnalyzer.java wave10a [0:20]
2026-08-09T17:03:14Z DONE core/spring-boot/src/main/java/org/springframework/boot/diagnostics/analyzer/InvalidConfigurationPropertyValueFailureAnalyzer.java wave10a [0:20]
2026-08-09T17:03:14Z DONE core/spring-boot/src/main/java/org/springframework/boot/diagnostics/analyzer/MissingParameterNamesFailureAnalyzer.java wave10a [0:20]
2026-08-09T17:03:14Z DONE core/spring-boot/src/main/java/org/springframework/boot/diagnostics/analyzer/MutuallyExclusiveConfigurationPropertiesFailureAnalyzer.java wave10a [0:20]
2026-08-09T17:03:14Z DONE core/spring-boot/src/main/java/org/springframework/boot/diagnostics/analyzer/NoSuchMethodFailureAnalyzer.java wave10a [0:20]
2026-08-09T17:03:14Z DONE core/spring-boot/src/main/java/org/springframework/boot/diagnostics/analyzer/NoUniqueBeanDefinitionFailureAnalyzer.java wave10a [0:20]
2026-08-09T17:03:14Z DONE core/spring-boot/src/main/java/org/springframework/boot/diagnostics/analyzer/PatternParseFailureAnalyzer.java wave10a [0:20]
2026-08-09T17:03:14Z DONE core/spring-boot/src/main/java/org/springframework/boot/diagnostics/analyzer/UnboundConfigurationPropertyFailureAnalyzer.java wave10a [0:20]
2026-08-09T17:03:14Z DONE core/spring-boot/src/main/java/org/springframework/boot/diagnostics/analyzer/ValidationExceptionFailureAnalyzer.java wave10a [0:20]
2026-08-09T17:03:14Z DONE core/spring-boot/src/main/java/org/springframework/boot/env/ConfigTreePropertySource.java wave10a [0:20]
2026-08-09T17:03:14Z DONE core/spring-boot/src/main/java/org/springframework/boot/env/DefaultPropertiesPropertySource.java wave10a [0:20]
2026-08-09T17:03:14Z DONE core/spring-boot/src/main/java/org/springframework/boot/env/EnvironmentPostProcessor.java wave10a [0:20]
2026-08-09T17:03:14Z DONE core/spring-boot/src/main/java/org/springframework/boot/env/OriginTrackedMapPropertySource.java wave10a [0:20]
2026-08-09T17:03:14Z DONE core/spring-boot/src/main/java/org/springframework/boot/env/OriginTrackedPropertiesLoader.java wave10a [0:20]
2026-08-09T17:03:14Z DONE core/spring-boot/src/main/java/org/springframework/boot/env/OriginTrackedYamlLoader.java wave10a [0:20]
2026-08-09T17:03:14Z DONE core/spring-boot/src/main/java/org/springframework/boot/env/PropertiesPropertySourceLoader.java wave10a [0:20]
2026-08-09T17:03:14Z DONE core/spring-boot/src/main/java/org/springframework/boot/env/PropertySourceInfo.java wave10a [0:20]
2026-08-09T17:03:14Z DONE core/spring-boot/src/main/java/org/springframework/boot/env/PropertySourceLoader.java wave10a [0:20]
2026-08-09T17:03:14Z DONE core/spring-boot/src/main/java/org/springframework/boot/env/PropertySourceRuntimeHints.java wave10a [0:20]
2026-08-09T17:06:56Z DONE core/spring-boot/src/main/java/org/springframework/boot/env/RandomValuePropertySource.java wave10b env/info/io/json [20:40]
2026-08-09T17:06:56Z DONE core/spring-boot/src/main/java/org/springframework/boot/env/YamlPropertySourceLoader.java wave10b env/info/io/json [20:40]
2026-08-09T17:06:56Z DONE core/spring-boot/src/main/java/org/springframework/boot/info/BuildProperties.java wave10b env/info/io/json [20:40]
2026-08-09T17:06:56Z DONE core/spring-boot/src/main/java/org/springframework/boot/info/GitProperties.java wave10b env/info/io/json [20:40]
2026-08-09T17:06:56Z DONE core/spring-boot/src/main/java/org/springframework/boot/info/InfoProperties.java wave10b env/info/io/json [20:40]
2026-08-09T17:06:56Z DONE core/spring-boot/src/main/java/org/springframework/boot/info/JavaInfo.java wave10b env/info/io/json [20:40]
2026-08-09T17:06:56Z DONE core/spring-boot/src/main/java/org/springframework/boot/info/OsInfo.java wave10b env/info/io/json [20:40]
2026-08-09T17:06:56Z DONE core/spring-boot/src/main/java/org/springframework/boot/info/ProcessInfo.java wave10b env/info/io/json [20:40]
2026-08-09T17:06:56Z DONE core/spring-boot/src/main/java/org/springframework/boot/info/SslInfo.java wave10b env/info/io/json [20:40]
2026-08-09T17:06:56Z DONE core/spring-boot/src/main/java/org/springframework/boot/io/ApplicationResourceLoader.java wave10b env/info/io/json [20:40]
2026-08-09T17:06:56Z DONE core/spring-boot/src/main/java/org/springframework/boot/io/Base64ProtocolResolver.java wave10b env/info/io/json [20:40]
2026-08-09T17:06:56Z DONE core/spring-boot/src/main/java/org/springframework/boot/io/ClassPathResourceFilePathResolver.java wave10b env/info/io/json [20:40]
2026-08-09T17:06:56Z DONE core/spring-boot/src/main/java/org/springframework/boot/io/ProtocolResolverApplicationContextInitializer.java wave10b env/info/io/json [20:40]
2026-08-09T17:06:56Z DONE core/spring-boot/src/main/java/org/springframework/boot/json/AbstractJsonParser.java wave10b env/info/io/json [20:40]
2026-08-09T17:06:56Z DONE core/spring-boot/src/main/java/org/springframework/boot/json/AppendableByteArray.java wave10b env/info/io/json [20:40]
2026-08-09T17:06:56Z DONE core/spring-boot/src/main/java/org/springframework/boot/json/BasicJsonParser.java wave10b env/info/io/json [20:40]
2026-08-09T17:06:56Z DONE core/spring-boot/src/main/java/org/springframework/boot/json/GsonJsonParser.java wave10b env/info/io/json [20:40]
2026-08-09T17:06:56Z DONE core/spring-boot/src/main/java/org/springframework/boot/json/JacksonJsonParser.java wave10b env/info/io/json [20:40]
2026-08-09T17:06:56Z DONE core/spring-boot/src/main/java/org/springframework/boot/json/JsonParseException.java wave10b env/info/io/json [20:40]
2026-08-09T17:06:56Z DONE core/spring-boot/src/main/java/org/springframework/boot/json/JsonParser.java wave10b env/info/io/json [20:40]
2026-08-09T17:08:11Z DONE core/spring-boot/src/main/java/org/springframework/boot/logging/StackTracePrinter.java wave11b logging/java/log4j2 [20:40]
2026-08-09T17:08:11Z DONE core/spring-boot/src/main/java/org/springframework/boot/logging/java/JavaLoggingSystem.java wave11b logging/java/log4j2 [20:40]
2026-08-09T17:08:11Z DONE core/spring-boot/src/main/java/org/springframework/boot/logging/java/JavaLoggingSystemRuntimeHints.java wave11b logging/java/log4j2 [20:40]
2026-08-09T17:08:11Z DONE core/spring-boot/src/main/java/org/springframework/boot/logging/java/SimpleFormatter.java wave11b logging/java/log4j2 [20:40]
2026-08-09T17:08:11Z DONE core/spring-boot/src/main/java/org/springframework/boot/logging/log4j2/ColorConverter.java wave11b logging/java/log4j2 [20:40]
2026-08-09T17:08:11Z DONE core/spring-boot/src/main/java/org/springframework/boot/logging/log4j2/CorrelationIdConverter.java wave11b logging/java/log4j2 [20:40]
2026-08-09T17:08:11Z DONE core/spring-boot/src/main/java/org/springframework/boot/logging/log4j2/ElasticCommonSchemaStructuredLogFormatter.java wave11b logging/java/log4j2 [20:40]
2026-08-09T17:08:11Z DONE core/spring-boot/src/main/java/org/springframework/boot/logging/log4j2/EnclosedInSquareBracketsConverter.java wave11b logging/java/log4j2 [20:40]
2026-08-09T17:08:11Z DONE core/spring-boot/src/main/java/org/springframework/boot/logging/log4j2/ExtendedWhitespaceThrowablePatternConverter.java wave11b logging/java/log4j2 [20:40]
2026-08-09T17:08:11Z DONE core/spring-boot/src/main/java/org/springframework/boot/logging/log4j2/Extractor.java wave11b logging/java/log4j2 [20:40]
2026-08-09T17:08:11Z DONE core/spring-boot/src/main/java/org/springframework/boot/logging/log4j2/GraylogExtendedLogFormatStructuredLogFormatter.java wave11b logging/java/log4j2 [20:40]
2026-08-09T17:08:11Z DONE core/spring-boot/src/main/java/org/springframework/boot/logging/log4j2/Log4J2RuntimeHints.java wave11b logging/java/log4j2 [20:40]
2026-08-09T17:08:11Z DONE core/spring-boot/src/main/java/org/springframework/boot/logging/log4j2/Log4j2LoggingSystemProperties.java wave11b logging/java/log4j2 [20:40]
2026-08-09T17:08:11Z DONE core/spring-boot/src/main/java/org/springframework/boot/logging/log4j2/LogstashStructuredLogFormatter.java wave11b logging/java/log4j2 [20:40]
2026-08-09T17:08:11Z DONE core/spring-boot/src/main/java/org/springframework/boot/logging/log4j2/RollingPolicyStrategy.java wave11b logging/java/log4j2 [20:40]
2026-08-09T17:08:11Z DONE core/spring-boot/src/main/java/org/springframework/boot/logging/log4j2/RollingPolicySystemProperty.java wave11b logging/java/log4j2 [20:40]
2026-08-09T17:08:11Z DONE core/spring-boot/src/main/java/org/springframework/boot/logging/log4j2/SpringBootConfigurationFactory.java wave11b logging/java/log4j2 [20:40]
2026-08-09T17:08:11Z DONE core/spring-boot/src/main/java/org/springframework/boot/logging/log4j2/SpringBootPropertySource.java wave11b logging/java/log4j2 [20:40]
2026-08-09T17:08:11Z DONE core/spring-boot/src/main/java/org/springframework/boot/logging/log4j2/SpringBootTriggeringPolicy.java wave11b logging/java/log4j2 [20:40]
2026-08-09T17:08:11Z DONE core/spring-boot/src/main/java/org/springframework/boot/logging/log4j2/SpringEnvironmentLookup.java wave11b logging/java/log4j2 [20:40]
2026-08-09T17:08:52Z DONE core/spring-boot/src/main/java/org/springframework/boot/json/JsonParserFactory.java wave11a [0:20]
2026-08-09T17:08:52Z DONE core/spring-boot/src/main/java/org/springframework/boot/json/JsonWriterFiltersAndProcessors.java wave11a [0:20]
2026-08-09T17:08:52Z DONE core/spring-boot/src/main/java/org/springframework/boot/json/WritableJson.java wave11a [0:20]
2026-08-09T17:08:52Z DONE core/spring-boot/src/main/java/org/springframework/boot/logging/AbstractLoggingSystem.java wave11a [0:20]
2026-08-09T17:08:52Z DONE core/spring-boot/src/main/java/org/springframework/boot/logging/CorrelationIdFormatter.java wave11a [0:20]
2026-08-09T17:08:52Z DONE core/spring-boot/src/main/java/org/springframework/boot/logging/DeferredLog.java wave11a [0:20]
2026-08-09T17:08:52Z DONE core/spring-boot/src/main/java/org/springframework/boot/logging/DeferredLogFactory.java wave11a [0:20]
2026-08-09T17:08:52Z DONE core/spring-boot/src/main/java/org/springframework/boot/logging/DeferredLogs.java wave11a [0:20]
2026-08-09T17:08:52Z DONE core/spring-boot/src/main/java/org/springframework/boot/logging/DelegatingLoggingSystemFactory.java wave11a [0:20]
2026-08-09T17:08:52Z DONE core/spring-boot/src/main/java/org/springframework/boot/logging/LogFile.java wave11a [0:20]
2026-08-09T17:08:52Z DONE core/spring-boot/src/main/java/org/springframework/boot/logging/LogLevel.java wave11a [0:20]
2026-08-09T17:08:52Z DONE core/spring-boot/src/main/java/org/springframework/boot/logging/LoggerConfiguration.java wave11a [0:20]
2026-08-09T17:08:52Z DONE core/spring-boot/src/main/java/org/springframework/boot/logging/LoggerConfigurationComparator.java wave11a [0:20]
2026-08-09T17:08:52Z DONE core/spring-boot/src/main/java/org/springframework/boot/logging/LoggerGroup.java wave11a [0:20]
2026-08-09T17:08:52Z DONE core/spring-boot/src/main/java/org/springframework/boot/logging/LoggerGroups.java wave11a [0:20]
2026-08-09T17:08:52Z DONE core/spring-boot/src/main/java/org/springframework/boot/logging/LoggingInitializationContext.java wave11a [0:20]
2026-08-09T17:08:52Z DONE core/spring-boot/src/main/java/org/springframework/boot/logging/LoggingSystem.java wave11a [0:20]
2026-08-09T17:08:52Z DONE core/spring-boot/src/main/java/org/springframework/boot/logging/LoggingSystemFactory.java wave11a [0:20]
2026-08-09T17:08:52Z DONE core/spring-boot/src/main/java/org/springframework/boot/logging/LoggingSystemProperties.java wave11a [0:20]
2026-08-09T17:08:52Z DONE core/spring-boot/src/main/java/org/springframework/boot/logging/LoggingSystemProperty.java wave11a [0:20]
2026-08-09T17:08:58Z DONE core/spring-boot/src/main/java/org/springframework/boot/logging/StackTracePrinter.java wave11b logging/java/log4j2 [20:40]
2026-08-09T17:08:58Z DONE core/spring-boot/src/main/java/org/springframework/boot/logging/java/JavaLoggingSystem.java wave11b logging/java/log4j2 [20:40]
2026-08-09T17:08:58Z DONE core/spring-boot/src/main/java/org/springframework/boot/logging/java/JavaLoggingSystemRuntimeHints.java wave11b logging/java/log4j2 [20:40]
2026-08-09T17:08:58Z DONE core/spring-boot/src/main/java/org/springframework/boot/logging/java/SimpleFormatter.java wave11b logging/java/log4j2 [20:40]
2026-08-09T17:08:58Z DONE core/spring-boot/src/main/java/org/springframework/boot/logging/log4j2/ColorConverter.java wave11b logging/java/log4j2 [20:40]
2026-08-09T17:08:58Z DONE core/spring-boot/src/main/java/org/springframework/boot/logging/log4j2/CorrelationIdConverter.java wave11b logging/java/log4j2 [20:40]
2026-08-09T17:08:58Z DONE core/spring-boot/src/main/java/org/springframework/boot/logging/log4j2/ElasticCommonSchemaStructuredLogFormatter.java wave11b logging/java/log4j2 [20:40]
2026-08-09T17:08:58Z DONE core/spring-boot/src/main/java/org/springframework/boot/logging/log4j2/EnclosedInSquareBracketsConverter.java wave11b logging/java/log4j2 [20:40]
2026-08-09T17:08:58Z DONE core/spring-boot/src/main/java/org/springframework/boot/logging/log4j2/ExtendedWhitespaceThrowablePatternConverter.java wave11b logging/java/log4j2 [20:40]
2026-08-09T17:08:58Z DONE core/spring-boot/src/main/java/org/springframework/boot/logging/log4j2/Extractor.java wave11b logging/java/log4j2 [20:40]
2026-08-09T17:08:58Z DONE core/spring-boot/src/main/java/org/springframework/boot/logging/log4j2/GraylogExtendedLogFormatStructuredLogFormatter.java wave11b logging/java/log4j2 [20:40]
2026-08-09T17:08:58Z DONE core/spring-boot/src/main/java/org/springframework/boot/logging/log4j2/Log4J2RuntimeHints.java wave11b logging/java/log4j2 [20:40]
2026-08-09T17:08:58Z DONE core/spring-boot/src/main/java/org/springframework/boot/logging/log4j2/Log4j2LoggingSystemProperties.java wave11b logging/java/log4j2 [20:40]
2026-08-09T17:08:58Z DONE core/spring-boot/src/main/java/org/springframework/boot/logging/log4j2/LogstashStructuredLogFormatter.java wave11b logging/java/log4j2 [20:40]
2026-08-09T17:08:58Z DONE core/spring-boot/src/main/java/org/springframework/boot/logging/log4j2/RollingPolicyStrategy.java wave11b logging/java/log4j2 [20:40]
2026-08-09T17:08:58Z DONE core/spring-boot/src/main/java/org/springframework/boot/logging/log4j2/RollingPolicySystemProperty.java wave11b logging/java/log4j2 [20:40]
2026-08-09T17:08:58Z DONE core/spring-boot/src/main/java/org/springframework/boot/logging/log4j2/SpringBootConfigurationFactory.java wave11b logging/java/log4j2 [20:40]
2026-08-09T17:08:58Z DONE core/spring-boot/src/main/java/org/springframework/boot/logging/log4j2/SpringBootPropertySource.java wave11b logging/java/log4j2 [20:40]
2026-08-09T17:08:58Z DONE core/spring-boot/src/main/java/org/springframework/boot/logging/log4j2/SpringBootTriggeringPolicy.java wave11b logging/java/log4j2 [20:40]
2026-08-09T17:08:58Z DONE core/spring-boot/src/main/java/org/springframework/boot/logging/log4j2/SpringEnvironmentLookup.java wave11b logging/java/log4j2 [20:40]
2026-08-09T17:10:01Z DONE core/spring-boot/src/main/java/org/springframework/boot/json/JsonParserFactory.java wave11a [0:20]
2026-08-09T17:10:01Z DONE core/spring-boot/src/main/java/org/springframework/boot/json/JsonWriterFiltersAndProcessors.java wave11a [0:20]
2026-08-09T17:10:01Z DONE core/spring-boot/src/main/java/org/springframework/boot/json/WritableJson.java wave11a [0:20]
2026-08-09T17:10:01Z DONE core/spring-boot/src/main/java/org/springframework/boot/logging/AbstractLoggingSystem.java wave11a [0:20]
2026-08-09T17:10:01Z DONE core/spring-boot/src/main/java/org/springframework/boot/logging/CorrelationIdFormatter.java wave11a [0:20]
2026-08-09T17:10:01Z DONE core/spring-boot/src/main/java/org/springframework/boot/logging/DeferredLog.java wave11a [0:20]
2026-08-09T17:10:01Z DONE core/spring-boot/src/main/java/org/springframework/boot/logging/DeferredLogFactory.java wave11a [0:20]
2026-08-09T17:10:01Z DONE core/spring-boot/src/main/java/org/springframework/boot/logging/DeferredLogs.java wave11a [0:20]
2026-08-09T17:10:01Z DONE core/spring-boot/src/main/java/org/springframework/boot/logging/DelegatingLoggingSystemFactory.java wave11a [0:20]
2026-08-09T17:10:01Z DONE core/spring-boot/src/main/java/org/springframework/boot/logging/LogFile.java wave11a [0:20]
2026-08-09T17:10:01Z DONE core/spring-boot/src/main/java/org/springframework/boot/logging/LogLevel.java wave11a [0:20]
2026-08-09T17:10:01Z DONE core/spring-boot/src/main/java/org/springframework/boot/logging/LoggerConfiguration.java wave11a [0:20]
2026-08-09T17:10:01Z DONE core/spring-boot/src/main/java/org/springframework/boot/logging/LoggerConfigurationComparator.java wave11a [0:20]
2026-08-09T17:10:01Z DONE core/spring-boot/src/main/java/org/springframework/boot/logging/LoggerGroup.java wave11a [0:20]
2026-08-09T17:10:01Z DONE core/spring-boot/src/main/java/org/springframework/boot/logging/LoggerGroups.java wave11a [0:20]
2026-08-09T17:10:01Z DONE core/spring-boot/src/main/java/org/springframework/boot/logging/LoggingInitializationContext.java wave11a [0:20]
2026-08-09T17:10:01Z DONE core/spring-boot/src/main/java/org/springframework/boot/logging/LoggingSystem.java wave11a [0:20]
2026-08-09T17:10:01Z DONE core/spring-boot/src/main/java/org/springframework/boot/logging/LoggingSystemFactory.java wave11a [0:20]
2026-08-09T17:10:01Z DONE core/spring-boot/src/main/java/org/springframework/boot/logging/LoggingSystemProperties.java wave11a [0:20]
2026-08-09T17:10:01Z DONE core/spring-boot/src/main/java/org/springframework/boot/logging/LoggingSystemProperty.java wave11a [0:20]
2026-08-09T17:10:35Z DONE core/spring-boot/src/main/java/org/springframework/boot/logging/StackTracePrinter.java wave11b logging/java/log4j2 [20:40]
2026-08-09T17:10:35Z DONE core/spring-boot/src/main/java/org/springframework/boot/logging/java/JavaLoggingSystem.java wave11b logging/java/log4j2 [20:40]
2026-08-09T17:10:35Z DONE core/spring-boot/src/main/java/org/springframework/boot/logging/java/JavaLoggingSystemRuntimeHints.java wave11b logging/java/log4j2 [20:40]
2026-08-09T17:10:35Z DONE core/spring-boot/src/main/java/org/springframework/boot/logging/java/SimpleFormatter.java wave11b logging/java/log4j2 [20:40]
2026-08-09T17:10:35Z DONE core/spring-boot/src/main/java/org/springframework/boot/logging/log4j2/ColorConverter.java wave11b logging/java/log4j2 [20:40]
2026-08-09T17:10:35Z DONE core/spring-boot/src/main/java/org/springframework/boot/logging/log4j2/CorrelationIdConverter.java wave11b logging/java/log4j2 [20:40]
2026-08-09T17:10:35Z DONE core/spring-boot/src/main/java/org/springframework/boot/logging/log4j2/ElasticCommonSchemaStructuredLogFormatter.java wave11b logging/java/log4j2 [20:40]
2026-08-09T17:10:35Z DONE core/spring-boot/src/main/java/org/springframework/boot/logging/log4j2/EnclosedInSquareBracketsConverter.java wave11b logging/java/log4j2 [20:40]
2026-08-09T17:10:35Z DONE core/spring-boot/src/main/java/org/springframework/boot/logging/log4j2/ExtendedWhitespaceThrowablePatternConverter.java wave11b logging/java/log4j2 [20:40]
2026-08-09T17:10:35Z DONE core/spring-boot/src/main/java/org/springframework/boot/logging/log4j2/Extractor.java wave11b logging/java/log4j2 [20:40]
2026-08-09T17:10:35Z DONE core/spring-boot/src/main/java/org/springframework/boot/logging/log4j2/GraylogExtendedLogFormatStructuredLogFormatter.java wave11b logging/java/log4j2 [20:40]
2026-08-09T17:10:35Z DONE core/spring-boot/src/main/java/org/springframework/boot/logging/log4j2/Log4J2RuntimeHints.java wave11b logging/java/log4j2 [20:40]
2026-08-09T17:10:35Z DONE core/spring-boot/src/main/java/org/springframework/boot/logging/log4j2/Log4j2LoggingSystemProperties.java wave11b logging/java/log4j2 [20:40]
2026-08-09T17:10:35Z DONE core/spring-boot/src/main/java/org/springframework/boot/logging/log4j2/LogstashStructuredLogFormatter.java wave11b logging/java/log4j2 [20:40]
2026-08-09T17:10:35Z DONE core/spring-boot/src/main/java/org/springframework/boot/logging/log4j2/RollingPolicyStrategy.java wave11b logging/java/log4j2 [20:40]
2026-08-09T17:10:35Z DONE core/spring-boot/src/main/java/org/springframework/boot/logging/log4j2/RollingPolicySystemProperty.java wave11b logging/java/log4j2 [20:40]
2026-08-09T17:10:35Z DONE core/spring-boot/src/main/java/org/springframework/boot/logging/log4j2/SpringBootConfigurationFactory.java wave11b logging/java/log4j2 [20:40]
2026-08-09T17:10:35Z DONE core/spring-boot/src/main/java/org/springframework/boot/logging/log4j2/SpringBootPropertySource.java wave11b logging/java/log4j2 [20:40]
2026-08-09T17:10:35Z DONE core/spring-boot/src/main/java/org/springframework/boot/logging/log4j2/SpringBootTriggeringPolicy.java wave11b logging/java/log4j2 [20:40]
2026-08-09T17:10:35Z DONE core/spring-boot/src/main/java/org/springframework/boot/logging/log4j2/SpringEnvironmentLookup.java wave11b logging/java/log4j2 [20:40]
2026-08-09T17:11:45Z DONE core/spring-boot/src/main/java/org/springframework/boot/logging/StackTracePrinter.java wave11b logging/java/log4j2 [20:40]
2026-08-09T17:11:45Z DONE core/spring-boot/src/main/java/org/springframework/boot/logging/java/JavaLoggingSystem.java wave11b logging/java/log4j2 [20:40]
2026-08-09T17:11:45Z DONE core/spring-boot/src/main/java/org/springframework/boot/logging/java/JavaLoggingSystemRuntimeHints.java wave11b logging/java/log4j2 [20:40]
2026-08-09T17:11:45Z DONE core/spring-boot/src/main/java/org/springframework/boot/logging/java/SimpleFormatter.java wave11b logging/java/log4j2 [20:40]
2026-08-09T17:11:45Z DONE core/spring-boot/src/main/java/org/springframework/boot/logging/log4j2/ColorConverter.java wave11b logging/java/log4j2 [20:40]
2026-08-09T17:11:45Z DONE core/spring-boot/src/main/java/org/springframework/boot/logging/log4j2/CorrelationIdConverter.java wave11b logging/java/log4j2 [20:40]
2026-08-09T17:11:45Z DONE core/spring-boot/src/main/java/org/springframework/boot/logging/log4j2/ElasticCommonSchemaStructuredLogFormatter.java wave11b logging/java/log4j2 [20:40]
2026-08-09T17:11:45Z DONE core/spring-boot/src/main/java/org/springframework/boot/logging/log4j2/EnclosedInSquareBracketsConverter.java wave11b logging/java/log4j2 [20:40]
2026-08-09T17:11:45Z DONE core/spring-boot/src/main/java/org/springframework/boot/logging/log4j2/ExtendedWhitespaceThrowablePatternConverter.java wave11b logging/java/log4j2 [20:40]
2026-08-09T17:11:45Z DONE core/spring-boot/src/main/java/org/springframework/boot/logging/log4j2/Extractor.java wave11b logging/java/log4j2 [20:40]
2026-08-09T17:11:45Z DONE core/spring-boot/src/main/java/org/springframework/boot/logging/log4j2/GraylogExtendedLogFormatStructuredLogFormatter.java wave11b logging/java/log4j2 [20:40]
2026-08-09T17:11:45Z DONE core/spring-boot/src/main/java/org/springframework/boot/logging/log4j2/Log4J2RuntimeHints.java wave11b logging/java/log4j2 [20:40]
2026-08-09T17:11:45Z DONE core/spring-boot/src/main/java/org/springframework/boot/logging/log4j2/Log4j2LoggingSystemProperties.java wave11b logging/java/log4j2 [20:40]
2026-08-09T17:11:45Z DONE core/spring-boot/src/main/java/org/springframework/boot/logging/log4j2/LogstashStructuredLogFormatter.java wave11b logging/java/log4j2 [20:40]
2026-08-09T17:11:45Z DONE core/spring-boot/src/main/java/org/springframework/boot/logging/log4j2/RollingPolicyStrategy.java wave11b logging/java/log4j2 [20:40]
2026-08-09T17:11:45Z DONE core/spring-boot/src/main/java/org/springframework/boot/logging/log4j2/RollingPolicySystemProperty.java wave11b logging/java/log4j2 [20:40]
2026-08-09T17:11:45Z DONE core/spring-boot/src/main/java/org/springframework/boot/logging/log4j2/SpringBootConfigurationFactory.java wave11b logging/java/log4j2 [20:40]
2026-08-09T17:11:45Z DONE core/spring-boot/src/main/java/org/springframework/boot/logging/log4j2/SpringBootPropertySource.java wave11b logging/java/log4j2 [20:40]
2026-08-09T17:11:45Z DONE core/spring-boot/src/main/java/org/springframework/boot/logging/log4j2/SpringBootTriggeringPolicy.java wave11b logging/java/log4j2 [20:40]
2026-08-09T17:11:45Z DONE core/spring-boot/src/main/java/org/springframework/boot/logging/log4j2/SpringEnvironmentLookup.java wave11b logging/java/log4j2 [20:40]
2026-08-09T17:11:54Z DONE core/spring-boot/src/main/java/org/springframework/boot/json/JsonParserFactory.java wave11a [0:20] recovered
2026-08-09T17:11:54Z DONE core/spring-boot/src/main/java/org/springframework/boot/json/JsonWriterFiltersAndProcessors.java wave11a [0:20] recovered
2026-08-09T17:11:54Z DONE core/spring-boot/src/main/java/org/springframework/boot/json/WritableJson.java wave11a [0:20] recovered
2026-08-09T17:11:54Z DONE core/spring-boot/src/main/java/org/springframework/boot/logging/AbstractLoggingSystem.java wave11a [0:20] recovered
2026-08-09T17:11:54Z DONE core/spring-boot/src/main/java/org/springframework/boot/logging/CorrelationIdFormatter.java wave11a [0:20] recovered
2026-08-09T17:11:54Z DONE core/spring-boot/src/main/java/org/springframework/boot/logging/DeferredLog.java wave11a [0:20] recovered
2026-08-09T17:11:54Z DONE core/spring-boot/src/main/java/org/springframework/boot/logging/DeferredLogFactory.java wave11a [0:20] recovered
2026-08-09T17:11:54Z DONE core/spring-boot/src/main/java/org/springframework/boot/logging/DeferredLogs.java wave11a [0:20] recovered
2026-08-09T17:11:54Z DONE core/spring-boot/src/main/java/org/springframework/boot/logging/DelegatingLoggingSystemFactory.java wave11a [0:20] recovered
2026-08-09T17:11:54Z DONE core/spring-boot/src/main/java/org/springframework/boot/logging/LogFile.java wave11a [0:20] recovered
2026-08-09T17:11:54Z DONE core/spring-boot/src/main/java/org/springframework/boot/logging/LogLevel.java wave11a [0:20] recovered
2026-08-09T17:11:54Z DONE core/spring-boot/src/main/java/org/springframework/boot/logging/LoggerConfiguration.java wave11a [0:20] recovered
2026-08-09T17:11:54Z DONE core/spring-boot/src/main/java/org/springframework/boot/logging/LoggerConfigurationComparator.java wave11a [0:20] recovered
2026-08-09T17:11:54Z DONE core/spring-boot/src/main/java/org/springframework/boot/logging/LoggerGroup.java wave11a [0:20] recovered
2026-08-09T17:11:54Z DONE core/spring-boot/src/main/java/org/springframework/boot/logging/LoggerGroups.java wave11a [0:20] recovered
2026-08-09T17:11:54Z DONE core/spring-boot/src/main/java/org/springframework/boot/logging/LoggingInitializationContext.java wave11a [0:20] recovered
2026-08-09T17:11:54Z DONE core/spring-boot/src/main/java/org/springframework/boot/logging/LoggingSystem.java wave11a [0:20] recovered
2026-08-09T17:11:54Z DONE core/spring-boot/src/main/java/org/springframework/boot/logging/LoggingSystemFactory.java wave11a [0:20] recovered
2026-08-09T17:11:54Z DONE core/spring-boot/src/main/java/org/springframework/boot/logging/LoggingSystemProperties.java wave11a [0:20] recovered
2026-08-09T17:11:54Z DONE core/spring-boot/src/main/java/org/springframework/boot/logging/LoggingSystemProperty.java wave11a [0:20] recovered
2026-08-09T17:11:56Z DONE core/spring-boot/src/main/java/org/springframework/boot/logging/StackTracePrinter.java wave11b logging/java/log4j2 [20:40]
2026-08-09T17:11:56Z DONE core/spring-boot/src/main/java/org/springframework/boot/logging/java/JavaLoggingSystem.java wave11b logging/java/log4j2 [20:40]
2026-08-09T17:11:56Z DONE core/spring-boot/src/main/java/org/springframework/boot/logging/java/JavaLoggingSystemRuntimeHints.java wave11b logging/java/log4j2 [20:40]
2026-08-09T17:11:56Z DONE core/spring-boot/src/main/java/org/springframework/boot/logging/java/SimpleFormatter.java wave11b logging/java/log4j2 [20:40]
2026-08-09T17:11:56Z DONE core/spring-boot/src/main/java/org/springframework/boot/logging/log4j2/ColorConverter.java wave11b logging/java/log4j2 [20:40]
2026-08-09T17:11:56Z DONE core/spring-boot/src/main/java/org/springframework/boot/logging/log4j2/CorrelationIdConverter.java wave11b logging/java/log4j2 [20:40]
2026-08-09T17:11:56Z DONE core/spring-boot/src/main/java/org/springframework/boot/logging/log4j2/ElasticCommonSchemaStructuredLogFormatter.java wave11b logging/java/log4j2 [20:40]
2026-08-09T17:11:56Z DONE core/spring-boot/src/main/java/org/springframework/boot/logging/log4j2/EnclosedInSquareBracketsConverter.java wave11b logging/java/log4j2 [20:40]
2026-08-09T17:11:56Z DONE core/spring-boot/src/main/java/org/springframework/boot/logging/log4j2/ExtendedWhitespaceThrowablePatternConverter.java wave11b logging/java/log4j2 [20:40]
2026-08-09T17:11:56Z DONE core/spring-boot/src/main/java/org/springframework/boot/logging/log4j2/Extractor.java wave11b logging/java/log4j2 [20:40]
2026-08-09T17:11:56Z DONE core/spring-boot/src/main/java/org/springframework/boot/logging/log4j2/GraylogExtendedLogFormatStructuredLogFormatter.java wave11b logging/java/log4j2 [20:40]
2026-08-09T17:11:56Z DONE core/spring-boot/src/main/java/org/springframework/boot/logging/log4j2/Log4J2RuntimeHints.java wave11b logging/java/log4j2 [20:40]
2026-08-09T17:11:56Z DONE core/spring-boot/src/main/java/org/springframework/boot/logging/log4j2/Log4j2LoggingSystemProperties.java wave11b logging/java/log4j2 [20:40]
2026-08-09T17:11:56Z DONE core/spring-boot/src/main/java/org/springframework/boot/logging/log4j2/LogstashStructuredLogFormatter.java wave11b logging/java/log4j2 [20:40]
2026-08-09T17:11:56Z DONE core/spring-boot/src/main/java/org/springframework/boot/logging/log4j2/RollingPolicyStrategy.java wave11b logging/java/log4j2 [20:40]
2026-08-09T17:11:56Z DONE core/spring-boot/src/main/java/org/springframework/boot/logging/log4j2/RollingPolicySystemProperty.java wave11b logging/java/log4j2 [20:40]
2026-08-09T17:11:56Z DONE core/spring-boot/src/main/java/org/springframework/boot/logging/log4j2/SpringBootConfigurationFactory.java wave11b logging/java/log4j2 [20:40]
2026-08-09T17:11:56Z DONE core/spring-boot/src/main/java/org/springframework/boot/logging/log4j2/SpringBootPropertySource.java wave11b logging/java/log4j2 [20:40]
2026-08-09T17:11:56Z DONE core/spring-boot/src/main/java/org/springframework/boot/logging/log4j2/SpringBootTriggeringPolicy.java wave11b logging/java/log4j2 [20:40]
2026-08-09T17:11:56Z DONE core/spring-boot/src/main/java/org/springframework/boot/logging/log4j2/SpringEnvironmentLookup.java wave11b logging/java/log4j2 [20:40]
2026-08-09T17:12:12Z DONE core/spring-boot/src/main/java/org/springframework/boot/json/JsonParserFactory.java wave11a [0:20]
2026-08-09T17:12:12Z DONE core/spring-boot/src/main/java/org/springframework/boot/json/JsonWriterFiltersAndProcessors.java wave11a [0:20]
2026-08-09T17:12:12Z DONE core/spring-boot/src/main/java/org/springframework/boot/json/WritableJson.java wave11a [0:20]
2026-08-09T17:12:12Z DONE core/spring-boot/src/main/java/org/springframework/boot/logging/AbstractLoggingSystem.java wave11a [0:20]
2026-08-09T17:12:12Z DONE core/spring-boot/src/main/java/org/springframework/boot/logging/CorrelationIdFormatter.java wave11a [0:20]
2026-08-09T17:12:12Z DONE core/spring-boot/src/main/java/org/springframework/boot/logging/DeferredLog.java wave11a [0:20]
2026-08-09T17:12:12Z DONE core/spring-boot/src/main/java/org/springframework/boot/logging/DeferredLogFactory.java wave11a [0:20]
2026-08-09T17:12:12Z DONE core/spring-boot/src/main/java/org/springframework/boot/logging/DeferredLogs.java wave11a [0:20]
2026-08-09T17:12:12Z DONE core/spring-boot/src/main/java/org/springframework/boot/logging/DelegatingLoggingSystemFactory.java wave11a [0:20]
2026-08-09T17:12:12Z DONE core/spring-boot/src/main/java/org/springframework/boot/logging/LogFile.java wave11a [0:20]
2026-08-09T17:12:12Z DONE core/spring-boot/src/main/java/org/springframework/boot/logging/LogLevel.java wave11a [0:20]
2026-08-09T17:12:12Z DONE core/spring-boot/src/main/java/org/springframework/boot/logging/LoggerConfiguration.java wave11a [0:20]
2026-08-09T17:12:12Z DONE core/spring-boot/src/main/java/org/springframework/boot/logging/LoggerConfigurationComparator.java wave11a [0:20]
2026-08-09T17:12:12Z DONE core/spring-boot/src/main/java/org/springframework/boot/logging/LoggerGroup.java wave11a [0:20]
2026-08-09T17:12:12Z DONE core/spring-boot/src/main/java/org/springframework/boot/logging/LoggerGroups.java wave11a [0:20]
2026-08-09T17:12:12Z DONE core/spring-boot/src/main/java/org/springframework/boot/logging/LoggingInitializationContext.java wave11a [0:20]
2026-08-09T17:12:12Z DONE core/spring-boot/src/main/java/org/springframework/boot/logging/LoggingSystem.java wave11a [0:20]
2026-08-09T17:12:12Z DONE core/spring-boot/src/main/java/org/springframework/boot/logging/LoggingSystemFactory.java wave11a [0:20]
2026-08-09T17:12:12Z DONE core/spring-boot/src/main/java/org/springframework/boot/logging/LoggingSystemProperties.java wave11a [0:20]
2026-08-09T17:12:12Z DONE core/spring-boot/src/main/java/org/springframework/boot/logging/LoggingSystemProperty.java wave11a [0:20]
2026-08-09T17:12:29Z DONE core/spring-boot/src/main/java/org/springframework/boot/json/JsonParserFactory.java wave11a [0:20]
2026-08-09T17:12:29Z DONE core/spring-boot/src/main/java/org/springframework/boot/json/JsonWriterFiltersAndProcessors.java wave11a [0:20]
2026-08-09T17:12:29Z DONE core/spring-boot/src/main/java/org/springframework/boot/json/WritableJson.java wave11a [0:20]
2026-08-09T17:12:29Z DONE core/spring-boot/src/main/java/org/springframework/boot/logging/AbstractLoggingSystem.java wave11a [0:20]
2026-08-09T17:12:29Z DONE core/spring-boot/src/main/java/org/springframework/boot/logging/CorrelationIdFormatter.java wave11a [0:20]
2026-08-09T17:12:29Z DONE core/spring-boot/src/main/java/org/springframework/boot/logging/DeferredLog.java wave11a [0:20]
2026-08-09T17:12:29Z DONE core/spring-boot/src/main/java/org/springframework/boot/logging/DeferredLogFactory.java wave11a [0:20]
2026-08-09T17:12:29Z DONE core/spring-boot/src/main/java/org/springframework/boot/logging/DeferredLogs.java wave11a [0:20]
2026-08-09T17:12:29Z DONE core/spring-boot/src/main/java/org/springframework/boot/logging/DelegatingLoggingSystemFactory.java wave11a [0:20]
2026-08-09T17:12:29Z DONE core/spring-boot/src/main/java/org/springframework/boot/logging/LogFile.java wave11a [0:20]
2026-08-09T17:12:29Z DONE core/spring-boot/src/main/java/org/springframework/boot/logging/LogLevel.java wave11a [0:20]
2026-08-09T17:12:29Z DONE core/spring-boot/src/main/java/org/springframework/boot/logging/LoggerConfiguration.java wave11a [0:20]
2026-08-09T17:12:29Z DONE core/spring-boot/src/main/java/org/springframework/boot/logging/LoggerConfigurationComparator.java wave11a [0:20]
2026-08-09T17:12:29Z DONE core/spring-boot/src/main/java/org/springframework/boot/logging/LoggerGroup.java wave11a [0:20]
2026-08-09T17:12:29Z DONE core/spring-boot/src/main/java/org/springframework/boot/logging/LoggerGroups.java wave11a [0:20]
2026-08-09T17:12:29Z DONE core/spring-boot/src/main/java/org/springframework/boot/logging/LoggingInitializationContext.java wave11a [0:20]
2026-08-09T17:12:29Z DONE core/spring-boot/src/main/java/org/springframework/boot/logging/LoggingSystem.java wave11a [0:20]
2026-08-09T17:12:29Z DONE core/spring-boot/src/main/java/org/springframework/boot/logging/LoggingSystemFactory.java wave11a [0:20]
2026-08-09T17:12:29Z DONE core/spring-boot/src/main/java/org/springframework/boot/logging/LoggingSystemProperties.java wave11a [0:20]
2026-08-09T17:12:29Z DONE core/spring-boot/src/main/java/org/springframework/boot/logging/LoggingSystemProperty.java wave11a [0:20]
2026-08-09T17:12:38Z DONE core/spring-boot/src/main/java/org/springframework/boot/logging/StackTracePrinter.java wave11b logging/java/log4j2 [20:40]
2026-08-09T17:12:38Z DONE core/spring-boot/src/main/java/org/springframework/boot/logging/java/JavaLoggingSystem.java wave11b logging/java/log4j2 [20:40]
2026-08-09T17:12:38Z DONE core/spring-boot/src/main/java/org/springframework/boot/logging/java/JavaLoggingSystemRuntimeHints.java wave11b logging/java/log4j2 [20:40]
2026-08-09T17:12:38Z DONE core/spring-boot/src/main/java/org/springframework/boot/logging/java/SimpleFormatter.java wave11b logging/java/log4j2 [20:40]
2026-08-09T17:12:38Z DONE core/spring-boot/src/main/java/org/springframework/boot/logging/log4j2/ColorConverter.java wave11b logging/java/log4j2 [20:40]
2026-08-09T17:12:38Z DONE core/spring-boot/src/main/java/org/springframework/boot/logging/log4j2/CorrelationIdConverter.java wave11b logging/java/log4j2 [20:40]
2026-08-09T17:12:38Z DONE core/spring-boot/src/main/java/org/springframework/boot/logging/log4j2/ElasticCommonSchemaStructuredLogFormatter.java wave11b logging/java/log4j2 [20:40]
2026-08-09T17:12:38Z DONE core/spring-boot/src/main/java/org/springframework/boot/logging/log4j2/EnclosedInSquareBracketsConverter.java wave11b logging/java/log4j2 [20:40]
2026-08-09T17:12:38Z DONE core/spring-boot/src/main/java/org/springframework/boot/logging/log4j2/ExtendedWhitespaceThrowablePatternConverter.java wave11b logging/java/log4j2 [20:40]
2026-08-09T17:12:38Z DONE core/spring-boot/src/main/java/org/springframework/boot/logging/log4j2/Extractor.java wave11b logging/java/log4j2 [20:40]
2026-08-09T17:12:38Z DONE core/spring-boot/src/main/java/org/springframework/boot/logging/log4j2/GraylogExtendedLogFormatStructuredLogFormatter.java wave11b logging/java/log4j2 [20:40]
2026-08-09T17:12:38Z DONE core/spring-boot/src/main/java/org/springframework/boot/logging/log4j2/Log4J2RuntimeHints.java wave11b logging/java/log4j2 [20:40]
2026-08-09T17:12:38Z DONE core/spring-boot/src/main/java/org/springframework/boot/logging/log4j2/Log4j2LoggingSystemProperties.java wave11b logging/java/log4j2 [20:40]
2026-08-09T17:12:38Z DONE core/spring-boot/src/main/java/org/springframework/boot/logging/log4j2/LogstashStructuredLogFormatter.java wave11b logging/java/log4j2 [20:40]
2026-08-09T17:12:38Z DONE core/spring-boot/src/main/java/org/springframework/boot/logging/log4j2/RollingPolicyStrategy.java wave11b logging/java/log4j2 [20:40]
2026-08-09T17:12:38Z DONE core/spring-boot/src/main/java/org/springframework/boot/logging/log4j2/RollingPolicySystemProperty.java wave11b logging/java/log4j2 [20:40]
2026-08-09T17:12:38Z DONE core/spring-boot/src/main/java/org/springframework/boot/logging/log4j2/SpringBootConfigurationFactory.java wave11b logging/java/log4j2 [20:40]
2026-08-09T17:12:38Z DONE core/spring-boot/src/main/java/org/springframework/boot/logging/log4j2/SpringBootPropertySource.java wave11b logging/java/log4j2 [20:40]
2026-08-09T17:12:38Z DONE core/spring-boot/src/main/java/org/springframework/boot/logging/log4j2/SpringBootTriggeringPolicy.java wave11b logging/java/log4j2 [20:40]
2026-08-09T17:12:38Z DONE core/spring-boot/src/main/java/org/springframework/boot/logging/log4j2/SpringEnvironmentLookup.java wave11b logging/java/log4j2 [20:40]
2026-08-09T17:12:42Z DONE core/spring-boot/src/main/java/org/springframework/boot/json/JsonParserFactory.java wave11a [0:20]
2026-08-09T17:12:42Z DONE core/spring-boot/src/main/java/org/springframework/boot/json/JsonWriterFiltersAndProcessors.java wave11a [0:20]
2026-08-09T17:12:42Z DONE core/spring-boot/src/main/java/org/springframework/boot/json/WritableJson.java wave11a [0:20]
2026-08-09T17:12:42Z DONE core/spring-boot/src/main/java/org/springframework/boot/logging/AbstractLoggingSystem.java wave11a [0:20]
2026-08-09T17:12:42Z DONE core/spring-boot/src/main/java/org/springframework/boot/logging/CorrelationIdFormatter.java wave11a [0:20]
2026-08-09T17:12:42Z DONE core/spring-boot/src/main/java/org/springframework/boot/logging/DeferredLog.java wave11a [0:20]
2026-08-09T17:12:42Z DONE core/spring-boot/src/main/java/org/springframework/boot/logging/DeferredLogFactory.java wave11a [0:20]
2026-08-09T17:12:42Z DONE core/spring-boot/src/main/java/org/springframework/boot/logging/DeferredLogs.java wave11a [0:20]
2026-08-09T17:12:42Z DONE core/spring-boot/src/main/java/org/springframework/boot/logging/DelegatingLoggingSystemFactory.java wave11a [0:20]
2026-08-09T17:12:42Z DONE core/spring-boot/src/main/java/org/springframework/boot/logging/LogFile.java wave11a [0:20]
2026-08-09T17:12:42Z DONE core/spring-boot/src/main/java/org/springframework/boot/logging/LogLevel.java wave11a [0:20]
2026-08-09T17:12:42Z DONE core/spring-boot/src/main/java/org/springframework/boot/logging/LoggerConfiguration.java wave11a [0:20]
2026-08-09T17:12:42Z DONE core/spring-boot/src/main/java/org/springframework/boot/logging/LoggerConfigurationComparator.java wave11a [0:20]
2026-08-09T17:12:42Z DONE core/spring-boot/src/main/java/org/springframework/boot/logging/LoggerGroup.java wave11a [0:20]
2026-08-09T17:12:42Z DONE core/spring-boot/src/main/java/org/springframework/boot/logging/LoggerGroups.java wave11a [0:20]
2026-08-09T17:12:42Z DONE core/spring-boot/src/main/java/org/springframework/boot/logging/LoggingInitializationContext.java wave11a [0:20]
2026-08-09T17:12:42Z DONE core/spring-boot/src/main/java/org/springframework/boot/logging/LoggingSystem.java wave11a [0:20]
2026-08-09T17:12:42Z DONE core/spring-boot/src/main/java/org/springframework/boot/logging/LoggingSystemFactory.java wave11a [0:20]
2026-08-09T17:12:42Z DONE core/spring-boot/src/main/java/org/springframework/boot/logging/LoggingSystemProperties.java wave11a [0:20]
2026-08-09T17:12:42Z DONE core/spring-boot/src/main/java/org/springframework/boot/logging/LoggingSystemProperty.java wave11a [0:20]
2026-08-09T17:12:45Z DONE core/spring-boot/src/main/java/org/springframework/boot/logging/StackTracePrinter.java wave11b logging/java/log4j2 [20:40]
2026-08-09T17:12:45Z DONE core/spring-boot/src/main/java/org/springframework/boot/logging/java/JavaLoggingSystem.java wave11b logging/java/log4j2 [20:40]
2026-08-09T17:12:45Z DONE core/spring-boot/src/main/java/org/springframework/boot/logging/java/JavaLoggingSystemRuntimeHints.java wave11b logging/java/log4j2 [20:40]
2026-08-09T17:12:45Z DONE core/spring-boot/src/main/java/org/springframework/boot/logging/java/SimpleFormatter.java wave11b logging/java/log4j2 [20:40]
2026-08-09T17:12:45Z DONE core/spring-boot/src/main/java/org/springframework/boot/logging/log4j2/ColorConverter.java wave11b logging/java/log4j2 [20:40]
2026-08-09T17:12:45Z DONE core/spring-boot/src/main/java/org/springframework/boot/logging/log4j2/CorrelationIdConverter.java wave11b logging/java/log4j2 [20:40]
2026-08-09T17:12:45Z DONE core/spring-boot/src/main/java/org/springframework/boot/logging/log4j2/ElasticCommonSchemaStructuredLogFormatter.java wave11b logging/java/log4j2 [20:40]
2026-08-09T17:12:45Z DONE core/spring-boot/src/main/java/org/springframework/boot/logging/log4j2/EnclosedInSquareBracketsConverter.java wave11b logging/java/log4j2 [20:40]
2026-08-09T17:12:45Z DONE core/spring-boot/src/main/java/org/springframework/boot/logging/log4j2/ExtendedWhitespaceThrowablePatternConverter.java wave11b logging/java/log4j2 [20:40]
2026-08-09T17:12:45Z DONE core/spring-boot/src/main/java/org/springframework/boot/logging/log4j2/Extractor.java wave11b logging/java/log4j2 [20:40]
2026-08-09T17:12:45Z DONE core/spring-boot/src/main/java/org/springframework/boot/logging/log4j2/GraylogExtendedLogFormatStructuredLogFormatter.java wave11b logging/java/log4j2 [20:40]
2026-08-09T17:12:45Z DONE core/spring-boot/src/main/java/org/springframework/boot/logging/log4j2/Log4J2RuntimeHints.java wave11b logging/java/log4j2 [20:40]
2026-08-09T17:12:45Z DONE core/spring-boot/src/main/java/org/springframework/boot/logging/log4j2/Log4j2LoggingSystemProperties.java wave11b logging/java/log4j2 [20:40]
2026-08-09T17:12:45Z DONE core/spring-boot/src/main/java/org/springframework/boot/logging/log4j2/LogstashStructuredLogFormatter.java wave11b logging/java/log4j2 [20:40]
2026-08-09T17:12:45Z DONE core/spring-boot/src/main/java/org/springframework/boot/logging/log4j2/RollingPolicyStrategy.java wave11b logging/java/log4j2 [20:40]
2026-08-09T17:12:45Z DONE core/spring-boot/src/main/java/org/springframework/boot/logging/log4j2/RollingPolicySystemProperty.java wave11b logging/java/log4j2 [20:40]
2026-08-09T17:12:45Z DONE core/spring-boot/src/main/java/org/springframework/boot/logging/log4j2/SpringBootConfigurationFactory.java wave11b logging/java/log4j2 [20:40]
2026-08-09T17:12:45Z DONE core/spring-boot/src/main/java/org/springframework/boot/logging/log4j2/SpringBootPropertySource.java wave11b logging/java/log4j2 [20:40]
2026-08-09T17:12:45Z DONE core/spring-boot/src/main/java/org/springframework/boot/logging/log4j2/SpringBootTriggeringPolicy.java wave11b logging/java/log4j2 [20:40]
2026-08-09T17:12:45Z DONE core/spring-boot/src/main/java/org/springframework/boot/logging/log4j2/SpringEnvironmentLookup.java wave11b logging/java/log4j2 [20:40]
2026-08-09T17:14:24Z DONE core/spring-boot/src/main/java/org/springframework/boot/json/JsonParserFactory.java wave11a [0:20]
2026-08-09T17:14:24Z DONE core/spring-boot/src/main/java/org/springframework/boot/json/JsonWriterFiltersAndProcessors.java wave11a [0:20]
2026-08-09T17:14:24Z DONE core/spring-boot/src/main/java/org/springframework/boot/json/WritableJson.java wave11a [0:20]
2026-08-09T17:14:24Z DONE core/spring-boot/src/main/java/org/springframework/boot/logging/AbstractLoggingSystem.java wave11a [0:20]
2026-08-09T17:14:24Z DONE core/spring-boot/src/main/java/org/springframework/boot/logging/CorrelationIdFormatter.java wave11a [0:20]
2026-08-09T17:14:24Z DONE core/spring-boot/src/main/java/org/springframework/boot/logging/DeferredLog.java wave11a [0:20]
2026-08-09T17:14:24Z DONE core/spring-boot/src/main/java/org/springframework/boot/logging/DeferredLogFactory.java wave11a [0:20]
2026-08-09T17:14:24Z DONE core/spring-boot/src/main/java/org/springframework/boot/logging/DeferredLogs.java wave11a [0:20]
2026-08-09T17:14:24Z DONE core/spring-boot/src/main/java/org/springframework/boot/logging/DelegatingLoggingSystemFactory.java wave11a [0:20]
2026-08-09T17:14:24Z DONE core/spring-boot/src/main/java/org/springframework/boot/logging/LogFile.java wave11a [0:20]
2026-08-09T17:14:24Z DONE core/spring-boot/src/main/java/org/springframework/boot/logging/LogLevel.java wave11a [0:20]
2026-08-09T17:14:24Z DONE core/spring-boot/src/main/java/org/springframework/boot/logging/LoggerConfiguration.java wave11a [0:20]
2026-08-09T17:14:24Z DONE core/spring-boot/src/main/java/org/springframework/boot/logging/LoggerConfigurationComparator.java wave11a [0:20]
2026-08-09T17:14:24Z DONE core/spring-boot/src/main/java/org/springframework/boot/logging/LoggerGroup.java wave11a [0:20]
2026-08-09T17:14:24Z DONE core/spring-boot/src/main/java/org/springframework/boot/logging/LoggerGroups.java wave11a [0:20]
2026-08-09T17:14:24Z DONE core/spring-boot/src/main/java/org/springframework/boot/logging/LoggingInitializationContext.java wave11a [0:20]
2026-08-09T17:14:24Z DONE core/spring-boot/src/main/java/org/springframework/boot/logging/LoggingSystem.java wave11a [0:20]
2026-08-09T17:14:24Z DONE core/spring-boot/src/main/java/org/springframework/boot/logging/LoggingSystemFactory.java wave11a [0:20]
2026-08-09T17:14:24Z DONE core/spring-boot/src/main/java/org/springframework/boot/logging/LoggingSystemProperties.java wave11a [0:20]
2026-08-09T17:14:24Z DONE core/spring-boot/src/main/java/org/springframework/boot/logging/LoggingSystemProperty.java wave11a [0:20]
2026-08-09T17:16:29Z DONE core/spring-boot/src/main/java/org/springframework/boot/logging/logback/SpringProfileAction.java wave12b logging/logback+structured [20:40]
2026-08-09T17:16:29Z DONE core/spring-boot/src/main/java/org/springframework/boot/logging/logback/SpringProfileIfNestedWithinSecondPhaseElementSanityChecker.java wave12b logging/logback+structured [20:40]
2026-08-09T17:16:29Z DONE core/spring-boot/src/main/java/org/springframework/boot/logging/logback/SpringProfileModel.java wave12b logging/logback+structured [20:40]
2026-08-09T17:16:29Z DONE core/spring-boot/src/main/java/org/springframework/boot/logging/logback/SpringProfileModelHandler.java wave12b logging/logback+structured [20:40]
2026-08-09T17:16:29Z DONE core/spring-boot/src/main/java/org/springframework/boot/logging/logback/SpringPropertyAction.java wave12b logging/logback+structured [20:40]
2026-08-09T17:16:29Z DONE core/spring-boot/src/main/java/org/springframework/boot/logging/logback/SpringPropertyModel.java wave12b logging/logback+structured [20:40]
2026-08-09T17:16:29Z DONE core/spring-boot/src/main/java/org/springframework/boot/logging/logback/SpringPropertyModelHandler.java wave12b logging/logback+structured [20:40]
2026-08-09T17:16:29Z DONE core/spring-boot/src/main/java/org/springframework/boot/logging/logback/StructuredLogEncoder.java wave12b logging/logback+structured [20:40]
2026-08-09T17:16:29Z DONE core/spring-boot/src/main/java/org/springframework/boot/logging/logback/SystemStatusListener.java wave12b logging/logback+structured [20:40]
2026-08-09T17:16:29Z DONE core/spring-boot/src/main/java/org/springframework/boot/logging/logback/WhitespaceThrowableProxyConverter.java wave12b logging/logback+structured [20:40]
2026-08-09T17:16:29Z DONE core/spring-boot/src/main/java/org/springframework/boot/logging/structured/CommonStructuredLogFormat.java wave12b logging/logback+structured [20:40]
2026-08-09T17:16:29Z DONE core/spring-boot/src/main/java/org/springframework/boot/logging/structured/ContextPairs.java wave12b logging/logback+structured [20:40]
2026-08-09T17:16:29Z DONE core/spring-boot/src/main/java/org/springframework/boot/logging/structured/ElasticCommonSchemaProperties.java wave12b logging/logback+structured [20:40]
2026-08-09T17:16:29Z DONE core/spring-boot/src/main/java/org/springframework/boot/logging/structured/GraylogExtendedLogFormatProperties.java wave12b logging/logback+structured [20:40]
2026-08-09T17:16:29Z DONE core/spring-boot/src/main/java/org/springframework/boot/logging/structured/JsonWriterStructuredLogFormatter.java wave12b logging/logback+structured [20:40]
2026-08-09T17:16:29Z DONE core/spring-boot/src/main/java/org/springframework/boot/logging/structured/StructuredLogFormatter.java wave12b logging/logback+structured [20:40]
2026-08-09T17:16:29Z DONE core/spring-boot/src/main/java/org/springframework/boot/logging/structured/StructuredLogFormatterFactory.java wave12b logging/logback+structured [20:40]
2026-08-09T17:16:29Z DONE core/spring-boot/src/main/java/org/springframework/boot/logging/structured/StructuredLoggingJsonMembersCustomizer.java wave12b logging/logback+structured [20:40]
2026-08-09T17:16:29Z DONE core/spring-boot/src/main/java/org/springframework/boot/logging/structured/StructuredLoggingJsonProperties.java wave12b logging/logback+structured [20:40]
2026-08-09T17:16:29Z DONE core/spring-boot/src/main/java/org/springframework/boot/logging/structured/StructuredLoggingJsonPropertiesBeanFactoryInitializationAotProcessor.java wave12b logging/logback+structured [20:40]
2026-08-09T17:16:29Z DONE core/spring-boot/src/main/java/org/springframework/boot/logging/log4j2/SpringEnvironmentPropertySource.java wave12a [0:20]
2026-08-09T17:16:29Z DONE core/spring-boot/src/main/java/org/springframework/boot/logging/log4j2/SpringProfileArbiter.java wave12a [0:20]
2026-08-09T17:16:29Z DONE core/spring-boot/src/main/java/org/springframework/boot/logging/log4j2/StructuredLogLayout.java wave12a [0:20]
2026-08-09T17:16:29Z DONE core/spring-boot/src/main/java/org/springframework/boot/logging/log4j2/StructuredMessage.java wave12a [0:20]
2026-08-09T17:16:29Z DONE core/spring-boot/src/main/java/org/springframework/boot/logging/log4j2/WhitespaceThrowablePatternConverter.java wave12a [0:20]
2026-08-09T17:16:29Z DONE core/spring-boot/src/main/java/org/springframework/boot/logging/logback/ColorConverter.java wave12a [0:20]
2026-08-09T17:16:29Z DONE core/spring-boot/src/main/java/org/springframework/boot/logging/logback/CorrelationIdConverter.java wave12a [0:20]
2026-08-09T17:16:29Z DONE core/spring-boot/src/main/java/org/springframework/boot/logging/logback/DebugLogbackConfigurator.java wave12a [0:20]
2026-08-09T17:16:29Z DONE core/spring-boot/src/main/java/org/springframework/boot/logging/logback/DefaultLogbackConfiguration.java wave12a [0:20]
2026-08-09T17:16:29Z DONE core/spring-boot/src/main/java/org/springframework/boot/logging/logback/ElasticCommonSchemaStructuredLogFormatter.java wave12a [0:20]
2026-08-09T17:16:29Z DONE core/spring-boot/src/main/java/org/springframework/boot/logging/logback/EnclosedInSquareBracketsConverter.java wave12a [0:20]
2026-08-09T17:16:29Z DONE core/spring-boot/src/main/java/org/springframework/boot/logging/logback/ExtendedWhitespaceThrowableProxyConverter.java wave12a [0:20]
2026-08-09T17:16:29Z DONE core/spring-boot/src/main/java/org/springframework/boot/logging/logback/Extractor.java wave12a [0:20]
2026-08-09T17:16:29Z DONE core/spring-boot/src/main/java/org/springframework/boot/logging/logback/GraylogExtendedLogFormatStructuredLogFormatter.java wave12a [0:20]
2026-08-09T17:16:29Z DONE core/spring-boot/src/main/java/org/springframework/boot/logging/logback/LogbackConfigurator.java wave12a [0:20]
2026-08-09T17:16:29Z DONE core/spring-boot/src/main/java/org/springframework/boot/logging/logback/LogbackLoggingSystemProperties.java wave12a [0:20]
2026-08-09T17:16:29Z DONE core/spring-boot/src/main/java/org/springframework/boot/logging/logback/LogbackRuntimeHints.java wave12a [0:20]
2026-08-09T17:16:29Z DONE core/spring-boot/src/main/java/org/springframework/boot/logging/logback/LogstashStructuredLogFormatter.java wave12a [0:20]
2026-08-09T17:16:29Z DONE core/spring-boot/src/main/java/org/springframework/boot/logging/logback/RollingPolicySystemProperty.java wave12a [0:20]
2026-08-09T17:16:29Z DONE core/spring-boot/src/main/java/org/springframework/boot/logging/logback/RootLogLevelConfigurator.java wave12a [0:20]
2026-08-09T17:17:32Z DONE core/spring-boot/src/main/java/org/springframework/boot/logging/logback/SpringProfileAction.java wave12b logging/logback+structured [20:40]
2026-08-09T17:17:32Z DONE core/spring-boot/src/main/java/org/springframework/boot/logging/logback/SpringProfileIfNestedWithinSecondPhaseElementSanityChecker.java wave12b logging/logback+structured [20:40]
2026-08-09T17:17:32Z DONE core/spring-boot/src/main/java/org/springframework/boot/logging/logback/SpringProfileModel.java wave12b logging/logback+structured [20:40]
2026-08-09T17:17:32Z DONE core/spring-boot/src/main/java/org/springframework/boot/logging/logback/SpringProfileModelHandler.java wave12b logging/logback+structured [20:40]
2026-08-09T17:17:32Z DONE core/spring-boot/src/main/java/org/springframework/boot/logging/logback/SpringPropertyAction.java wave12b logging/logback+structured [20:40]
2026-08-09T17:17:32Z DONE core/spring-boot/src/main/java/org/springframework/boot/logging/logback/SpringPropertyModel.java wave12b logging/logback+structured [20:40]
2026-08-09T17:17:32Z DONE core/spring-boot/src/main/java/org/springframework/boot/logging/logback/SpringPropertyModelHandler.java wave12b logging/logback+structured [20:40]
2026-08-09T17:17:32Z DONE core/spring-boot/src/main/java/org/springframework/boot/logging/logback/StructuredLogEncoder.java wave12b logging/logback+structured [20:40]
2026-08-09T17:17:32Z DONE core/spring-boot/src/main/java/org/springframework/boot/logging/logback/SystemStatusListener.java wave12b logging/logback+structured [20:40]
2026-08-09T17:17:32Z DONE core/spring-boot/src/main/java/org/springframework/boot/logging/logback/WhitespaceThrowableProxyConverter.java wave12b logging/logback+structured [20:40]
2026-08-09T17:17:32Z DONE core/spring-boot/src/main/java/org/springframework/boot/logging/structured/CommonStructuredLogFormat.java wave12b logging/logback+structured [20:40]
2026-08-09T17:17:32Z DONE core/spring-boot/src/main/java/org/springframework/boot/logging/structured/ContextPairs.java wave12b logging/logback+structured [20:40]
2026-08-09T17:17:32Z DONE core/spring-boot/src/main/java/org/springframework/boot/logging/structured/ElasticCommonSchemaProperties.java wave12b logging/logback+structured [20:40]
2026-08-09T17:17:32Z DONE core/spring-boot/src/main/java/org/springframework/boot/logging/structured/GraylogExtendedLogFormatProperties.java wave12b logging/logback+structured [20:40]
2026-08-09T17:17:32Z DONE core/spring-boot/src/main/java/org/springframework/boot/logging/structured/JsonWriterStructuredLogFormatter.java wave12b logging/logback+structured [20:40]
2026-08-09T17:17:32Z DONE core/spring-boot/src/main/java/org/springframework/boot/logging/structured/StructuredLogFormatter.java wave12b logging/logback+structured [20:40]
2026-08-09T17:17:32Z DONE core/spring-boot/src/main/java/org/springframework/boot/logging/structured/StructuredLogFormatterFactory.java wave12b logging/logback+structured [20:40]
2026-08-09T17:17:32Z DONE core/spring-boot/src/main/java/org/springframework/boot/logging/structured/StructuredLoggingJsonMembersCustomizer.java wave12b logging/logback+structured [20:40]
2026-08-09T17:17:32Z DONE core/spring-boot/src/main/java/org/springframework/boot/logging/structured/StructuredLoggingJsonProperties.java wave12b logging/logback+structured [20:40]
2026-08-09T17:17:32Z DONE core/spring-boot/src/main/java/org/springframework/boot/logging/structured/StructuredLoggingJsonPropertiesBeanFactoryInitializationAotProcessor.java wave12b logging/logback+structured [20:40]
2026-08-09T17:17:47Z DONE core/spring-boot/src/main/java/org/springframework/boot/logging/log4j2/SpringEnvironmentPropertySource.java wave12a [0:20]
2026-08-09T17:17:47Z DONE core/spring-boot/src/main/java/org/springframework/boot/logging/log4j2/SpringProfileArbiter.java wave12a [0:20]
2026-08-09T17:17:47Z DONE core/spring-boot/src/main/java/org/springframework/boot/logging/log4j2/StructuredLogLayout.java wave12a [0:20]
2026-08-09T17:17:47Z DONE core/spring-boot/src/main/java/org/springframework/boot/logging/log4j2/StructuredMessage.java wave12a [0:20]
2026-08-09T17:17:47Z DONE core/spring-boot/src/main/java/org/springframework/boot/logging/log4j2/WhitespaceThrowablePatternConverter.java wave12a [0:20]
2026-08-09T17:17:47Z DONE core/spring-boot/src/main/java/org/springframework/boot/logging/logback/ColorConverter.java wave12a [0:20]
2026-08-09T17:17:47Z DONE core/spring-boot/src/main/java/org/springframework/boot/logging/logback/CorrelationIdConverter.java wave12a [0:20]
2026-08-09T17:17:47Z DONE core/spring-boot/src/main/java/org/springframework/boot/logging/logback/DebugLogbackConfigurator.java wave12a [0:20]
2026-08-09T17:17:47Z DONE core/spring-boot/src/main/java/org/springframework/boot/logging/logback/DefaultLogbackConfiguration.java wave12a [0:20]
2026-08-09T17:17:47Z DONE core/spring-boot/src/main/java/org/springframework/boot/logging/logback/ElasticCommonSchemaStructuredLogFormatter.java wave12a [0:20]
2026-08-09T17:17:47Z DONE core/spring-boot/src/main/java/org/springframework/boot/logging/logback/EnclosedInSquareBracketsConverter.java wave12a [0:20]
2026-08-09T17:17:47Z DONE core/spring-boot/src/main/java/org/springframework/boot/logging/logback/ExtendedWhitespaceThrowableProxyConverter.java wave12a [0:20]
2026-08-09T17:17:47Z DONE core/spring-boot/src/main/java/org/springframework/boot/logging/logback/Extractor.java wave12a [0:20]
2026-08-09T17:17:47Z DONE core/spring-boot/src/main/java/org/springframework/boot/logging/logback/GraylogExtendedLogFormatStructuredLogFormatter.java wave12a [0:20]
2026-08-09T17:17:47Z DONE core/spring-boot/src/main/java/org/springframework/boot/logging/logback/LogbackConfigurator.java wave12a [0:20]
2026-08-09T17:17:47Z DONE core/spring-boot/src/main/java/org/springframework/boot/logging/logback/LogbackLoggingSystemProperties.java wave12a [0:20]
2026-08-09T17:17:47Z DONE core/spring-boot/src/main/java/org/springframework/boot/logging/logback/LogbackRuntimeHints.java wave12a [0:20]
2026-08-09T17:17:47Z DONE core/spring-boot/src/main/java/org/springframework/boot/logging/logback/LogstashStructuredLogFormatter.java wave12a [0:20]
2026-08-09T17:17:47Z DONE core/spring-boot/src/main/java/org/springframework/boot/logging/logback/RollingPolicySystemProperty.java wave12a [0:20]
2026-08-09T17:17:47Z DONE core/spring-boot/src/main/java/org/springframework/boot/logging/logback/RootLogLevelConfigurator.java wave12a [0:20]
2026-08-09T17:18:30Z DONE core/spring-boot/src/main/java/org/springframework/boot/logging/log4j2/SpringEnvironmentPropertySource.java wave12a [0:20]
2026-08-09T17:18:30Z DONE core/spring-boot/src/main/java/org/springframework/boot/logging/log4j2/SpringProfileArbiter.java wave12a [0:20]
2026-08-09T17:18:30Z DONE core/spring-boot/src/main/java/org/springframework/boot/logging/log4j2/StructuredLogLayout.java wave12a [0:20]
2026-08-09T17:18:30Z DONE core/spring-boot/src/main/java/org/springframework/boot/logging/log4j2/StructuredMessage.java wave12a [0:20]
2026-08-09T17:18:30Z DONE core/spring-boot/src/main/java/org/springframework/boot/logging/log4j2/WhitespaceThrowablePatternConverter.java wave12a [0:20]
2026-08-09T17:18:30Z DONE core/spring-boot/src/main/java/org/springframework/boot/logging/logback/ColorConverter.java wave12a [0:20]
2026-08-09T17:18:30Z DONE core/spring-boot/src/main/java/org/springframework/boot/logging/logback/CorrelationIdConverter.java wave12a [0:20]
2026-08-09T17:18:30Z DONE core/spring-boot/src/main/java/org/springframework/boot/logging/logback/DebugLogbackConfigurator.java wave12a [0:20]
2026-08-09T17:18:30Z DONE core/spring-boot/src/main/java/org/springframework/boot/logging/logback/DefaultLogbackConfiguration.java wave12a [0:20]
2026-08-09T17:18:30Z DONE core/spring-boot/src/main/java/org/springframework/boot/logging/logback/ElasticCommonSchemaStructuredLogFormatter.java wave12a [0:20]
2026-08-09T17:18:30Z DONE core/spring-boot/src/main/java/org/springframework/boot/logging/logback/EnclosedInSquareBracketsConverter.java wave12a [0:20]
2026-08-09T17:18:30Z DONE core/spring-boot/src/main/java/org/springframework/boot/logging/logback/ExtendedWhitespaceThrowableProxyConverter.java wave12a [0:20]
2026-08-09T17:18:30Z DONE core/spring-boot/src/main/java/org/springframework/boot/logging/logback/Extractor.java wave12a [0:20]
2026-08-09T17:18:30Z DONE core/spring-boot/src/main/java/org/springframework/boot/logging/logback/GraylogExtendedLogFormatStructuredLogFormatter.java wave12a [0:20]
2026-08-09T17:18:30Z DONE core/spring-boot/src/main/java/org/springframework/boot/logging/logback/LogbackConfigurator.java wave12a [0:20]
2026-08-09T17:18:30Z DONE core/spring-boot/src/main/java/org/springframework/boot/logging/logback/LogbackLoggingSystemProperties.java wave12a [0:20]
2026-08-09T17:18:30Z DONE core/spring-boot/src/main/java/org/springframework/boot/logging/logback/LogbackRuntimeHints.java wave12a [0:20]
2026-08-09T17:18:30Z DONE core/spring-boot/src/main/java/org/springframework/boot/logging/logback/LogstashStructuredLogFormatter.java wave12a [0:20]
2026-08-09T17:18:30Z DONE core/spring-boot/src/main/java/org/springframework/boot/logging/logback/RollingPolicySystemProperty.java wave12a [0:20]
2026-08-09T17:18:30Z DONE core/spring-boot/src/main/java/org/springframework/boot/logging/logback/RootLogLevelConfigurator.java wave12a [0:20]
2026-08-09T17:19:05Z DONE core/spring-boot/src/main/java/org/springframework/boot/logging/logback/SpringProfileAction.java wave12b logging/logback+structured [20:40]
2026-08-09T17:19:05Z DONE core/spring-boot/src/main/java/org/springframework/boot/logging/logback/SpringProfileIfNestedWithinSecondPhaseElementSanityChecker.java wave12b logging/logback+structured [20:40]
2026-08-09T17:19:05Z DONE core/spring-boot/src/main/java/org/springframework/boot/logging/logback/SpringProfileModel.java wave12b logging/logback+structured [20:40]
2026-08-09T17:19:05Z DONE core/spring-boot/src/main/java/org/springframework/boot/logging/logback/SpringProfileModelHandler.java wave12b logging/logback+structured [20:40]
2026-08-09T17:19:05Z DONE core/spring-boot/src/main/java/org/springframework/boot/logging/logback/SpringPropertyAction.java wave12b logging/logback+structured [20:40]
2026-08-09T17:19:05Z DONE core/spring-boot/src/main/java/org/springframework/boot/logging/logback/SpringPropertyModel.java wave12b logging/logback+structured [20:40]
2026-08-09T17:19:05Z DONE core/spring-boot/src/main/java/org/springframework/boot/logging/logback/SpringPropertyModelHandler.java wave12b logging/logback+structured [20:40]
2026-08-09T17:19:05Z DONE core/spring-boot/src/main/java/org/springframework/boot/logging/logback/StructuredLogEncoder.java wave12b logging/logback+structured [20:40]
2026-08-09T17:19:05Z DONE core/spring-boot/src/main/java/org/springframework/boot/logging/logback/SystemStatusListener.java wave12b logging/logback+structured [20:40]
2026-08-09T17:19:05Z DONE core/spring-boot/src/main/java/org/springframework/boot/logging/logback/WhitespaceThrowableProxyConverter.java wave12b logging/logback+structured [20:40]
2026-08-09T17:19:05Z DONE core/spring-boot/src/main/java/org/springframework/boot/logging/structured/CommonStructuredLogFormat.java wave12b logging/logback+structured [20:40]
2026-08-09T17:19:05Z DONE core/spring-boot/src/main/java/org/springframework/boot/logging/structured/ContextPairs.java wave12b logging/logback+structured [20:40]
2026-08-09T17:19:05Z DONE core/spring-boot/src/main/java/org/springframework/boot/logging/structured/ElasticCommonSchemaProperties.java wave12b logging/logback+structured [20:40]
2026-08-09T17:19:05Z DONE core/spring-boot/src/main/java/org/springframework/boot/logging/structured/GraylogExtendedLogFormatProperties.java wave12b logging/logback+structured [20:40]
2026-08-09T17:19:05Z DONE core/spring-boot/src/main/java/org/springframework/boot/logging/structured/JsonWriterStructuredLogFormatter.java wave12b logging/logback+structured [20:40]
2026-08-09T17:19:05Z DONE core/spring-boot/src/main/java/org/springframework/boot/logging/structured/StructuredLogFormatter.java wave12b logging/logback+structured [20:40]
2026-08-09T17:19:05Z DONE core/spring-boot/src/main/java/org/springframework/boot/logging/structured/StructuredLogFormatterFactory.java wave12b logging/logback+structured [20:40]
2026-08-09T17:19:05Z DONE core/spring-boot/src/main/java/org/springframework/boot/logging/structured/StructuredLoggingJsonMembersCustomizer.java wave12b logging/logback+structured [20:40]
2026-08-09T17:19:05Z DONE core/spring-boot/src/main/java/org/springframework/boot/logging/structured/StructuredLoggingJsonProperties.java wave12b logging/logback+structured [20:40]
2026-08-09T17:19:05Z DONE core/spring-boot/src/main/java/org/springframework/boot/logging/structured/StructuredLoggingJsonPropertiesBeanFactoryInitializationAotProcessor.java wave12b logging/logback+structured [20:40]
2026-08-09T17:19:23Z DONE core/spring-boot/src/main/java/org/springframework/boot/logging/log4j2/SpringEnvironmentPropertySource.java wave12a [0:20]
2026-08-09T17:19:23Z DONE core/spring-boot/src/main/java/org/springframework/boot/logging/log4j2/SpringProfileArbiter.java wave12a [0:20]
2026-08-09T17:19:23Z DONE core/spring-boot/src/main/java/org/springframework/boot/logging/log4j2/StructuredLogLayout.java wave12a [0:20]
2026-08-09T17:19:23Z DONE core/spring-boot/src/main/java/org/springframework/boot/logging/log4j2/StructuredMessage.java wave12a [0:20]
2026-08-09T17:19:23Z DONE core/spring-boot/src/main/java/org/springframework/boot/logging/log4j2/WhitespaceThrowablePatternConverter.java wave12a [0:20]
2026-08-09T17:19:23Z DONE core/spring-boot/src/main/java/org/springframework/boot/logging/logback/ColorConverter.java wave12a [0:20]
2026-08-09T17:19:23Z DONE core/spring-boot/src/main/java/org/springframework/boot/logging/logback/CorrelationIdConverter.java wave12a [0:20]
2026-08-09T17:19:23Z DONE core/spring-boot/src/main/java/org/springframework/boot/logging/logback/DebugLogbackConfigurator.java wave12a [0:20]
2026-08-09T17:19:23Z DONE core/spring-boot/src/main/java/org/springframework/boot/logging/logback/DefaultLogbackConfiguration.java wave12a [0:20]
2026-08-09T17:19:23Z DONE core/spring-boot/src/main/java/org/springframework/boot/logging/logback/ElasticCommonSchemaStructuredLogFormatter.java wave12a [0:20]
2026-08-09T17:19:23Z DONE core/spring-boot/src/main/java/org/springframework/boot/logging/logback/EnclosedInSquareBracketsConverter.java wave12a [0:20]
2026-08-09T17:19:23Z DONE core/spring-boot/src/main/java/org/springframework/boot/logging/logback/ExtendedWhitespaceThrowableProxyConverter.java wave12a [0:20]
2026-08-09T17:19:23Z DONE core/spring-boot/src/main/java/org/springframework/boot/logging/logback/Extractor.java wave12a [0:20]
2026-08-09T17:19:23Z DONE core/spring-boot/src/main/java/org/springframework/boot/logging/logback/GraylogExtendedLogFormatStructuredLogFormatter.java wave12a [0:20]
2026-08-09T17:19:23Z DONE core/spring-boot/src/main/java/org/springframework/boot/logging/logback/LogbackConfigurator.java wave12a [0:20]
2026-08-09T17:19:23Z DONE core/spring-boot/src/main/java/org/springframework/boot/logging/logback/LogbackLoggingSystemProperties.java wave12a [0:20]
2026-08-09T17:19:23Z DONE core/spring-boot/src/main/java/org/springframework/boot/logging/logback/LogbackRuntimeHints.java wave12a [0:20]
2026-08-09T17:19:23Z DONE core/spring-boot/src/main/java/org/springframework/boot/logging/logback/LogstashStructuredLogFormatter.java wave12a [0:20]
2026-08-09T17:19:23Z DONE core/spring-boot/src/main/java/org/springframework/boot/logging/logback/RollingPolicySystemProperty.java wave12a [0:20]
2026-08-09T17:19:23Z DONE core/spring-boot/src/main/java/org/springframework/boot/logging/logback/RootLogLevelConfigurator.java wave12a [0:20]
2026-08-09T17:19:39Z DONE core/spring-boot/src/main/java/org/springframework/boot/logging/logback/SpringProfileAction.java wave12b logging/logback+structured [20:40]
2026-08-09T17:19:39Z DONE core/spring-boot/src/main/java/org/springframework/boot/logging/logback/SpringProfileIfNestedWithinSecondPhaseElementSanityChecker.java wave12b logging/logback+structured [20:40]
2026-08-09T17:19:39Z DONE core/spring-boot/src/main/java/org/springframework/boot/logging/logback/SpringProfileModel.java wave12b logging/logback+structured [20:40]
2026-08-09T17:19:39Z DONE core/spring-boot/src/main/java/org/springframework/boot/logging/logback/SpringProfileModelHandler.java wave12b logging/logback+structured [20:40]
2026-08-09T17:19:39Z DONE core/spring-boot/src/main/java/org/springframework/boot/logging/logback/SpringPropertyAction.java wave12b logging/logback+structured [20:40]
2026-08-09T17:19:39Z DONE core/spring-boot/src/main/java/org/springframework/boot/logging/logback/SpringPropertyModel.java wave12b logging/logback+structured [20:40]
2026-08-09T17:19:39Z DONE core/spring-boot/src/main/java/org/springframework/boot/logging/logback/SpringPropertyModelHandler.java wave12b logging/logback+structured [20:40]
2026-08-09T17:19:39Z DONE core/spring-boot/src/main/java/org/springframework/boot/logging/logback/StructuredLogEncoder.java wave12b logging/logback+structured [20:40]
2026-08-09T17:19:39Z DONE core/spring-boot/src/main/java/org/springframework/boot/logging/logback/SystemStatusListener.java wave12b logging/logback+structured [20:40]
2026-08-09T17:19:39Z DONE core/spring-boot/src/main/java/org/springframework/boot/logging/logback/WhitespaceThrowableProxyConverter.java wave12b logging/logback+structured [20:40]
2026-08-09T17:19:39Z DONE core/spring-boot/src/main/java/org/springframework/boot/logging/structured/CommonStructuredLogFormat.java wave12b logging/logback+structured [20:40]
2026-08-09T17:19:39Z DONE core/spring-boot/src/main/java/org/springframework/boot/logging/structured/ContextPairs.java wave12b logging/logback+structured [20:40]
2026-08-09T17:19:39Z DONE core/spring-boot/src/main/java/org/springframework/boot/logging/structured/ElasticCommonSchemaProperties.java wave12b logging/logback+structured [20:40]
2026-08-09T17:19:39Z DONE core/spring-boot/src/main/java/org/springframework/boot/logging/structured/GraylogExtendedLogFormatProperties.java wave12b logging/logback+structured [20:40]
2026-08-09T17:19:39Z DONE core/spring-boot/src/main/java/org/springframework/boot/logging/structured/JsonWriterStructuredLogFormatter.java wave12b logging/logback+structured [20:40]
2026-08-09T17:19:39Z DONE core/spring-boot/src/main/java/org/springframework/boot/logging/structured/StructuredLogFormatter.java wave12b logging/logback+structured [20:40]
2026-08-09T17:19:39Z DONE core/spring-boot/src/main/java/org/springframework/boot/logging/structured/StructuredLogFormatterFactory.java wave12b logging/logback+structured [20:40]
2026-08-09T17:19:39Z DONE core/spring-boot/src/main/java/org/springframework/boot/logging/structured/StructuredLoggingJsonMembersCustomizer.java wave12b logging/logback+structured [20:40]
2026-08-09T17:19:39Z DONE core/spring-boot/src/main/java/org/springframework/boot/logging/structured/StructuredLoggingJsonProperties.java wave12b logging/logback+structured [20:40]
2026-08-09T17:19:39Z DONE core/spring-boot/src/main/java/org/springframework/boot/logging/structured/StructuredLoggingJsonPropertiesBeanFactoryInitializationAotProcessor.java wave12b logging/logback+structured [20:40]
2026-08-09T17:24:07Z DONE core/spring-boot/src/main/java/org/springframework/boot/logging/structured/StructuredLoggingJsonPropertiesJsonMembersCustomizer.java wave13a origin/ssl [0:20]
2026-08-09T17:24:07Z DONE core/spring-boot/src/main/java/org/springframework/boot/origin/JarUri.java wave13a origin/ssl [0:20]
2026-08-09T17:24:07Z DONE core/spring-boot/src/main/java/org/springframework/boot/origin/Origin.java wave13a origin/ssl [0:20]
2026-08-09T17:24:07Z DONE core/spring-boot/src/main/java/org/springframework/boot/origin/OriginLookup.java wave13a origin/ssl [0:20]
2026-08-09T17:24:07Z DONE core/spring-boot/src/main/java/org/springframework/boot/origin/OriginProvider.java wave13a origin/ssl [0:20]
2026-08-09T17:24:07Z DONE core/spring-boot/src/main/java/org/springframework/boot/origin/OriginTrackedResource.java wave13a origin/ssl [0:20]
2026-08-09T17:24:07Z DONE core/spring-boot/src/main/java/org/springframework/boot/origin/OriginTrackedValue.java wave13a origin/ssl [0:20]
2026-08-09T17:24:07Z DONE core/spring-boot/src/main/java/org/springframework/boot/origin/PropertySourceOrigin.java wave13a origin/ssl [0:20]
2026-08-09T17:24:07Z DONE core/spring-boot/src/main/java/org/springframework/boot/origin/SystemEnvironmentOrigin.java wave13a origin/ssl [0:20]
2026-08-09T17:24:07Z DONE core/spring-boot/src/main/java/org/springframework/boot/origin/TextResourceOrigin.java wave13a origin/ssl [0:20]
2026-08-09T17:24:07Z DONE core/spring-boot/src/main/java/org/springframework/boot/retry/RetryPolicySettings.java wave13a origin/ssl [0:20]
2026-08-09T17:24:07Z DONE core/spring-boot/src/main/java/org/springframework/boot/ssl/AliasKeyManagerFactory.java wave13a origin/ssl [0:20]
2026-08-09T17:24:07Z DONE core/spring-boot/src/main/java/org/springframework/boot/ssl/DefaultSslBundleRegistry.java wave13a origin/ssl [0:20]
2026-08-09T17:24:07Z DONE core/spring-boot/src/main/java/org/springframework/boot/ssl/DefaultSslManagerBundle.java wave13a origin/ssl [0:20]
2026-08-09T17:24:07Z DONE core/spring-boot/src/main/java/org/springframework/boot/ssl/FixedTrustManagerFactory.java wave13a origin/ssl [0:20]
2026-08-09T17:24:07Z DONE core/spring-boot/src/main/java/org/springframework/boot/ssl/NoSuchSslBundleException.java wave13a origin/ssl [0:20]
2026-08-09T17:24:07Z DONE core/spring-boot/src/main/java/org/springframework/boot/ssl/SslBundle.java wave13a origin/ssl [0:20]
2026-08-09T17:24:07Z DONE core/spring-boot/src/main/java/org/springframework/boot/ssl/SslBundleKey.java wave13a origin/ssl [0:20]
2026-08-09T17:24:07Z DONE core/spring-boot/src/main/java/org/springframework/boot/ssl/SslBundleRegistry.java wave13a origin/ssl [0:20]
2026-08-09T17:24:07Z DONE core/spring-boot/src/main/java/org/springframework/boot/ssl/SslBundles.java wave13a origin/ssl [0:20]
2026-08-09T17:24:16Z DONE core/spring-boot/src/main/java/org/springframework/boot/ssl/SslManagerBundle.java wave13b ssl-pem/env-postprocessors [20:40]
2026-08-09T17:24:16Z DONE core/spring-boot/src/main/java/org/springframework/boot/ssl/SslOptions.java wave13b ssl-pem/env-postprocessors [20:40]
2026-08-09T17:24:16Z DONE core/spring-boot/src/main/java/org/springframework/boot/ssl/SslStoreBundle.java wave13b ssl-pem/env-postprocessors [20:40]
2026-08-09T17:24:16Z DONE core/spring-boot/src/main/java/org/springframework/boot/ssl/jks/JksSslStoreBundle.java wave13b ssl-pem/env-postprocessors [20:40]
2026-08-09T17:24:16Z DONE core/spring-boot/src/main/java/org/springframework/boot/ssl/jks/JksSslStoreDetails.java wave13b ssl-pem/env-postprocessors [20:40]
2026-08-09T17:24:16Z DONE core/spring-boot/src/main/java/org/springframework/boot/ssl/pem/LoadedPemSslStore.java wave13b ssl-pem/env-postprocessors [20:40]
2026-08-09T17:24:16Z DONE core/spring-boot/src/main/java/org/springframework/boot/ssl/pem/PemCertificateParser.java wave13b ssl-pem/env-postprocessors [20:40]
2026-08-09T17:24:16Z DONE core/spring-boot/src/main/java/org/springframework/boot/ssl/pem/PemContent.java wave13b ssl-pem/env-postprocessors [20:40]
2026-08-09T17:24:16Z DONE core/spring-boot/src/main/java/org/springframework/boot/ssl/pem/PemSslStore.java wave13b ssl-pem/env-postprocessors [20:40]
2026-08-09T17:24:16Z DONE core/spring-boot/src/main/java/org/springframework/boot/ssl/pem/PemSslStoreBundle.java wave13b ssl-pem/env-postprocessors [20:40]
2026-08-09T17:24:16Z DONE core/spring-boot/src/main/java/org/springframework/boot/ssl/pem/PemSslStoreDetails.java wave13b ssl-pem/env-postprocessors [20:40]
2026-08-09T17:24:16Z DONE core/spring-boot/src/main/java/org/springframework/boot/support/AnsiOutputApplicationListener.java wave13b ssl-pem/env-postprocessors [20:40]
2026-08-09T17:24:16Z DONE core/spring-boot/src/main/java/org/springframework/boot/support/EnvironmentPostProcessorApplicationListener.java wave13b ssl-pem/env-postprocessors [20:40]
2026-08-09T17:24:16Z DONE core/spring-boot/src/main/java/org/springframework/boot/support/EnvironmentPostProcessorsFactory.java wave13b ssl-pem/env-postprocessors [20:40]
2026-08-09T17:24:16Z DONE core/spring-boot/src/main/java/org/springframework/boot/support/RandomValuePropertySourceEnvironmentPostProcessor.java wave13b ssl-pem/env-postprocessors [20:40]
2026-08-09T17:24:16Z DONE core/spring-boot/src/main/java/org/springframework/boot/support/ReflectionEnvironmentPostProcessorsFactory.java wave13b ssl-pem/env-postprocessors [20:40]
2026-08-09T17:24:16Z DONE core/spring-boot/src/main/java/org/springframework/boot/support/SpringApplicationJsonEnvironmentPostProcessor.java wave13b ssl-pem/env-postprocessors [20:40]
2026-08-09T17:24:16Z DONE core/spring-boot/src/main/java/org/springframework/boot/support/SpringFactoriesEnvironmentPostProcessorsFactory.java wave13b ssl-pem/env-postprocessors [20:40]
2026-08-09T17:24:16Z DONE core/spring-boot/src/main/java/org/springframework/boot/support/SystemEnvironmentPropertySourceEnvironmentPostProcessor.java wave13b ssl-pem/env-postprocessors [20:40]
2026-08-09T17:24:16Z DONE core/spring-boot/src/main/java/org/springframework/boot/system/ApplicationHome.java wave13b ssl-pem/env-postprocessors [20:40]
2026-08-09T17:29:28Z DONE core/spring-boot/src/main/java/org/springframework/boot/web/context/reactive/ConfigurableReactiveWebEnvironment.java wave14b reactive/servlet/error/filter [20:40]
2026-08-09T17:29:28Z DONE core/spring-boot/src/main/java/org/springframework/boot/web/context/reactive/FilteredReactiveWebContextResource.java wave14b reactive/servlet/error/filter [20:40]
2026-08-09T17:29:28Z DONE core/spring-boot/src/main/java/org/springframework/boot/web/context/reactive/FilteredReactiveWebContextResourceFilePathResolver.java wave14b reactive/servlet/error/filter [20:40]
2026-08-09T17:29:28Z DONE core/spring-boot/src/main/java/org/springframework/boot/web/context/reactive/GenericReactiveWebApplicationContext.java wave14b reactive/servlet/error/filter [20:40]
2026-08-09T17:29:28Z DONE core/spring-boot/src/main/java/org/springframework/boot/web/context/reactive/ReactiveWebApplicationContext.java wave14b reactive/servlet/error/filter [20:40]
2026-08-09T17:29:28Z DONE core/spring-boot/src/main/java/org/springframework/boot/web/context/reactive/StandardReactiveWebEnvironment.java wave14b reactive/servlet/error/filter [20:40]
2026-08-09T17:29:28Z DONE core/spring-boot/src/main/java/org/springframework/boot/web/context/servlet/AnnotationConfigServletWebApplicationContext.java wave14b reactive/servlet/error/filter [20:40]
2026-08-09T17:29:28Z DONE core/spring-boot/src/main/java/org/springframework/boot/web/context/servlet/ApplicationServletEnvironment.java wave14b reactive/servlet/error/filter [20:40]
2026-08-09T17:29:28Z DONE core/spring-boot/src/main/java/org/springframework/boot/web/context/servlet/ServletContextResourceFilePathResolver.java wave14b reactive/servlet/error/filter [20:40]
2026-08-09T17:29:28Z DONE core/spring-boot/src/main/java/org/springframework/boot/web/context/servlet/WebApplicationContextInitializer.java wave14b reactive/servlet/error/filter [20:40]
2026-08-09T17:29:28Z DONE core/spring-boot/src/main/java/org/springframework/boot/web/error/Error.java wave14b reactive/servlet/error/filter [20:40]
2026-08-09T17:29:28Z DONE core/spring-boot/src/main/java/org/springframework/boot/web/error/ErrorAttributeOptions.java wave14b reactive/servlet/error/filter [20:40]
2026-08-09T17:29:28Z DONE core/spring-boot/src/main/java/org/springframework/boot/web/error/ErrorPage.java wave14b reactive/servlet/error/filter [20:40]
2026-08-09T17:29:28Z DONE core/spring-boot/src/main/java/org/springframework/boot/web/error/ErrorPageRegistrar.java wave14b reactive/servlet/error/filter [20:40]
2026-08-09T17:29:28Z DONE core/spring-boot/src/main/java/org/springframework/boot/web/error/ErrorPageRegistrarBeanPostProcessor.java wave14b reactive/servlet/error/filter [20:40]
2026-08-09T17:29:28Z DONE core/spring-boot/src/main/java/org/springframework/boot/web/error/ErrorPageRegistry.java wave14b reactive/servlet/error/filter [20:40]
2026-08-09T17:29:28Z DONE core/spring-boot/src/main/java/org/springframework/boot/web/servlet/AbstractFilterRegistrationBean.java wave14b reactive/servlet/error/filter [20:40]
2026-08-09T17:29:28Z DONE core/spring-boot/src/main/java/org/springframework/boot/web/servlet/DelegatingFilterProxyRegistrationBean.java wave14b reactive/servlet/error/filter [20:40]
2026-08-09T17:29:28Z DONE core/spring-boot/src/main/java/org/springframework/boot/web/servlet/DispatcherType.java wave14b reactive/servlet/error/filter [20:40]
2026-08-09T17:29:28Z DONE core/spring-boot/src/main/java/org/springframework/boot/web/servlet/DynamicRegistrationBean.java wave14b reactive/servlet/error/filter [20:40]
